event_date,user_id,session_id,event_name,feature,model_version,platform
2026-08-01,u_001,20260801_u_001,page_view,表格分析,v2,web
2026-08-01,u_001,20260801_u_001,prompt_submit,表格分析,v2,web
2026-08-01,u_001,20260801_u_001,generation_success,表格分析,v2,web
2026-08-01,u_001,20260801_u_001,result_adopt,表格分析,v2,web
2026-08-01,u_002,20260801_u_002,page_view,文案生成,v2,web
2026-08-01,u_002,20260801_u_002,prompt_submit,文案生成,v2,web
2026-08-01,u_002,20260801_u_002,generation_success,文案生成,v2,web
2026-08-01,u_002,20260801_u_002,result_adopt,文案生成,v2,web
2026-08-01,u_002,20260801_u_002,feature_click,文案生成,v2,web
2026-08-01,u_003,20260801_u_003,page_view,智能问答,v1,web
2026-08-01,u_003,20260801_u_003,prompt_submit,智能问答,v1,web
2026-08-01,u_003,20260801_u_003,generation_success,智能问答,v1,web
2026-08-01,u_003,20260801_u_003,feature_click,智能问答,v1,web
2026-08-01,u_004,20260801_u_004,page_view,文案生成,v2,web
2026-08-01,u_004,20260801_u_004,prompt_submit,文案生成,v2,web
2026-08-01,u_005,20260801_u_005,page_view,智能问答,v1,web
2026-08-01,u_006,20260801_u_006,page_view,文案生成,v1,desktop
2026-08-01,u_006,20260801_u_006,prompt_submit,文案生成,v1,desktop
2026-08-01,u_006,20260801_u_006,generation_success,文案生成,v1,desktop
2026-08-01,u_006,20260801_u_006,result_adopt,文案生成,v1,desktop
2026-08-01,u_006,20260801_u_006,feature_click,文案生成,v1,desktop
2026-08-01,u_007,20260801_u_007,page_view,表格分析,v1,desktop
2026-08-01,u_007,20260801_u_007,prompt_submit,表格分析,v1,desktop
2026-08-01,u_007,20260801_u_007,generation_success,表格分析,v1,desktop
2026-08-01,u_007,20260801_u_007,result_adopt,表格分析,v1,desktop
2026-08-01,u_007,20260801_u_007,feature_click,表格分析,v1,desktop
2026-08-01,u_008,20260801_u_008,page_view,表格分析,v2,desktop
2026-08-01,u_008,20260801_u_008,prompt_submit,表格分析,v2,desktop
2026-08-01,u_008,20260801_u_008,generation_success,表格分析,v2,desktop
2026-08-01,u_008,20260801_u_008,result_adopt,表格分析,v2,desktop
2026-08-01,u_008,20260801_u_008,feature_click,表格分析,v2,desktop
2026-08-01,u_009,20260801_u_009,page_view,文案生成,v2,desktop
2026-08-01,u_009,20260801_u_009,prompt_submit,文案生成,v2,desktop
2026-08-01,u_009,20260801_u_009,generation_success,文案生成,v2,desktop
2026-08-01,u_009,20260801_u_009,feature_click,文案生成,v2,desktop
2026-08-01,u_012,20260801_u_012,page_view,智能问答,v1,web
2026-08-01,u_012,20260801_u_012,prompt_submit,智能问答,v1,web
2026-08-01,u_012,20260801_u_012,generation_success,智能问答,v1,web
2026-08-01,u_012,20260801_u_012,feature_click,智能问答,v1,web
2026-08-01,u_013,20260801_u_013,page_view,智能问答,v1,web
2026-08-01,u_013,20260801_u_013,prompt_submit,智能问答,v1,web
2026-08-01,u_018,20260801_u_018,page_view,智能问答,v1,web
2026-08-01,u_018,20260801_u_018,prompt_submit,智能问答,v1,web
2026-08-01,u_018,20260801_u_018,generation_success,智能问答,v1,web
2026-08-01,u_022,20260801_u_022,page_view,表格分析,v1,desktop
2026-08-01,u_022,20260801_u_022,prompt_submit,表格分析,v1,desktop
2026-08-01,u_022,20260801_u_022,generation_success,表格分析,v1,desktop
2026-08-01,u_022,20260801_u_022,result_adopt,表格分析,v1,desktop
2026-08-01,u_023,20260801_u_023,page_view,表格分析,v2,web
2026-08-01,u_023,20260801_u_023,prompt_submit,表格分析,v2,web
2026-08-01,u_023,20260801_u_023,generation_success,表格分析,v2,web
2026-08-01,u_023,20260801_u_023,feature_click,表格分析,v2,web
2026-08-01,u_024,20260801_u_024,page_view,表格分析,v2,web
2026-08-01,u_025,20260801_u_025,page_view,文案生成,v1,web
2026-08-01,u_026,20260801_u_026,page_view,表格分析,v2,desktop
2026-08-01,u_026,20260801_u_026,prompt_submit,表格分析,v2,desktop
2026-08-01,u_026,20260801_u_026,generation_success,表格分析,v2,desktop
2026-08-01,u_026,20260801_u_026,result_adopt,表格分析,v2,desktop
2026-08-01,u_026,20260801_u_026,feature_click,表格分析,v2,desktop
2026-08-01,u_027,20260801_u_027,page_view,表格分析,v1,desktop
2026-08-01,u_027,20260801_u_027,prompt_submit,表格分析,v1,desktop
2026-08-01,u_027,20260801_u_027,generation_success,表格分析,v1,desktop
2026-08-01,u_027,20260801_u_027,feature_click,表格分析,v1,desktop
2026-08-01,u_028,20260801_u_028,page_view,文案生成,v2,web
2026-08-01,u_028,20260801_u_028,prompt_submit,文案生成,v2,web
2026-08-01,u_028,20260801_u_028,generation_success,文案生成,v2,web
2026-08-01,u_028,20260801_u_028,result_adopt,文案生成,v2,web
2026-08-01,u_028,20260801_u_028,feature_click,文案生成,v2,web
2026-08-01,u_029,20260801_u_029,page_view,智能问答,v2,desktop
2026-08-01,u_030,20260801_u_030,page_view,智能问答,v1,desktop
2026-08-01,u_030,20260801_u_030,prompt_submit,智能问答,v1,desktop
2026-08-01,u_030,20260801_u_030,generation_success,智能问答,v1,desktop
2026-08-01,u_038,20260801_u_038,page_view,智能问答,v1,web
2026-08-01,u_038,20260801_u_038,prompt_submit,智能问答,v1,web
2026-08-01,u_038,20260801_u_038,generation_success,智能问答,v1,web
2026-08-01,u_038,20260801_u_038,feature_click,智能问答,v1,web
2026-08-01,u_042,20260801_u_042,page_view,智能问答,v1,desktop
2026-08-01,u_044,20260801_u_044,page_view,文案生成,v1,web
2026-08-01,u_044,20260801_u_044,prompt_submit,文案生成,v1,web
2026-08-01,u_044,20260801_u_044,generation_success,文案生成,v1,web
2026-08-01,u_044,20260801_u_044,feature_click,文案生成,v1,web
2026-08-01,u_047,20260801_u_047,page_view,智能问答,v1,web
2026-08-01,u_047,20260801_u_047,prompt_submit,智能问答,v1,web
2026-08-01,u_047,20260801_u_047,generation_success,智能问答,v1,web
2026-08-01,u_047,20260801_u_047,result_adopt,智能问答,v1,web
2026-08-01,u_047,20260801_u_047,feature_click,智能问答,v1,web
2026-08-01,u_049,20260801_u_049,page_view,表格分析,v1,web
2026-08-01,u_049,20260801_u_049,prompt_submit,表格分析,v1,web
2026-08-01,u_049,20260801_u_049,generation_success,表格分析,v1,web
2026-08-01,u_049,20260801_u_049,feature_click,表格分析,v1,web
2026-08-01,u_050,20260801_u_050,page_view,表格分析,v1,web
2026-08-01,u_051,20260801_u_051,page_view,智能问答,v1,desktop
2026-08-01,u_056,20260801_u_056,page_view,文案生成,v2,desktop
2026-08-01,u_056,20260801_u_056,prompt_submit,文案生成,v2,desktop
2026-08-01,u_056,20260801_u_056,generation_success,文案生成,v2,desktop
2026-08-01,u_056,20260801_u_056,feature_click,文案生成,v2,desktop
2026-08-01,u_057,20260801_u_057,page_view,文案生成,v2,web
2026-08-01,u_057,20260801_u_057,prompt_submit,文案生成,v2,web
2026-08-01,u_057,20260801_u_057,generation_success,文案生成,v2,web
2026-08-01,u_057,20260801_u_057,feature_click,文案生成,v2,web
2026-08-01,u_061,20260801_u_061,page_view,文案生成,v1,web
2026-08-01,u_061,20260801_u_061,prompt_submit,文案生成,v1,web
2026-08-01,u_061,20260801_u_061,generation_success,文案生成,v1,web
2026-08-01,u_064,20260801_u_064,page_view,文案生成,v1,desktop
2026-08-01,u_064,20260801_u_064,prompt_submit,文案生成,v1,desktop
2026-08-01,u_064,20260801_u_064,generation_success,文案生成,v1,desktop
2026-08-01,u_064,20260801_u_064,result_adopt,文案生成,v1,desktop
2026-08-01,u_065,20260801_u_065,page_view,文案生成,v2,desktop
2026-08-01,u_065,20260801_u_065,prompt_submit,文案生成,v2,desktop
2026-08-01,u_065,20260801_u_065,generation_success,文案生成,v2,desktop
2026-08-01,u_065,20260801_u_065,result_adopt,文案生成,v2,desktop
2026-08-01,u_066,20260801_u_066,page_view,智能问答,v1,desktop
2026-08-01,u_066,20260801_u_066,prompt_submit,智能问答,v1,desktop
2026-08-01,u_066,20260801_u_066,generation_success,智能问答,v1,desktop
2026-08-01,u_067,20260801_u_067,page_view,文案生成,v1,web
2026-08-01,u_067,20260801_u_067,prompt_submit,文案生成,v1,web
2026-08-01,u_067,20260801_u_067,generation_success,文案生成,v1,web
2026-08-01,u_067,20260801_u_067,feature_click,文案生成,v1,web
2026-08-01,u_069,20260801_u_069,page_view,表格分析,v1,web
2026-08-01,u_069,20260801_u_069,prompt_submit,表格分析,v1,web
2026-08-01,u_069,20260801_u_069,generation_success,表格分析,v1,web
2026-08-01,u_069,20260801_u_069,result_adopt,表格分析,v1,web
2026-08-01,u_069,20260801_u_069,feature_click,表格分析,v1,web
2026-08-01,u_071,20260801_u_071,page_view,智能问答,v2,web
2026-08-01,u_071,20260801_u_071,prompt_submit,智能问答,v2,web
2026-08-01,u_071,20260801_u_071,generation_success,智能问答,v2,web
2026-08-01,u_071,20260801_u_071,feature_click,智能问答,v2,web
2026-08-01,u_072,20260801_u_072,page_view,智能问答,v1,web
2026-08-01,u_072,20260801_u_072,prompt_submit,智能问答,v1,web
2026-08-01,u_072,20260801_u_072,generation_success,智能问答,v1,web
2026-08-01,u_075,20260801_u_075,page_view,文案生成,v2,desktop
2026-08-01,u_075,20260801_u_075,prompt_submit,文案生成,v2,desktop
2026-08-01,u_076,20260801_u_076,page_view,表格分析,v2,web
2026-08-01,u_076,20260801_u_076,prompt_submit,表格分析,v2,web
2026-08-01,u_076,20260801_u_076,generation_success,表格分析,v2,web
2026-08-01,u_076,20260801_u_076,feature_click,表格分析,v2,web
2026-08-01,u_078,20260801_u_078,page_view,智能问答,v2,web
2026-08-01,u_079,20260801_u_079,page_view,智能问答,v2,web
2026-08-01,u_079,20260801_u_079,prompt_submit,智能问答,v2,web
2026-08-01,u_079,20260801_u_079,generation_success,智能问答,v2,web
2026-08-01,u_079,20260801_u_079,result_adopt,智能问答,v2,web
2026-08-01,u_080,20260801_u_080,page_view,文案生成,v2,desktop
2026-08-01,u_080,20260801_u_080,prompt_submit,文案生成,v2,desktop
2026-08-01,u_080,20260801_u_080,generation_success,文案生成,v2,desktop
2026-08-01,u_080,20260801_u_080,feature_click,文案生成,v2,desktop
2026-08-01,u_083,20260801_u_083,page_view,文案生成,v2,desktop
2026-08-01,u_083,20260801_u_083,prompt_submit,文案生成,v2,desktop
2026-08-01,u_084,20260801_u_084,page_view,文案生成,v1,web
2026-08-01,u_084,20260801_u_084,prompt_submit,文案生成,v1,web
2026-08-01,u_084,20260801_u_084,generation_success,文案生成,v1,web
2026-08-01,u_085,20260801_u_085,page_view,文案生成,v2,web
2026-08-01,u_085,20260801_u_085,prompt_submit,文案生成,v2,web
2026-08-01,u_085,20260801_u_085,generation_success,文案生成,v2,web
2026-08-01,u_085,20260801_u_085,result_adopt,文案生成,v2,web
2026-08-01,u_085,20260801_u_085,feature_click,文案生成,v2,web
2026-08-01,u_089,20260801_u_089,page_view,表格分析,v2,web
2026-08-01,u_090,20260801_u_090,page_view,智能问答,v2,desktop
2026-08-01,u_091,20260801_u_091,page_view,智能问答,v2,web
2026-08-01,u_091,20260801_u_091,prompt_submit,智能问答,v2,web
2026-08-01,u_091,20260801_u_091,generation_success,智能问答,v2,web
2026-08-01,u_091,20260801_u_091,result_adopt,智能问答,v2,web
2026-08-01,u_091,20260801_u_091,feature_click,智能问答,v2,web
2026-08-01,u_092,20260801_u_092,page_view,智能问答,v2,desktop
2026-08-01,u_092,20260801_u_092,prompt_submit,智能问答,v2,desktop
2026-08-01,u_092,20260801_u_092,generation_success,智能问答,v2,desktop
2026-08-01,u_094,20260801_u_094,page_view,表格分析,v2,desktop
2026-08-01,u_095,20260801_u_095,page_view,表格分析,v2,desktop
2026-08-01,u_095,20260801_u_095,prompt_submit,表格分析,v2,desktop
2026-08-01,u_095,20260801_u_095,generation_success,表格分析,v2,desktop
2026-08-01,u_095,20260801_u_095,result_adopt,表格分析,v2,desktop
2026-08-01,u_095,20260801_u_095,feature_click,表格分析,v2,desktop
2026-08-01,u_096,20260801_u_096,page_view,表格分析,v1,web
2026-08-01,u_097,20260801_u_097,page_view,文案生成,v2,desktop
2026-08-01,u_097,20260801_u_097,prompt_submit,文案生成,v2,desktop
2026-08-01,u_097,20260801_u_097,generation_success,文案生成,v2,desktop
2026-08-01,u_097,20260801_u_097,feature_click,文案生成,v2,desktop
2026-08-01,u_098,20260801_u_098,page_view,表格分析,v1,desktop
2026-08-01,u_098,20260801_u_098,prompt_submit,表格分析,v1,desktop
2026-08-01,u_098,20260801_u_098,generation_success,表格分析,v1,desktop
2026-08-01,u_100,20260801_u_100,page_view,智能问答,v2,desktop
2026-08-01,u_100,20260801_u_100,prompt_submit,智能问答,v2,desktop
2026-08-01,u_100,20260801_u_100,generation_success,智能问答,v2,desktop
2026-08-01,u_100,20260801_u_100,result_adopt,智能问答,v2,desktop
2026-08-01,u_100,20260801_u_100,feature_click,智能问答,v2,desktop
2026-08-01,u_103,20260801_u_103,page_view,文案生成,v2,desktop
2026-08-01,u_103,20260801_u_103,prompt_submit,文案生成,v2,desktop
2026-08-01,u_103,20260801_u_103,generation_success,文案生成,v2,desktop
2026-08-01,u_103,20260801_u_103,feature_click,文案生成,v2,desktop
2026-08-01,u_106,20260801_u_106,page_view,文案生成,v1,web
2026-08-01,u_106,20260801_u_106,prompt_submit,文案生成,v1,web
2026-08-01,u_108,20260801_u_108,page_view,文案生成,v2,desktop
2026-08-01,u_108,20260801_u_108,prompt_submit,文案生成,v2,desktop
2026-08-01,u_108,20260801_u_108,generation_success,文案生成,v2,desktop
2026-08-01,u_108,20260801_u_108,feature_click,文案生成,v2,desktop
2026-08-01,u_109,20260801_u_109,page_view,智能问答,v2,desktop
2026-08-01,u_109,20260801_u_109,prompt_submit,智能问答,v2,desktop
2026-08-01,u_109,20260801_u_109,generation_success,智能问答,v2,desktop
2026-08-01,u_110,20260801_u_110,page_view,智能问答,v1,web
2026-08-01,u_112,20260801_u_112,page_view,表格分析,v2,desktop
2026-08-01,u_112,20260801_u_112,prompt_submit,表格分析,v2,desktop
2026-08-01,u_112,20260801_u_112,generation_success,表格分析,v2,desktop
2026-08-01,u_112,20260801_u_112,result_adopt,表格分析,v2,desktop
2026-08-01,u_112,20260801_u_112,feature_click,表格分析,v2,desktop
2026-08-01,u_113,20260801_u_113,page_view,文案生成,v1,desktop
2026-08-01,u_114,20260801_u_114,page_view,文案生成,v1,web
2026-08-01,u_114,20260801_u_114,prompt_submit,文案生成,v1,web
2026-08-01,u_115,20260801_u_115,page_view,表格分析,v2,desktop
2026-08-01,u_115,20260801_u_115,prompt_submit,表格分析,v2,desktop
2026-08-01,u_115,20260801_u_115,generation_success,表格分析,v2,desktop
2026-08-01,u_115,20260801_u_115,feature_click,表格分析,v2,desktop
2026-08-01,u_116,20260801_u_116,page_view,智能问答,v1,web
2026-08-01,u_118,20260801_u_118,page_view,文案生成,v1,web
2026-08-01,u_120,20260801_u_120,page_view,表格分析,v1,web
2026-08-01,u_126,20260801_u_126,page_view,表格分析,v2,web
2026-08-01,u_128,20260801_u_128,page_view,表格分析,v2,desktop
2026-08-01,u_130,20260801_u_130,page_view,智能问答,v2,web
2026-08-01,u_130,20260801_u_130,prompt_submit,智能问答,v2,web
2026-08-01,u_130,20260801_u_130,generation_success,智能问答,v2,web
2026-08-01,u_130,20260801_u_130,feature_click,智能问答,v2,web
2026-08-01,u_131,20260801_u_131,page_view,智能问答,v2,web
2026-08-01,u_131,20260801_u_131,prompt_submit,智能问答,v2,web
2026-08-01,u_131,20260801_u_131,generation_success,智能问答,v2,web
2026-08-01,u_131,20260801_u_131,result_adopt,智能问答,v2,web
2026-08-01,u_131,20260801_u_131,feature_click,智能问答,v2,web
2026-08-01,u_133,20260801_u_133,page_view,文案生成,v1,desktop
2026-08-01,u_134,20260801_u_134,page_view,智能问答,v1,desktop
2026-08-01,u_134,20260801_u_134,prompt_submit,智能问答,v1,desktop
2026-08-01,u_134,20260801_u_134,generation_success,智能问答,v1,desktop
2026-08-01,u_134,20260801_u_134,feature_click,智能问答,v1,desktop
2026-08-01,u_135,20260801_u_135,page_view,智能问答,v2,desktop
2026-08-01,u_135,20260801_u_135,prompt_submit,智能问答,v2,desktop
2026-08-01,u_135,20260801_u_135,generation_success,智能问答,v2,desktop
2026-08-01,u_135,20260801_u_135,feature_click,智能问答,v2,desktop
2026-08-01,u_137,20260801_u_137,page_view,文案生成,v1,desktop
2026-08-01,u_140,20260801_u_140,page_view,智能问答,v2,web
2026-08-01,u_142,20260801_u_142,page_view,表格分析,v1,web
2026-08-01,u_142,20260801_u_142,prompt_submit,表格分析,v1,web
2026-08-01,u_142,20260801_u_142,generation_success,表格分析,v1,web
2026-08-01,u_142,20260801_u_142,feature_click,表格分析,v1,web
2026-08-01,u_144,20260801_u_144,page_view,智能问答,v1,web
2026-08-01,u_145,20260801_u_145,page_view,表格分析,v2,desktop
2026-08-01,u_145,20260801_u_145,prompt_submit,表格分析,v2,desktop
2026-08-01,u_145,20260801_u_145,generation_success,表格分析,v2,desktop
2026-08-01,u_145,20260801_u_145,result_adopt,表格分析,v2,desktop
2026-08-01,u_146,20260801_u_146,page_view,文案生成,v2,web
2026-08-01,u_147,20260801_u_147,page_view,智能问答,v1,desktop
2026-08-01,u_147,20260801_u_147,prompt_submit,智能问答,v1,desktop
2026-08-01,u_148,20260801_u_148,page_view,文案生成,v1,desktop
2026-08-01,u_148,20260801_u_148,prompt_submit,文案生成,v1,desktop
2026-08-01,u_148,20260801_u_148,generation_success,文案生成,v1,desktop
2026-08-01,u_153,20260801_u_153,page_view,智能问答,v2,desktop
2026-08-01,u_153,20260801_u_153,prompt_submit,智能问答,v2,desktop
2026-08-01,u_153,20260801_u_153,generation_success,智能问答,v2,desktop
2026-08-01,u_154,20260801_u_154,page_view,文案生成,v1,web
2026-08-01,u_154,20260801_u_154,prompt_submit,文案生成,v1,web
2026-08-01,u_154,20260801_u_154,generation_success,文案生成,v1,web
2026-08-01,u_154,20260801_u_154,result_adopt,文案生成,v1,web
2026-08-01,u_154,20260801_u_154,feature_click,文案生成,v1,web
2026-08-01,u_155,20260801_u_155,page_view,文案生成,v1,web
2026-08-01,u_155,20260801_u_155,prompt_submit,文案生成,v1,web
2026-08-01,u_155,20260801_u_155,generation_success,文案生成,v1,web
2026-08-01,u_156,20260801_u_156,page_view,文案生成,v1,web
2026-08-01,u_158,20260801_u_158,page_view,智能问答,v1,desktop
2026-08-01,u_158,20260801_u_158,prompt_submit,智能问答,v1,desktop
2026-08-01,u_158,20260801_u_158,generation_success,智能问答,v1,desktop
2026-08-01,u_158,20260801_u_158,result_adopt,智能问答,v1,desktop
2026-08-01,u_162,20260801_u_162,page_view,文案生成,v1,web
2026-08-01,u_162,20260801_u_162,prompt_submit,文案生成,v1,web
2026-08-01,u_162,20260801_u_162,generation_success,文案生成,v1,web
2026-08-01,u_163,20260801_u_163,page_view,表格分析,v1,web
2026-08-01,u_164,20260801_u_164,page_view,文案生成,v1,web
2026-08-01,u_164,20260801_u_164,prompt_submit,文案生成,v1,web
2026-08-01,u_165,20260801_u_165,page_view,表格分析,v1,web
2026-08-01,u_165,20260801_u_165,prompt_submit,表格分析,v1,web
2026-08-01,u_165,20260801_u_165,generation_success,表格分析,v1,web
2026-08-01,u_167,20260801_u_167,page_view,表格分析,v1,web
2026-08-01,u_167,20260801_u_167,prompt_submit,表格分析,v1,web
2026-08-01,u_167,20260801_u_167,generation_success,表格分析,v1,web
2026-08-01,u_167,20260801_u_167,feature_click,表格分析,v1,web
2026-08-01,u_168,20260801_u_168,page_view,表格分析,v1,desktop
2026-08-01,u_168,20260801_u_168,prompt_submit,表格分析,v1,desktop
2026-08-01,u_168,20260801_u_168,generation_success,表格分析,v1,desktop
2026-08-01,u_168,20260801_u_168,feature_click,表格分析,v1,desktop
2026-08-01,u_172,20260801_u_172,page_view,文案生成,v1,desktop
2026-08-01,u_173,20260801_u_173,page_view,智能问答,v1,web
2026-08-01,u_175,20260801_u_175,page_view,文案生成,v1,desktop
2026-08-01,u_175,20260801_u_175,prompt_submit,文案生成,v1,desktop
2026-08-01,u_175,20260801_u_175,generation_success,文案生成,v1,desktop
2026-08-01,u_178,20260801_u_178,page_view,文案生成,v2,web
2026-08-01,u_178,20260801_u_178,prompt_submit,文案生成,v2,web
2026-08-01,u_178,20260801_u_178,generation_success,文案生成,v2,web
2026-08-01,u_178,20260801_u_178,result_adopt,文案生成,v2,web
2026-08-01,u_178,20260801_u_178,feature_click,文案生成,v2,web
2026-08-01,u_179,20260801_u_179,page_view,表格分析,v1,desktop
2026-08-01,u_179,20260801_u_179,prompt_submit,表格分析,v1,desktop
2026-08-01,u_179,20260801_u_179,generation_success,表格分析,v1,desktop
2026-08-02,u_001,20260802_u_001,page_view,智能问答,v2,desktop
2026-08-02,u_001,20260802_u_001,prompt_submit,智能问答,v2,desktop
2026-08-02,u_001,20260802_u_001,generation_success,智能问答,v2,desktop
2026-08-02,u_001,20260802_u_001,feature_click,智能问答,v2,desktop
2026-08-02,u_003,20260802_u_003,page_view,智能问答,v1,desktop
2026-08-02,u_003,20260802_u_003,prompt_submit,智能问答,v1,desktop
2026-08-02,u_003,20260802_u_003,generation_success,智能问答,v1,desktop
2026-08-02,u_003,20260802_u_003,feature_click,智能问答,v1,desktop
2026-08-02,u_004,20260802_u_004,page_view,表格分析,v1,web
2026-08-02,u_006,20260802_u_006,page_view,表格分析,v1,web
2026-08-02,u_007,20260802_u_007,page_view,智能问答,v1,desktop
2026-08-02,u_008,20260802_u_008,page_view,表格分析,v2,desktop
2026-08-02,u_010,20260802_u_010,page_view,表格分析,v1,desktop
2026-08-02,u_012,20260802_u_012,page_view,表格分析,v2,desktop
2026-08-02,u_012,20260802_u_012,prompt_submit,表格分析,v2,desktop
2026-08-02,u_012,20260802_u_012,generation_success,表格分析,v2,desktop
2026-08-02,u_012,20260802_u_012,result_adopt,表格分析,v2,desktop
2026-08-02,u_012,20260802_u_012,feature_click,表格分析,v2,desktop
2026-08-02,u_013,20260802_u_013,page_view,智能问答,v1,desktop
2026-08-02,u_013,20260802_u_013,prompt_submit,智能问答,v1,desktop
2026-08-02,u_013,20260802_u_013,generation_success,智能问答,v1,desktop
2026-08-02,u_015,20260802_u_015,page_view,文案生成,v1,web
2026-08-02,u_015,20260802_u_015,prompt_submit,文案生成,v1,web
2026-08-02,u_015,20260802_u_015,generation_success,文案生成,v1,web
2026-08-02,u_018,20260802_u_018,page_view,文案生成,v2,desktop
2026-08-02,u_018,20260802_u_018,prompt_submit,文案生成,v2,desktop
2026-08-02,u_018,20260802_u_018,generation_success,文案生成,v2,desktop
2026-08-02,u_018,20260802_u_018,result_adopt,文案生成,v2,desktop
2026-08-02,u_019,20260802_u_019,page_view,智能问答,v1,web
2026-08-02,u_019,20260802_u_019,prompt_submit,智能问答,v1,web
2026-08-02,u_019,20260802_u_019,generation_success,智能问答,v1,web
2026-08-02,u_019,20260802_u_019,result_adopt,智能问答,v1,web
2026-08-02,u_019,20260802_u_019,feature_click,智能问答,v1,web
2026-08-02,u_021,20260802_u_021,page_view,智能问答,v2,desktop
2026-08-02,u_022,20260802_u_022,page_view,表格分析,v2,desktop
2026-08-02,u_022,20260802_u_022,prompt_submit,表格分析,v2,desktop
2026-08-02,u_022,20260802_u_022,generation_success,表格分析,v2,desktop
2026-08-02,u_022,20260802_u_022,result_adopt,表格分析,v2,desktop
2026-08-02,u_022,20260802_u_022,feature_click,表格分析,v2,desktop
2026-08-02,u_024,20260802_u_024,page_view,智能问答,v1,desktop
2026-08-02,u_024,20260802_u_024,prompt_submit,智能问答,v1,desktop
2026-08-02,u_024,20260802_u_024,generation_success,智能问答,v1,desktop
2026-08-02,u_026,20260802_u_026,page_view,文案生成,v1,web
2026-08-02,u_026,20260802_u_026,prompt_submit,文案生成,v1,web
2026-08-02,u_026,20260802_u_026,generation_success,文案生成,v1,web
2026-08-02,u_027,20260802_u_027,page_view,表格分析,v1,web
2026-08-02,u_027,20260802_u_027,prompt_submit,表格分析,v1,web
2026-08-02,u_027,20260802_u_027,generation_success,表格分析,v1,web
2026-08-02,u_027,20260802_u_027,feature_click,表格分析,v1,web
2026-08-02,u_030,20260802_u_030,page_view,文案生成,v2,desktop
2026-08-02,u_030,20260802_u_030,prompt_submit,文案生成,v2,desktop
2026-08-02,u_034,20260802_u_034,page_view,文案生成,v2,desktop
2026-08-02,u_034,20260802_u_034,prompt_submit,文案生成,v2,desktop
2026-08-02,u_034,20260802_u_034,generation_success,文案生成,v2,desktop
2026-08-02,u_034,20260802_u_034,result_adopt,文案生成,v2,desktop
2026-08-02,u_039,20260802_u_039,page_view,文案生成,v2,web
2026-08-02,u_039,20260802_u_039,prompt_submit,文案生成,v2,web
2026-08-02,u_039,20260802_u_039,generation_success,文案生成,v2,web
2026-08-02,u_039,20260802_u_039,result_adopt,文案生成,v2,web
2026-08-02,u_039,20260802_u_039,feature_click,文案生成,v2,web
2026-08-02,u_040,20260802_u_040,page_view,表格分析,v2,desktop
2026-08-02,u_040,20260802_u_040,prompt_submit,表格分析,v2,desktop
2026-08-02,u_040,20260802_u_040,generation_success,表格分析,v2,desktop
2026-08-02,u_040,20260802_u_040,feature_click,表格分析,v2,desktop
2026-08-02,u_041,20260802_u_041,page_view,表格分析,v2,desktop
2026-08-02,u_041,20260802_u_041,prompt_submit,表格分析,v2,desktop
2026-08-02,u_041,20260802_u_041,generation_success,表格分析,v2,desktop
2026-08-02,u_041,20260802_u_041,feature_click,表格分析,v2,desktop
2026-08-02,u_042,20260802_u_042,page_view,智能问答,v1,web
2026-08-02,u_042,20260802_u_042,prompt_submit,智能问答,v1,web
2026-08-02,u_042,20260802_u_042,generation_success,智能问答,v1,web
2026-08-02,u_042,20260802_u_042,result_adopt,智能问答,v1,web
2026-08-02,u_043,20260802_u_043,page_view,表格分析,v2,desktop
2026-08-02,u_045,20260802_u_045,page_view,文案生成,v2,desktop
2026-08-02,u_045,20260802_u_045,prompt_submit,文案生成,v2,desktop
2026-08-02,u_045,20260802_u_045,generation_success,文案生成,v2,desktop
2026-08-02,u_045,20260802_u_045,result_adopt,文案生成,v2,desktop
2026-08-02,u_046,20260802_u_046,page_view,表格分析,v2,desktop
2026-08-02,u_046,20260802_u_046,prompt_submit,表格分析,v2,desktop
2026-08-02,u_046,20260802_u_046,generation_success,表格分析,v2,desktop
2026-08-02,u_046,20260802_u_046,feature_click,表格分析,v2,desktop
2026-08-02,u_047,20260802_u_047,page_view,智能问答,v2,web
2026-08-02,u_047,20260802_u_047,prompt_submit,智能问答,v2,web
2026-08-02,u_047,20260802_u_047,generation_success,智能问答,v2,web
2026-08-02,u_049,20260802_u_049,page_view,智能问答,v1,web
2026-08-02,u_049,20260802_u_049,prompt_submit,智能问答,v1,web
2026-08-02,u_049,20260802_u_049,generation_success,智能问答,v1,web
2026-08-02,u_049,20260802_u_049,feature_click,智能问答,v1,web
2026-08-02,u_050,20260802_u_050,page_view,表格分析,v1,web
2026-08-02,u_053,20260802_u_053,page_view,智能问答,v2,desktop
2026-08-02,u_054,20260802_u_054,page_view,文案生成,v2,web
2026-08-02,u_054,20260802_u_054,prompt_submit,文案生成,v2,web
2026-08-02,u_054,20260802_u_054,generation_success,文案生成,v2,web
2026-08-02,u_054,20260802_u_054,result_adopt,文案生成,v2,web
2026-08-02,u_056,20260802_u_056,page_view,表格分析,v1,desktop
2026-08-02,u_056,20260802_u_056,prompt_submit,表格分析,v1,desktop
2026-08-02,u_056,20260802_u_056,generation_success,表格分析,v1,desktop
2026-08-02,u_056,20260802_u_056,result_adopt,表格分析,v1,desktop
2026-08-02,u_056,20260802_u_056,feature_click,表格分析,v1,desktop
2026-08-02,u_057,20260802_u_057,page_view,文案生成,v1,web
2026-08-02,u_057,20260802_u_057,prompt_submit,文案生成,v1,web
2026-08-02,u_057,20260802_u_057,generation_success,文案生成,v1,web
2026-08-02,u_057,20260802_u_057,result_adopt,文案生成,v1,web
2026-08-02,u_058,20260802_u_058,page_view,智能问答,v2,web
2026-08-02,u_058,20260802_u_058,prompt_submit,智能问答,v2,web
2026-08-02,u_058,20260802_u_058,generation_success,智能问答,v2,web
2026-08-02,u_058,20260802_u_058,feature_click,智能问答,v2,web
2026-08-02,u_059,20260802_u_059,page_view,文案生成,v2,web
2026-08-02,u_062,20260802_u_062,page_view,表格分析,v1,web
2026-08-02,u_062,20260802_u_062,prompt_submit,表格分析,v1,web
2026-08-02,u_062,20260802_u_062,generation_success,表格分析,v1,web
2026-08-02,u_062,20260802_u_062,result_adopt,表格分析,v1,web
2026-08-02,u_065,20260802_u_065,page_view,表格分析,v1,desktop
2026-08-02,u_065,20260802_u_065,prompt_submit,表格分析,v1,desktop
2026-08-02,u_067,20260802_u_067,page_view,表格分析,v1,web
2026-08-02,u_067,20260802_u_067,prompt_submit,表格分析,v1,web
2026-08-02,u_067,20260802_u_067,generation_success,表格分析,v1,web
2026-08-02,u_068,20260802_u_068,page_view,表格分析,v1,web
2026-08-02,u_068,20260802_u_068,prompt_submit,表格分析,v1,web
2026-08-02,u_068,20260802_u_068,generation_success,表格分析,v1,web
2026-08-02,u_074,20260802_u_074,page_view,表格分析,v2,web
2026-08-02,u_074,20260802_u_074,prompt_submit,表格分析,v2,web
2026-08-02,u_075,20260802_u_075,page_view,文案生成,v2,desktop
2026-08-02,u_076,20260802_u_076,page_view,表格分析,v1,web
2026-08-02,u_076,20260802_u_076,prompt_submit,表格分析,v1,web
2026-08-02,u_076,20260802_u_076,generation_success,表格分析,v1,web
2026-08-02,u_076,20260802_u_076,feature_click,表格分析,v1,web
2026-08-02,u_077,20260802_u_077,page_view,智能问答,v1,web
2026-08-02,u_077,20260802_u_077,prompt_submit,智能问答,v1,web
2026-08-02,u_077,20260802_u_077,generation_success,智能问答,v1,web
2026-08-02,u_077,20260802_u_077,result_adopt,智能问答,v1,web
2026-08-02,u_077,20260802_u_077,feature_click,智能问答,v1,web
2026-08-02,u_078,20260802_u_078,page_view,文案生成,v2,desktop
2026-08-02,u_078,20260802_u_078,prompt_submit,文案生成,v2,desktop
2026-08-02,u_078,20260802_u_078,generation_success,文案生成,v2,desktop
2026-08-02,u_078,20260802_u_078,result_adopt,文案生成,v2,desktop
2026-08-02,u_078,20260802_u_078,feature_click,文案生成,v2,desktop
2026-08-02,u_079,20260802_u_079,page_view,智能问答,v2,web
2026-08-02,u_079,20260802_u_079,prompt_submit,智能问答,v2,web
2026-08-02,u_079,20260802_u_079,generation_success,智能问答,v2,web
2026-08-02,u_079,20260802_u_079,feature_click,智能问答,v2,web
2026-08-02,u_081,20260802_u_081,page_view,文案生成,v1,desktop
2026-08-02,u_081,20260802_u_081,prompt_submit,文案生成,v1,desktop
2026-08-02,u_081,20260802_u_081,generation_success,文案生成,v1,desktop
2026-08-02,u_081,20260802_u_081,result_adopt,文案生成,v1,desktop
2026-08-02,u_081,20260802_u_081,feature_click,文案生成,v1,desktop
2026-08-02,u_082,20260802_u_082,page_view,文案生成,v1,desktop
2026-08-02,u_083,20260802_u_083,page_view,表格分析,v2,desktop
2026-08-02,u_085,20260802_u_085,page_view,智能问答,v2,web
2026-08-02,u_085,20260802_u_085,prompt_submit,智能问答,v2,web
2026-08-02,u_085,20260802_u_085,generation_success,智能问答,v2,web
2026-08-02,u_086,20260802_u_086,page_view,表格分析,v2,desktop
2026-08-02,u_086,20260802_u_086,prompt_submit,表格分析,v2,desktop
2026-08-02,u_086,20260802_u_086,generation_success,表格分析,v2,desktop
2026-08-02,u_086,20260802_u_086,feature_click,表格分析,v2,desktop
2026-08-02,u_090,20260802_u_090,page_view,文案生成,v2,desktop
2026-08-02,u_090,20260802_u_090,prompt_submit,文案生成,v2,desktop
2026-08-02,u_090,20260802_u_090,generation_success,文案生成,v2,desktop
2026-08-02,u_090,20260802_u_090,feature_click,文案生成,v2,desktop
2026-08-02,u_092,20260802_u_092,page_view,表格分析,v2,desktop
2026-08-02,u_092,20260802_u_092,prompt_submit,表格分析,v2,desktop
2026-08-02,u_092,20260802_u_092,generation_success,表格分析,v2,desktop
2026-08-02,u_092,20260802_u_092,result_adopt,表格分析,v2,desktop
2026-08-02,u_093,20260802_u_093,page_view,表格分析,v2,desktop
2026-08-02,u_093,20260802_u_093,prompt_submit,表格分析,v2,desktop
2026-08-02,u_093,20260802_u_093,generation_success,表格分析,v2,desktop
2026-08-02,u_093,20260802_u_093,result_adopt,表格分析,v2,desktop
2026-08-02,u_093,20260802_u_093,feature_click,表格分析,v2,desktop
2026-08-02,u_095,20260802_u_095,page_view,文案生成,v1,desktop
2026-08-02,u_096,20260802_u_096,page_view,表格分析,v2,desktop
2026-08-02,u_097,20260802_u_097,page_view,表格分析,v2,web
2026-08-02,u_097,20260802_u_097,prompt_submit,表格分析,v2,web
2026-08-02,u_097,20260802_u_097,generation_success,表格分析,v2,web
2026-08-02,u_101,20260802_u_101,page_view,文案生成,v2,web
2026-08-02,u_101,20260802_u_101,prompt_submit,文案生成,v2,web
2026-08-02,u_101,20260802_u_101,generation_success,文案生成,v2,web
2026-08-02,u_101,20260802_u_101,feature_click,文案生成,v2,web
2026-08-02,u_104,20260802_u_104,page_view,智能问答,v1,desktop
2026-08-02,u_104,20260802_u_104,prompt_submit,智能问答,v1,desktop
2026-08-02,u_104,20260802_u_104,generation_success,智能问答,v1,desktop
2026-08-02,u_106,20260802_u_106,page_view,智能问答,v1,web
2026-08-02,u_106,20260802_u_106,prompt_submit,智能问答,v1,web
2026-08-02,u_106,20260802_u_106,generation_success,智能问答,v1,web
2026-08-02,u_106,20260802_u_106,result_adopt,智能问答,v1,web
2026-08-02,u_106,20260802_u_106,feature_click,智能问答,v1,web
2026-08-02,u_107,20260802_u_107,page_view,文案生成,v2,web
2026-08-02,u_107,20260802_u_107,prompt_submit,文案生成,v2,web
2026-08-02,u_107,20260802_u_107,generation_success,文案生成,v2,web
2026-08-02,u_108,20260802_u_108,page_view,文案生成,v1,desktop
2026-08-02,u_108,20260802_u_108,prompt_submit,文案生成,v1,desktop
2026-08-02,u_108,20260802_u_108,generation_success,文案生成,v1,desktop
2026-08-02,u_108,20260802_u_108,result_adopt,文案生成,v1,desktop
2026-08-02,u_109,20260802_u_109,page_view,文案生成,v2,desktop
2026-08-02,u_109,20260802_u_109,prompt_submit,文案生成,v2,desktop
2026-08-02,u_109,20260802_u_109,generation_success,文案生成,v2,desktop
2026-08-02,u_109,20260802_u_109,result_adopt,文案生成,v2,desktop
2026-08-02,u_109,20260802_u_109,feature_click,文案生成,v2,desktop
2026-08-02,u_110,20260802_u_110,page_view,表格分析,v1,web
2026-08-02,u_111,20260802_u_111,page_view,智能问答,v1,web
2026-08-02,u_111,20260802_u_111,prompt_submit,智能问答,v1,web
2026-08-02,u_111,20260802_u_111,generation_success,智能问答,v1,web
2026-08-02,u_111,20260802_u_111,feature_click,智能问答,v1,web
2026-08-02,u_112,20260802_u_112,page_view,表格分析,v1,web
2026-08-02,u_112,20260802_u_112,prompt_submit,表格分析,v1,web
2026-08-02,u_112,20260802_u_112,generation_success,表格分析,v1,web
2026-08-02,u_112,20260802_u_112,result_adopt,表格分析,v1,web
2026-08-02,u_112,20260802_u_112,feature_click,表格分析,v1,web
2026-08-02,u_114,20260802_u_114,page_view,智能问答,v2,desktop
2026-08-02,u_114,20260802_u_114,prompt_submit,智能问答,v2,desktop
2026-08-02,u_114,20260802_u_114,generation_success,智能问答,v2,desktop
2026-08-02,u_114,20260802_u_114,result_adopt,智能问答,v2,desktop
2026-08-02,u_114,20260802_u_114,feature_click,智能问答,v2,desktop
2026-08-02,u_115,20260802_u_115,page_view,智能问答,v2,web
2026-08-02,u_115,20260802_u_115,prompt_submit,智能问答,v2,web
2026-08-02,u_115,20260802_u_115,generation_success,智能问答,v2,web
2026-08-02,u_115,20260802_u_115,result_adopt,智能问答,v2,web
2026-08-02,u_115,20260802_u_115,feature_click,智能问答,v2,web
2026-08-02,u_117,20260802_u_117,page_view,文案生成,v1,web
2026-08-02,u_117,20260802_u_117,prompt_submit,文案生成,v1,web
2026-08-02,u_117,20260802_u_117,generation_success,文案生成,v1,web
2026-08-02,u_117,20260802_u_117,result_adopt,文案生成,v1,web
2026-08-02,u_118,20260802_u_118,page_view,文案生成,v1,web
2026-08-02,u_118,20260802_u_118,prompt_submit,文案生成,v1,web
2026-08-02,u_118,20260802_u_118,generation_success,文案生成,v1,web
2026-08-02,u_118,20260802_u_118,result_adopt,文案生成,v1,web
2026-08-02,u_119,20260802_u_119,page_view,表格分析,v2,desktop
2026-08-02,u_122,20260802_u_122,page_view,文案生成,v1,web
2026-08-02,u_122,20260802_u_122,prompt_submit,文案生成,v1,web
2026-08-02,u_122,20260802_u_122,generation_success,文案生成,v1,web
2026-08-02,u_122,20260802_u_122,result_adopt,文案生成,v1,web
2026-08-02,u_123,20260802_u_123,page_view,智能问答,v2,desktop
2026-08-02,u_123,20260802_u_123,prompt_submit,智能问答,v2,desktop
2026-08-02,u_124,20260802_u_124,page_view,文案生成,v1,desktop
2026-08-02,u_124,20260802_u_124,prompt_submit,文案生成,v1,desktop
2026-08-02,u_124,20260802_u_124,generation_success,文案生成,v1,desktop
2026-08-02,u_124,20260802_u_124,feature_click,文案生成,v1,desktop
2026-08-02,u_125,20260802_u_125,page_view,智能问答,v2,web
2026-08-02,u_125,20260802_u_125,prompt_submit,智能问答,v2,web
2026-08-02,u_125,20260802_u_125,generation_success,智能问答,v2,web
2026-08-02,u_125,20260802_u_125,result_adopt,智能问答,v2,web
2026-08-02,u_125,20260802_u_125,feature_click,智能问答,v2,web
2026-08-02,u_126,20260802_u_126,page_view,文案生成,v2,desktop
2026-08-02,u_126,20260802_u_126,prompt_submit,文案生成,v2,desktop
2026-08-02,u_126,20260802_u_126,generation_success,文案生成,v2,desktop
2026-08-02,u_129,20260802_u_129,page_view,智能问答,v2,desktop
2026-08-02,u_129,20260802_u_129,prompt_submit,智能问答,v2,desktop
2026-08-02,u_129,20260802_u_129,generation_success,智能问答,v2,desktop
2026-08-02,u_131,20260802_u_131,page_view,智能问答,v2,web
2026-08-02,u_131,20260802_u_131,prompt_submit,智能问答,v2,web
2026-08-02,u_131,20260802_u_131,generation_success,智能问答,v2,web
2026-08-02,u_131,20260802_u_131,result_adopt,智能问答,v2,web
2026-08-02,u_131,20260802_u_131,feature_click,智能问答,v2,web
2026-08-02,u_133,20260802_u_133,page_view,智能问答,v2,desktop
2026-08-02,u_133,20260802_u_133,prompt_submit,智能问答,v2,desktop
2026-08-02,u_133,20260802_u_133,generation_success,智能问答,v2,desktop
2026-08-02,u_133,20260802_u_133,result_adopt,智能问答,v2,desktop
2026-08-02,u_133,20260802_u_133,feature_click,智能问答,v2,desktop
2026-08-02,u_135,20260802_u_135,page_view,表格分析,v2,desktop
2026-08-02,u_135,20260802_u_135,prompt_submit,表格分析,v2,desktop
2026-08-02,u_135,20260802_u_135,generation_success,表格分析,v2,desktop
2026-08-02,u_135,20260802_u_135,result_adopt,表格分析,v2,desktop
2026-08-02,u_137,20260802_u_137,page_view,智能问答,v2,web
2026-08-02,u_137,20260802_u_137,prompt_submit,智能问答,v2,web
2026-08-02,u_137,20260802_u_137,generation_success,智能问答,v2,web
2026-08-02,u_137,20260802_u_137,feature_click,智能问答,v2,web
2026-08-02,u_139,20260802_u_139,page_view,表格分析,v2,web
2026-08-02,u_140,20260802_u_140,page_view,智能问答,v2,desktop
2026-08-02,u_142,20260802_u_142,page_view,智能问答,v2,desktop
2026-08-02,u_142,20260802_u_142,prompt_submit,智能问答,v2,desktop
2026-08-02,u_142,20260802_u_142,generation_success,智能问答,v2,desktop
2026-08-02,u_143,20260802_u_143,page_view,文案生成,v1,desktop
2026-08-02,u_144,20260802_u_144,page_view,文案生成,v1,desktop
2026-08-02,u_144,20260802_u_144,prompt_submit,文案生成,v1,desktop
2026-08-02,u_144,20260802_u_144,generation_success,文案生成,v1,desktop
2026-08-02,u_144,20260802_u_144,result_adopt,文案生成,v1,desktop
2026-08-02,u_144,20260802_u_144,feature_click,文案生成,v1,desktop
2026-08-02,u_145,20260802_u_145,page_view,文案生成,v2,web
2026-08-02,u_145,20260802_u_145,prompt_submit,文案生成,v2,web
2026-08-02,u_145,20260802_u_145,generation_success,文案生成,v2,web
2026-08-02,u_145,20260802_u_145,result_adopt,文案生成,v2,web
2026-08-02,u_146,20260802_u_146,page_view,智能问答,v2,web
2026-08-02,u_146,20260802_u_146,prompt_submit,智能问答,v2,web
2026-08-02,u_148,20260802_u_148,page_view,表格分析,v2,desktop
2026-08-02,u_148,20260802_u_148,prompt_submit,表格分析,v2,desktop
2026-08-02,u_148,20260802_u_148,generation_success,表格分析,v2,desktop
2026-08-02,u_148,20260802_u_148,result_adopt,表格分析,v2,desktop
2026-08-02,u_150,20260802_u_150,page_view,表格分析,v2,web
2026-08-02,u_150,20260802_u_150,prompt_submit,表格分析,v2,web
2026-08-02,u_154,20260802_u_154,page_view,表格分析,v2,desktop
2026-08-02,u_154,20260802_u_154,prompt_submit,表格分析,v2,desktop
2026-08-02,u_154,20260802_u_154,generation_success,表格分析,v2,desktop
2026-08-02,u_154,20260802_u_154,feature_click,表格分析,v2,desktop
2026-08-02,u_155,20260802_u_155,page_view,文案生成,v2,web
2026-08-02,u_155,20260802_u_155,prompt_submit,文案生成,v2,web
2026-08-02,u_155,20260802_u_155,generation_success,文案生成,v2,web
2026-08-02,u_159,20260802_u_159,page_view,表格分析,v2,desktop
2026-08-02,u_159,20260802_u_159,prompt_submit,表格分析,v2,desktop
2026-08-02,u_160,20260802_u_160,page_view,文案生成,v2,web
2026-08-02,u_160,20260802_u_160,prompt_submit,文案生成,v2,web
2026-08-02,u_160,20260802_u_160,generation_success,文案生成,v2,web
2026-08-02,u_160,20260802_u_160,result_adopt,文案生成,v2,web
2026-08-02,u_162,20260802_u_162,page_view,文案生成,v2,web
2026-08-02,u_164,20260802_u_164,page_view,智能问答,v1,desktop
2026-08-02,u_164,20260802_u_164,prompt_submit,智能问答,v1,desktop
2026-08-02,u_164,20260802_u_164,generation_success,智能问答,v1,desktop
2026-08-02,u_166,20260802_u_166,page_view,表格分析,v2,web
2026-08-02,u_166,20260802_u_166,prompt_submit,表格分析,v2,web
2026-08-02,u_166,20260802_u_166,generation_success,表格分析,v2,web
2026-08-02,u_167,20260802_u_167,page_view,文案生成,v2,desktop
2026-08-02,u_167,20260802_u_167,prompt_submit,文案生成,v2,desktop
2026-08-02,u_167,20260802_u_167,generation_success,文案生成,v2,desktop
2026-08-02,u_167,20260802_u_167,result_adopt,文案生成,v2,desktop
2026-08-02,u_168,20260802_u_168,page_view,智能问答,v2,web
2026-08-02,u_169,20260802_u_169,page_view,文案生成,v2,desktop
2026-08-02,u_169,20260802_u_169,prompt_submit,文案生成,v2,desktop
2026-08-02,u_169,20260802_u_169,generation_success,文案生成,v2,desktop
2026-08-02,u_170,20260802_u_170,page_view,表格分析,v2,desktop
2026-08-02,u_173,20260802_u_173,page_view,文案生成,v2,desktop
2026-08-02,u_173,20260802_u_173,prompt_submit,文案生成,v2,desktop
2026-08-02,u_173,20260802_u_173,generation_success,文案生成,v2,desktop
2026-08-02,u_173,20260802_u_173,result_adopt,文案生成,v2,desktop
2026-08-02,u_174,20260802_u_174,page_view,文案生成,v2,web
2026-08-02,u_174,20260802_u_174,prompt_submit,文案生成,v2,web
2026-08-02,u_174,20260802_u_174,generation_success,文案生成,v2,web
2026-08-02,u_174,20260802_u_174,result_adopt,文案生成,v2,web
2026-08-02,u_174,20260802_u_174,feature_click,文案生成,v2,web
2026-08-02,u_178,20260802_u_178,page_view,文案生成,v1,web
2026-08-02,u_178,20260802_u_178,prompt_submit,文案生成,v1,web
2026-08-02,u_178,20260802_u_178,generation_success,文案生成,v1,web
2026-08-02,u_180,20260802_u_180,page_view,文案生成,v2,desktop
2026-08-03,u_003,20260803_u_003,page_view,表格分析,v1,web
2026-08-03,u_003,20260803_u_003,prompt_submit,表格分析,v1,web
2026-08-03,u_003,20260803_u_003,generation_success,表格分析,v1,web
2026-08-03,u_003,20260803_u_003,result_adopt,表格分析,v1,web
2026-08-03,u_004,20260803_u_004,page_view,智能问答,v1,desktop
2026-08-03,u_004,20260803_u_004,prompt_submit,智能问答,v1,desktop
2026-08-03,u_004,20260803_u_004,generation_success,智能问答,v1,desktop
2026-08-03,u_004,20260803_u_004,result_adopt,智能问答,v1,desktop
2026-08-03,u_004,20260803_u_004,feature_click,智能问答,v1,desktop
2026-08-03,u_005,20260803_u_005,page_view,表格分析,v1,web
2026-08-03,u_005,20260803_u_005,prompt_submit,表格分析,v1,web
2026-08-03,u_005,20260803_u_005,generation_success,表格分析,v1,web
2026-08-03,u_007,20260803_u_007,page_view,智能问答,v1,web
2026-08-03,u_007,20260803_u_007,prompt_submit,智能问答,v1,web
2026-08-03,u_007,20260803_u_007,generation_success,智能问答,v1,web
2026-08-03,u_007,20260803_u_007,result_adopt,智能问答,v1,web
2026-08-03,u_008,20260803_u_008,page_view,智能问答,v2,web
2026-08-03,u_008,20260803_u_008,prompt_submit,智能问答,v2,web
2026-08-03,u_008,20260803_u_008,generation_success,智能问答,v2,web
2026-08-03,u_008,20260803_u_008,result_adopt,智能问答,v2,web
2026-08-03,u_008,20260803_u_008,feature_click,智能问答,v2,web
2026-08-03,u_013,20260803_u_013,page_view,文案生成,v1,desktop
2026-08-03,u_013,20260803_u_013,prompt_submit,文案生成,v1,desktop
2026-08-03,u_013,20260803_u_013,generation_success,文案生成,v1,desktop
2026-08-03,u_013,20260803_u_013,feature_click,文案生成,v1,desktop
2026-08-03,u_014,20260803_u_014,page_view,文案生成,v1,desktop
2026-08-03,u_014,20260803_u_014,prompt_submit,文案生成,v1,desktop
2026-08-03,u_015,20260803_u_015,page_view,文案生成,v2,web
2026-08-03,u_015,20260803_u_015,prompt_submit,文案生成,v2,web
2026-08-03,u_015,20260803_u_015,generation_success,文案生成,v2,web
2026-08-03,u_015,20260803_u_015,feature_click,文案生成,v2,web
2026-08-03,u_016,20260803_u_016,page_view,文案生成,v1,web
2026-08-03,u_016,20260803_u_016,prompt_submit,文案生成,v1,web
2026-08-03,u_016,20260803_u_016,generation_success,文案生成,v1,web
2026-08-03,u_017,20260803_u_017,page_view,表格分析,v2,web
2026-08-03,u_017,20260803_u_017,prompt_submit,表格分析,v2,web
2026-08-03,u_017,20260803_u_017,generation_success,表格分析,v2,web
2026-08-03,u_017,20260803_u_017,feature_click,表格分析,v2,web
2026-08-03,u_018,20260803_u_018,page_view,文案生成,v1,web
2026-08-03,u_018,20260803_u_018,prompt_submit,文案生成,v1,web
2026-08-03,u_018,20260803_u_018,generation_success,文案生成,v1,web
2026-08-03,u_020,20260803_u_020,page_view,表格分析,v2,web
2026-08-03,u_020,20260803_u_020,prompt_submit,表格分析,v2,web
2026-08-03,u_020,20260803_u_020,generation_success,表格分析,v2,web
2026-08-03,u_020,20260803_u_020,result_adopt,表格分析,v2,web
2026-08-03,u_020,20260803_u_020,feature_click,表格分析,v2,web
2026-08-03,u_021,20260803_u_021,page_view,表格分析,v1,desktop
2026-08-03,u_021,20260803_u_021,prompt_submit,表格分析,v1,desktop
2026-08-03,u_021,20260803_u_021,generation_success,表格分析,v1,desktop
2026-08-03,u_021,20260803_u_021,result_adopt,表格分析,v1,desktop
2026-08-03,u_021,20260803_u_021,feature_click,表格分析,v1,desktop
2026-08-03,u_022,20260803_u_022,page_view,智能问答,v2,desktop
2026-08-03,u_022,20260803_u_022,prompt_submit,智能问答,v2,desktop
2026-08-03,u_022,20260803_u_022,generation_success,智能问答,v2,desktop
2026-08-03,u_022,20260803_u_022,result_adopt,智能问答,v2,desktop
2026-08-03,u_023,20260803_u_023,page_view,表格分析,v1,web
2026-08-03,u_024,20260803_u_024,page_view,智能问答,v2,desktop
2026-08-03,u_024,20260803_u_024,prompt_submit,智能问答,v2,desktop
2026-08-03,u_024,20260803_u_024,generation_success,智能问答,v2,desktop
2026-08-03,u_026,20260803_u_026,page_view,智能问答,v2,desktop
2026-08-03,u_026,20260803_u_026,prompt_submit,智能问答,v2,desktop
2026-08-03,u_026,20260803_u_026,generation_success,智能问答,v2,desktop
2026-08-03,u_026,20260803_u_026,feature_click,智能问答,v2,desktop
2026-08-03,u_027,20260803_u_027,page_view,表格分析,v1,desktop
2026-08-03,u_030,20260803_u_030,page_view,表格分析,v2,web
2026-08-03,u_030,20260803_u_030,prompt_submit,表格分析,v2,web
2026-08-03,u_030,20260803_u_030,generation_success,表格分析,v2,web
2026-08-03,u_030,20260803_u_030,result_adopt,表格分析,v2,web
2026-08-03,u_030,20260803_u_030,feature_click,表格分析,v2,web
2026-08-03,u_031,20260803_u_031,page_view,表格分析,v1,desktop
2026-08-03,u_031,20260803_u_031,prompt_submit,表格分析,v1,desktop
2026-08-03,u_031,20260803_u_031,generation_success,表格分析,v1,desktop
2026-08-03,u_032,20260803_u_032,page_view,表格分析,v1,web
2026-08-03,u_033,20260803_u_033,page_view,文案生成,v2,desktop
2026-08-03,u_033,20260803_u_033,prompt_submit,文案生成,v2,desktop
2026-08-03,u_033,20260803_u_033,generation_success,文案生成,v2,desktop
2026-08-03,u_033,20260803_u_033,result_adopt,文案生成,v2,desktop
2026-08-03,u_033,20260803_u_033,feature_click,文案生成,v2,desktop
2026-08-03,u_034,20260803_u_034,page_view,智能问答,v2,web
2026-08-03,u_036,20260803_u_036,page_view,文案生成,v1,desktop
2026-08-03,u_036,20260803_u_036,prompt_submit,文案生成,v1,desktop
2026-08-03,u_036,20260803_u_036,generation_success,文案生成,v1,desktop
2026-08-03,u_041,20260803_u_041,page_view,文案生成,v1,desktop
2026-08-03,u_042,20260803_u_042,page_view,表格分析,v2,web
2026-08-03,u_042,20260803_u_042,prompt_submit,表格分析,v2,web
2026-08-03,u_042,20260803_u_042,generation_success,表格分析,v2,web
2026-08-03,u_042,20260803_u_042,result_adopt,表格分析,v2,web
2026-08-03,u_042,20260803_u_042,feature_click,表格分析,v2,web
2026-08-03,u_043,20260803_u_043,page_view,文案生成,v1,desktop
2026-08-03,u_043,20260803_u_043,prompt_submit,文案生成,v1,desktop
2026-08-03,u_045,20260803_u_045,page_view,表格分析,v2,web
2026-08-03,u_045,20260803_u_045,prompt_submit,表格分析,v2,web
2026-08-03,u_045,20260803_u_045,generation_success,表格分析,v2,web
2026-08-03,u_045,20260803_u_045,feature_click,表格分析,v2,web
2026-08-03,u_048,20260803_u_048,page_view,文案生成,v1,desktop
2026-08-03,u_048,20260803_u_048,prompt_submit,文案生成,v1,desktop
2026-08-03,u_048,20260803_u_048,generation_success,文案生成,v1,desktop
2026-08-03,u_048,20260803_u_048,feature_click,文案生成,v1,desktop
2026-08-03,u_049,20260803_u_049,page_view,表格分析,v2,web
2026-08-03,u_049,20260803_u_049,prompt_submit,表格分析,v2,web
2026-08-03,u_049,20260803_u_049,generation_success,表格分析,v2,web
2026-08-03,u_049,20260803_u_049,result_adopt,表格分析,v2,web
2026-08-03,u_049,20260803_u_049,feature_click,表格分析,v2,web
2026-08-03,u_053,20260803_u_053,page_view,文案生成,v2,desktop
2026-08-03,u_053,20260803_u_053,prompt_submit,文案生成,v2,desktop
2026-08-03,u_053,20260803_u_053,generation_success,文案生成,v2,desktop
2026-08-03,u_053,20260803_u_053,feature_click,文案生成,v2,desktop
2026-08-03,u_054,20260803_u_054,page_view,表格分析,v1,desktop
2026-08-03,u_055,20260803_u_055,page_view,表格分析,v1,desktop
2026-08-03,u_055,20260803_u_055,prompt_submit,表格分析,v1,desktop
2026-08-03,u_055,20260803_u_055,generation_success,表格分析,v1,desktop
2026-08-03,u_055,20260803_u_055,result_adopt,表格分析,v1,desktop
2026-08-03,u_057,20260803_u_057,page_view,文案生成,v2,web
2026-08-03,u_057,20260803_u_057,prompt_submit,文案生成,v2,web
2026-08-03,u_057,20260803_u_057,generation_success,文案生成,v2,web
2026-08-03,u_057,20260803_u_057,result_adopt,文案生成,v2,web
2026-08-03,u_057,20260803_u_057,feature_click,文案生成,v2,web
2026-08-03,u_058,20260803_u_058,page_view,智能问答,v1,desktop
2026-08-03,u_059,20260803_u_059,page_view,表格分析,v1,web
2026-08-03,u_059,20260803_u_059,prompt_submit,表格分析,v1,web
2026-08-03,u_059,20260803_u_059,generation_success,表格分析,v1,web
2026-08-03,u_059,20260803_u_059,result_adopt,表格分析,v1,web
2026-08-03,u_060,20260803_u_060,page_view,表格分析,v1,desktop
2026-08-03,u_060,20260803_u_060,prompt_submit,表格分析,v1,desktop
2026-08-03,u_060,20260803_u_060,generation_success,表格分析,v1,desktop
2026-08-03,u_060,20260803_u_060,feature_click,表格分析,v1,desktop
2026-08-03,u_062,20260803_u_062,page_view,表格分析,v2,desktop
2026-08-03,u_062,20260803_u_062,prompt_submit,表格分析,v2,desktop
2026-08-03,u_062,20260803_u_062,generation_success,表格分析,v2,desktop
2026-08-03,u_062,20260803_u_062,feature_click,表格分析,v2,desktop
2026-08-03,u_064,20260803_u_064,page_view,文案生成,v1,desktop
2026-08-03,u_064,20260803_u_064,prompt_submit,文案生成,v1,desktop
2026-08-03,u_064,20260803_u_064,generation_success,文案生成,v1,desktop
2026-08-03,u_066,20260803_u_066,page_view,智能问答,v2,desktop
2026-08-03,u_067,20260803_u_067,page_view,智能问答,v1,web
2026-08-03,u_067,20260803_u_067,prompt_submit,智能问答,v1,web
2026-08-03,u_067,20260803_u_067,generation_success,智能问答,v1,web
2026-08-03,u_067,20260803_u_067,result_adopt,智能问答,v1,web
2026-08-03,u_067,20260803_u_067,feature_click,智能问答,v1,web
2026-08-03,u_068,20260803_u_068,page_view,智能问答,v2,desktop
2026-08-03,u_073,20260803_u_073,page_view,表格分析,v2,web
2026-08-03,u_073,20260803_u_073,prompt_submit,表格分析,v2,web
2026-08-03,u_073,20260803_u_073,generation_success,表格分析,v2,web
2026-08-03,u_073,20260803_u_073,result_adopt,表格分析,v2,web
2026-08-03,u_073,20260803_u_073,feature_click,表格分析,v2,web
2026-08-03,u_078,20260803_u_078,page_view,表格分析,v1,web
2026-08-03,u_078,20260803_u_078,prompt_submit,表格分析,v1,web
2026-08-03,u_078,20260803_u_078,generation_success,表格分析,v1,web
2026-08-03,u_078,20260803_u_078,result_adopt,表格分析,v1,web
2026-08-03,u_078,20260803_u_078,feature_click,表格分析,v1,web
2026-08-03,u_079,20260803_u_079,page_view,文案生成,v2,web
2026-08-03,u_079,20260803_u_079,prompt_submit,文案生成,v2,web
2026-08-03,u_080,20260803_u_080,page_view,智能问答,v1,desktop
2026-08-03,u_081,20260803_u_081,page_view,文案生成,v2,desktop
2026-08-03,u_081,20260803_u_081,prompt_submit,文案生成,v2,desktop
2026-08-03,u_081,20260803_u_081,generation_success,文案生成,v2,desktop
2026-08-03,u_082,20260803_u_082,page_view,智能问答,v1,web
2026-08-03,u_082,20260803_u_082,prompt_submit,智能问答,v1,web
2026-08-03,u_082,20260803_u_082,generation_success,智能问答,v1,web
2026-08-03,u_086,20260803_u_086,page_view,表格分析,v1,web
2026-08-03,u_087,20260803_u_087,page_view,表格分析,v2,web
2026-08-03,u_087,20260803_u_087,prompt_submit,表格分析,v2,web
2026-08-03,u_087,20260803_u_087,generation_success,表格分析,v2,web
2026-08-03,u_087,20260803_u_087,result_adopt,表格分析,v2,web
2026-08-03,u_088,20260803_u_088,page_view,文案生成,v2,desktop
2026-08-03,u_088,20260803_u_088,prompt_submit,文案生成,v2,desktop
2026-08-03,u_088,20260803_u_088,generation_success,文案生成,v2,desktop
2026-08-03,u_088,20260803_u_088,feature_click,文案生成,v2,desktop
2026-08-03,u_089,20260803_u_089,page_view,表格分析,v1,web
2026-08-03,u_089,20260803_u_089,prompt_submit,表格分析,v1,web
2026-08-03,u_089,20260803_u_089,generation_success,表格分析,v1,web
2026-08-03,u_089,20260803_u_089,result_adopt,表格分析,v1,web
2026-08-03,u_089,20260803_u_089,feature_click,表格分析,v1,web
2026-08-03,u_090,20260803_u_090,page_view,智能问答,v2,desktop
2026-08-03,u_091,20260803_u_091,page_view,文案生成,v2,web
2026-08-03,u_091,20260803_u_091,prompt_submit,文案生成,v2,web
2026-08-03,u_091,20260803_u_091,generation_success,文案生成,v2,web
2026-08-03,u_091,20260803_u_091,feature_click,文案生成,v2,web
2026-08-03,u_095,20260803_u_095,page_view,智能问答,v1,web
2026-08-03,u_095,20260803_u_095,prompt_submit,智能问答,v1,web
2026-08-03,u_095,20260803_u_095,generation_success,智能问答,v1,web
2026-08-03,u_095,20260803_u_095,feature_click,智能问答,v1,web
2026-08-03,u_097,20260803_u_097,page_view,文案生成,v1,desktop
2026-08-03,u_098,20260803_u_098,page_view,表格分析,v1,desktop
2026-08-03,u_101,20260803_u_101,page_view,智能问答,v2,web
2026-08-03,u_101,20260803_u_101,prompt_submit,智能问答,v2,web
2026-08-03,u_101,20260803_u_101,generation_success,智能问答,v2,web
2026-08-03,u_101,20260803_u_101,result_adopt,智能问答,v2,web
2026-08-03,u_101,20260803_u_101,feature_click,智能问答,v2,web
2026-08-03,u_103,20260803_u_103,page_view,智能问答,v2,desktop
2026-08-03,u_103,20260803_u_103,prompt_submit,智能问答,v2,desktop
2026-08-03,u_103,20260803_u_103,generation_success,智能问答,v2,desktop
2026-08-03,u_104,20260803_u_104,page_view,智能问答,v1,web
2026-08-03,u_104,20260803_u_104,prompt_submit,智能问答,v1,web
2026-08-03,u_104,20260803_u_104,generation_success,智能问答,v1,web
2026-08-03,u_104,20260803_u_104,feature_click,智能问答,v1,web
2026-08-03,u_105,20260803_u_105,page_view,文案生成,v1,web
2026-08-03,u_105,20260803_u_105,prompt_submit,文案生成,v1,web
2026-08-03,u_106,20260803_u_106,page_view,文案生成,v1,desktop
2026-08-03,u_106,20260803_u_106,prompt_submit,文案生成,v1,desktop
2026-08-03,u_106,20260803_u_106,generation_success,文案生成,v1,desktop
2026-08-03,u_106,20260803_u_106,feature_click,文案生成,v1,desktop
2026-08-03,u_107,20260803_u_107,page_view,文案生成,v2,web
2026-08-03,u_107,20260803_u_107,prompt_submit,文案生成,v2,web
2026-08-03,u_108,20260803_u_108,page_view,智能问答,v2,web
2026-08-03,u_108,20260803_u_108,prompt_submit,智能问答,v2,web
2026-08-03,u_108,20260803_u_108,generation_success,智能问答,v2,web
2026-08-03,u_109,20260803_u_109,page_view,文案生成,v1,desktop
2026-08-03,u_109,20260803_u_109,prompt_submit,文案生成,v1,desktop
2026-08-03,u_109,20260803_u_109,generation_success,文案生成,v1,desktop
2026-08-03,u_109,20260803_u_109,feature_click,文案生成,v1,desktop
2026-08-03,u_112,20260803_u_112,page_view,智能问答,v2,desktop
2026-08-03,u_115,20260803_u_115,page_view,智能问答,v1,web
2026-08-03,u_115,20260803_u_115,prompt_submit,智能问答,v1,web
2026-08-03,u_117,20260803_u_117,page_view,智能问答,v1,web
2026-08-03,u_117,20260803_u_117,prompt_submit,智能问答,v1,web
2026-08-03,u_121,20260803_u_121,page_view,智能问答,v1,web
2026-08-03,u_121,20260803_u_121,prompt_submit,智能问答,v1,web
2026-08-03,u_121,20260803_u_121,generation_success,智能问答,v1,web
2026-08-03,u_121,20260803_u_121,result_adopt,智能问答,v1,web
2026-08-03,u_122,20260803_u_122,page_view,文案生成,v1,desktop
2026-08-03,u_124,20260803_u_124,page_view,智能问答,v2,web
2026-08-03,u_124,20260803_u_124,prompt_submit,智能问答,v2,web
2026-08-03,u_124,20260803_u_124,generation_success,智能问答,v2,web
2026-08-03,u_124,20260803_u_124,result_adopt,智能问答,v2,web
2026-08-03,u_126,20260803_u_126,page_view,智能问答,v1,desktop
2026-08-03,u_126,20260803_u_126,prompt_submit,智能问答,v1,desktop
2026-08-03,u_126,20260803_u_126,generation_success,智能问答,v1,desktop
2026-08-03,u_126,20260803_u_126,feature_click,智能问答,v1,desktop
2026-08-03,u_127,20260803_u_127,page_view,文案生成,v1,web
2026-08-03,u_127,20260803_u_127,prompt_submit,文案生成,v1,web
2026-08-03,u_127,20260803_u_127,generation_success,文案生成,v1,web
2026-08-03,u_127,20260803_u_127,result_adopt,文案生成,v1,web
2026-08-03,u_127,20260803_u_127,feature_click,文案生成,v1,web
2026-08-03,u_130,20260803_u_130,page_view,智能问答,v1,desktop
2026-08-03,u_130,20260803_u_130,prompt_submit,智能问答,v1,desktop
2026-08-03,u_130,20260803_u_130,generation_success,智能问答,v1,desktop
2026-08-03,u_130,20260803_u_130,result_adopt,智能问答,v1,desktop
2026-08-03,u_131,20260803_u_131,page_view,智能问答,v1,web
2026-08-03,u_132,20260803_u_132,page_view,文案生成,v2,desktop
2026-08-03,u_132,20260803_u_132,prompt_submit,文案生成,v2,desktop
2026-08-03,u_132,20260803_u_132,generation_success,文案生成,v2,desktop
2026-08-03,u_132,20260803_u_132,result_adopt,文案生成,v2,desktop
2026-08-03,u_132,20260803_u_132,feature_click,文案生成,v2,desktop
2026-08-03,u_134,20260803_u_134,page_view,文案生成,v1,web
2026-08-03,u_135,20260803_u_135,page_view,文案生成,v2,web
2026-08-03,u_136,20260803_u_136,page_view,表格分析,v1,desktop
2026-08-03,u_138,20260803_u_138,page_view,智能问答,v2,desktop
2026-08-03,u_138,20260803_u_138,prompt_submit,智能问答,v2,desktop
2026-08-03,u_138,20260803_u_138,generation_success,智能问答,v2,desktop
2026-08-03,u_138,20260803_u_138,result_adopt,智能问答,v2,desktop
2026-08-03,u_139,20260803_u_139,page_view,表格分析,v1,desktop
2026-08-03,u_139,20260803_u_139,prompt_submit,表格分析,v1,desktop
2026-08-03,u_139,20260803_u_139,generation_success,表格分析,v1,desktop
2026-08-03,u_141,20260803_u_141,page_view,文案生成,v1,desktop
2026-08-03,u_141,20260803_u_141,prompt_submit,文案生成,v1,desktop
2026-08-03,u_141,20260803_u_141,generation_success,文案生成,v1,desktop
2026-08-03,u_141,20260803_u_141,feature_click,文案生成,v1,desktop
2026-08-03,u_142,20260803_u_142,page_view,智能问答,v2,web
2026-08-03,u_143,20260803_u_143,page_view,智能问答,v1,web
2026-08-03,u_143,20260803_u_143,prompt_submit,智能问答,v1,web
2026-08-03,u_143,20260803_u_143,generation_success,智能问答,v1,web
2026-08-03,u_143,20260803_u_143,result_adopt,智能问答,v1,web
2026-08-03,u_144,20260803_u_144,page_view,文案生成,v2,web
2026-08-03,u_144,20260803_u_144,prompt_submit,文案生成,v2,web
2026-08-03,u_144,20260803_u_144,generation_success,文案生成,v2,web
2026-08-03,u_144,20260803_u_144,feature_click,文案生成,v2,web
2026-08-03,u_145,20260803_u_145,page_view,文案生成,v2,desktop
2026-08-03,u_145,20260803_u_145,prompt_submit,文案生成,v2,desktop
2026-08-03,u_145,20260803_u_145,generation_success,文案生成,v2,desktop
2026-08-03,u_145,20260803_u_145,result_adopt,文案生成,v2,desktop
2026-08-03,u_145,20260803_u_145,feature_click,文案生成,v2,desktop
2026-08-03,u_146,20260803_u_146,page_view,文案生成,v2,web
2026-08-03,u_146,20260803_u_146,prompt_submit,文案生成,v2,web
2026-08-03,u_146,20260803_u_146,generation_success,文案生成,v2,web
2026-08-03,u_146,20260803_u_146,result_adopt,文案生成,v2,web
2026-08-03,u_148,20260803_u_148,page_view,智能问答,v1,web
2026-08-03,u_148,20260803_u_148,prompt_submit,智能问答,v1,web
2026-08-03,u_148,20260803_u_148,generation_success,智能问答,v1,web
2026-08-03,u_148,20260803_u_148,feature_click,智能问答,v1,web
2026-08-03,u_149,20260803_u_149,page_view,文案生成,v1,web
2026-08-03,u_149,20260803_u_149,prompt_submit,文案生成,v1,web
2026-08-03,u_149,20260803_u_149,generation_success,文案生成,v1,web
2026-08-03,u_150,20260803_u_150,page_view,表格分析,v2,desktop
2026-08-03,u_150,20260803_u_150,prompt_submit,表格分析,v2,desktop
2026-08-03,u_151,20260803_u_151,page_view,表格分析,v2,web
2026-08-03,u_151,20260803_u_151,prompt_submit,表格分析,v2,web
2026-08-03,u_151,20260803_u_151,generation_success,表格分析,v2,web
2026-08-03,u_151,20260803_u_151,feature_click,表格分析,v2,web
2026-08-03,u_152,20260803_u_152,page_view,表格分析,v2,web
2026-08-03,u_152,20260803_u_152,prompt_submit,表格分析,v2,web
2026-08-03,u_152,20260803_u_152,generation_success,表格分析,v2,web
2026-08-03,u_152,20260803_u_152,feature_click,表格分析,v2,web
2026-08-03,u_155,20260803_u_155,page_view,文案生成,v2,web
2026-08-03,u_155,20260803_u_155,prompt_submit,文案生成,v2,web
2026-08-03,u_155,20260803_u_155,generation_success,文案生成,v2,web
2026-08-03,u_155,20260803_u_155,feature_click,文案生成,v2,web
2026-08-03,u_156,20260803_u_156,page_view,智能问答,v2,desktop
2026-08-03,u_156,20260803_u_156,prompt_submit,智能问答,v2,desktop
2026-08-03,u_156,20260803_u_156,generation_success,智能问答,v2,desktop
2026-08-03,u_158,20260803_u_158,page_view,文案生成,v1,web
2026-08-03,u_158,20260803_u_158,prompt_submit,文案生成,v1,web
2026-08-03,u_158,20260803_u_158,generation_success,文案生成,v1,web
2026-08-03,u_158,20260803_u_158,feature_click,文案生成,v1,web
2026-08-03,u_159,20260803_u_159,page_view,表格分析,v2,web
2026-08-03,u_159,20260803_u_159,prompt_submit,表格分析,v2,web
2026-08-03,u_159,20260803_u_159,generation_success,表格分析,v2,web
2026-08-03,u_159,20260803_u_159,feature_click,表格分析,v2,web
2026-08-03,u_160,20260803_u_160,page_view,表格分析,v1,web
2026-08-03,u_160,20260803_u_160,prompt_submit,表格分析,v1,web
2026-08-03,u_160,20260803_u_160,generation_success,表格分析,v1,web
2026-08-03,u_160,20260803_u_160,result_adopt,表格分析,v1,web
2026-08-03,u_161,20260803_u_161,page_view,表格分析,v1,desktop
2026-08-03,u_161,20260803_u_161,prompt_submit,表格分析,v1,desktop
2026-08-03,u_161,20260803_u_161,generation_success,表格分析,v1,desktop
2026-08-03,u_161,20260803_u_161,result_adopt,表格分析,v1,desktop
2026-08-03,u_161,20260803_u_161,feature_click,表格分析,v1,desktop
2026-08-03,u_163,20260803_u_163,page_view,文案生成,v2,desktop
2026-08-03,u_163,20260803_u_163,prompt_submit,文案生成,v2,desktop
2026-08-03,u_163,20260803_u_163,generation_success,文案生成,v2,desktop
2026-08-03,u_163,20260803_u_163,feature_click,文案生成,v2,desktop
2026-08-03,u_164,20260803_u_164,page_view,文案生成,v2,desktop
2026-08-03,u_164,20260803_u_164,prompt_submit,文案生成,v2,desktop
2026-08-03,u_164,20260803_u_164,generation_success,文案生成,v2,desktop
2026-08-03,u_164,20260803_u_164,result_adopt,文案生成,v2,desktop
2026-08-03,u_165,20260803_u_165,page_view,文案生成,v1,desktop
2026-08-03,u_165,20260803_u_165,prompt_submit,文案生成,v1,desktop
2026-08-03,u_165,20260803_u_165,generation_success,文案生成,v1,desktop
2026-08-03,u_165,20260803_u_165,feature_click,文案生成,v1,desktop
2026-08-03,u_166,20260803_u_166,page_view,文案生成,v1,web
2026-08-03,u_166,20260803_u_166,prompt_submit,文案生成,v1,web
2026-08-03,u_166,20260803_u_166,generation_success,文案生成,v1,web
2026-08-03,u_166,20260803_u_166,feature_click,文案生成,v1,web
2026-08-03,u_168,20260803_u_168,page_view,文案生成,v1,desktop
2026-08-03,u_168,20260803_u_168,prompt_submit,文案生成,v1,desktop
2026-08-03,u_168,20260803_u_168,generation_success,文案生成,v1,desktop
2026-08-03,u_171,20260803_u_171,page_view,文案生成,v1,desktop
2026-08-03,u_171,20260803_u_171,prompt_submit,文案生成,v1,desktop
2026-08-03,u_171,20260803_u_171,generation_success,文案生成,v1,desktop
2026-08-03,u_173,20260803_u_173,page_view,表格分析,v2,web
2026-08-03,u_173,20260803_u_173,prompt_submit,表格分析,v2,web
2026-08-03,u_173,20260803_u_173,generation_success,表格分析,v2,web
2026-08-03,u_173,20260803_u_173,feature_click,表格分析,v2,web
2026-08-03,u_176,20260803_u_176,page_view,表格分析,v2,web
2026-08-03,u_176,20260803_u_176,prompt_submit,表格分析,v2,web
2026-08-03,u_176,20260803_u_176,generation_success,表格分析,v2,web
2026-08-03,u_176,20260803_u_176,result_adopt,表格分析,v2,web
2026-08-03,u_176,20260803_u_176,feature_click,表格分析,v2,web
2026-08-03,u_178,20260803_u_178,page_view,文案生成,v2,web
2026-08-03,u_179,20260803_u_179,page_view,表格分析,v2,desktop
2026-08-03,u_179,20260803_u_179,prompt_submit,表格分析,v2,desktop
2026-08-03,u_179,20260803_u_179,generation_success,表格分析,v2,desktop
2026-08-03,u_180,20260803_u_180,page_view,表格分析,v1,web
2026-08-03,u_180,20260803_u_180,prompt_submit,表格分析,v1,web
2026-08-04,u_001,20260804_u_001,page_view,表格分析,v1,desktop
2026-08-04,u_001,20260804_u_001,prompt_submit,表格分析,v1,desktop
2026-08-04,u_001,20260804_u_001,generation_success,表格分析,v1,desktop
2026-08-04,u_001,20260804_u_001,result_adopt,表格分析,v1,desktop
2026-08-04,u_002,20260804_u_002,page_view,智能问答,v1,desktop
2026-08-04,u_002,20260804_u_002,prompt_submit,智能问答,v1,desktop
2026-08-04,u_002,20260804_u_002,generation_success,智能问答,v1,desktop
2026-08-04,u_002,20260804_u_002,result_adopt,智能问答,v1,desktop
2026-08-04,u_002,20260804_u_002,feature_click,智能问答,v1,desktop
2026-08-04,u_003,20260804_u_003,page_view,表格分析,v1,web
2026-08-04,u_003,20260804_u_003,prompt_submit,表格分析,v1,web
2026-08-04,u_003,20260804_u_003,generation_success,表格分析,v1,web
2026-08-04,u_003,20260804_u_003,feature_click,表格分析,v1,web
2026-08-04,u_004,20260804_u_004,page_view,文案生成,v2,desktop
2026-08-04,u_006,20260804_u_006,page_view,文案生成,v1,desktop
2026-08-04,u_007,20260804_u_007,page_view,智能问答,v1,web
2026-08-04,u_008,20260804_u_008,page_view,表格分析,v2,desktop
2026-08-04,u_008,20260804_u_008,prompt_submit,表格分析,v2,desktop
2026-08-04,u_008,20260804_u_008,generation_success,表格分析,v2,desktop
2026-08-04,u_008,20260804_u_008,feature_click,表格分析,v2,desktop
2026-08-04,u_009,20260804_u_009,page_view,智能问答,v2,desktop
2026-08-04,u_009,20260804_u_009,prompt_submit,智能问答,v2,desktop
2026-08-04,u_009,20260804_u_009,generation_success,智能问答,v2,desktop
2026-08-04,u_009,20260804_u_009,feature_click,智能问答,v2,desktop
2026-08-04,u_014,20260804_u_014,page_view,表格分析,v1,desktop
2026-08-04,u_015,20260804_u_015,page_view,表格分析,v1,desktop
2026-08-04,u_015,20260804_u_015,prompt_submit,表格分析,v1,desktop
2026-08-04,u_015,20260804_u_015,generation_success,表格分析,v1,desktop
2026-08-04,u_015,20260804_u_015,result_adopt,表格分析,v1,desktop
2026-08-04,u_015,20260804_u_015,feature_click,表格分析,v1,desktop
2026-08-04,u_017,20260804_u_017,page_view,智能问答,v2,desktop
2026-08-04,u_018,20260804_u_018,page_view,表格分析,v2,desktop
2026-08-04,u_022,20260804_u_022,page_view,表格分析,v2,desktop
2026-08-04,u_022,20260804_u_022,prompt_submit,表格分析,v2,desktop
2026-08-04,u_022,20260804_u_022,generation_success,表格分析,v2,desktop
2026-08-04,u_023,20260804_u_023,page_view,智能问答,v2,web
2026-08-04,u_023,20260804_u_023,prompt_submit,智能问答,v2,web
2026-08-04,u_023,20260804_u_023,generation_success,智能问答,v2,web
2026-08-04,u_024,20260804_u_024,page_view,智能问答,v2,web
2026-08-04,u_024,20260804_u_024,prompt_submit,智能问答,v2,web
2026-08-04,u_024,20260804_u_024,generation_success,智能问答,v2,web
2026-08-04,u_024,20260804_u_024,feature_click,智能问答,v2,web
2026-08-04,u_025,20260804_u_025,page_view,表格分析,v1,web
2026-08-04,u_025,20260804_u_025,prompt_submit,表格分析,v1,web
2026-08-04,u_025,20260804_u_025,generation_success,表格分析,v1,web
2026-08-04,u_025,20260804_u_025,result_adopt,表格分析,v1,web
2026-08-04,u_025,20260804_u_025,feature_click,表格分析,v1,web
2026-08-04,u_026,20260804_u_026,page_view,文案生成,v2,desktop
2026-08-04,u_028,20260804_u_028,page_view,文案生成,v1,web
2026-08-04,u_029,20260804_u_029,page_view,文案生成,v2,desktop
2026-08-04,u_029,20260804_u_029,prompt_submit,文案生成,v2,desktop
2026-08-04,u_029,20260804_u_029,generation_success,文案生成,v2,desktop
2026-08-04,u_030,20260804_u_030,page_view,表格分析,v2,web
2026-08-04,u_032,20260804_u_032,page_view,表格分析,v1,web
2026-08-04,u_035,20260804_u_035,page_view,智能问答,v2,desktop
2026-08-04,u_036,20260804_u_036,page_view,表格分析,v1,web
2026-08-04,u_036,20260804_u_036,prompt_submit,表格分析,v1,web
2026-08-04,u_036,20260804_u_036,generation_success,表格分析,v1,web
2026-08-04,u_036,20260804_u_036,feature_click,表格分析,v1,web
2026-08-04,u_037,20260804_u_037,page_view,智能问答,v2,web
2026-08-04,u_038,20260804_u_038,page_view,智能问答,v1,web
2026-08-04,u_039,20260804_u_039,page_view,文案生成,v1,web
2026-08-04,u_039,20260804_u_039,prompt_submit,文案生成,v1,web
2026-08-04,u_039,20260804_u_039,generation_success,文案生成,v1,web
2026-08-04,u_039,20260804_u_039,result_adopt,文案生成,v1,web
2026-08-04,u_039,20260804_u_039,feature_click,文案生成,v1,web
2026-08-04,u_040,20260804_u_040,page_view,表格分析,v1,desktop
2026-08-04,u_040,20260804_u_040,prompt_submit,表格分析,v1,desktop
2026-08-04,u_040,20260804_u_040,generation_success,表格分析,v1,desktop
2026-08-04,u_040,20260804_u_040,feature_click,表格分析,v1,desktop
2026-08-04,u_041,20260804_u_041,page_view,文案生成,v2,desktop
2026-08-04,u_041,20260804_u_041,prompt_submit,文案生成,v2,desktop
2026-08-04,u_041,20260804_u_041,generation_success,文案生成,v2,desktop
2026-08-04,u_041,20260804_u_041,feature_click,文案生成,v2,desktop
2026-08-04,u_043,20260804_u_043,page_view,文案生成,v1,desktop
2026-08-04,u_043,20260804_u_043,prompt_submit,文案生成,v1,desktop
2026-08-04,u_043,20260804_u_043,generation_success,文案生成,v1,desktop
2026-08-04,u_045,20260804_u_045,page_view,文案生成,v2,desktop
2026-08-04,u_046,20260804_u_046,page_view,文案生成,v1,desktop
2026-08-04,u_048,20260804_u_048,page_view,文案生成,v1,desktop
2026-08-04,u_049,20260804_u_049,page_view,表格分析,v2,web
2026-08-04,u_049,20260804_u_049,prompt_submit,表格分析,v2,web
2026-08-04,u_049,20260804_u_049,generation_success,表格分析,v2,web
2026-08-04,u_049,20260804_u_049,feature_click,表格分析,v2,web
2026-08-04,u_052,20260804_u_052,page_view,智能问答,v2,web
2026-08-04,u_052,20260804_u_052,prompt_submit,智能问答,v2,web
2026-08-04,u_052,20260804_u_052,generation_success,智能问答,v2,web
2026-08-04,u_052,20260804_u_052,feature_click,智能问答,v2,web
2026-08-04,u_053,20260804_u_053,page_view,智能问答,v1,web
2026-08-04,u_053,20260804_u_053,prompt_submit,智能问答,v1,web
2026-08-04,u_053,20260804_u_053,generation_success,智能问答,v1,web
2026-08-04,u_053,20260804_u_053,feature_click,智能问答,v1,web
2026-08-04,u_054,20260804_u_054,page_view,表格分析,v2,desktop
2026-08-04,u_055,20260804_u_055,page_view,智能问答,v2,web
2026-08-04,u_055,20260804_u_055,prompt_submit,智能问答,v2,web
2026-08-04,u_055,20260804_u_055,generation_success,智能问答,v2,web
2026-08-04,u_056,20260804_u_056,page_view,智能问答,v1,desktop
2026-08-04,u_056,20260804_u_056,prompt_submit,智能问答,v1,desktop
2026-08-04,u_056,20260804_u_056,generation_success,智能问答,v1,desktop
2026-08-04,u_056,20260804_u_056,result_adopt,智能问答,v1,desktop
2026-08-04,u_056,20260804_u_056,feature_click,智能问答,v1,desktop
2026-08-04,u_057,20260804_u_057,page_view,表格分析,v1,desktop
2026-08-04,u_057,20260804_u_057,prompt_submit,表格分析,v1,desktop
2026-08-04,u_057,20260804_u_057,generation_success,表格分析,v1,desktop
2026-08-04,u_057,20260804_u_057,result_adopt,表格分析,v1,desktop
2026-08-04,u_057,20260804_u_057,feature_click,表格分析,v1,desktop
2026-08-04,u_058,20260804_u_058,page_view,文案生成,v1,desktop
2026-08-04,u_059,20260804_u_059,page_view,表格分析,v1,desktop
2026-08-04,u_060,20260804_u_060,page_view,智能问答,v1,desktop
2026-08-04,u_060,20260804_u_060,prompt_submit,智能问答,v1,desktop
2026-08-04,u_060,20260804_u_060,generation_success,智能问答,v1,desktop
2026-08-04,u_060,20260804_u_060,feature_click,智能问答,v1,desktop
2026-08-04,u_062,20260804_u_062,page_view,文案生成,v1,web
2026-08-04,u_062,20260804_u_062,prompt_submit,文案生成,v1,web
2026-08-04,u_062,20260804_u_062,generation_success,文案生成,v1,web
2026-08-04,u_062,20260804_u_062,result_adopt,文案生成,v1,web
2026-08-04,u_062,20260804_u_062,feature_click,文案生成,v1,web
2026-08-04,u_065,20260804_u_065,page_view,文案生成,v2,web
2026-08-04,u_065,20260804_u_065,prompt_submit,文案生成,v2,web
2026-08-04,u_065,20260804_u_065,generation_success,文案生成,v2,web
2026-08-04,u_065,20260804_u_065,result_adopt,文案生成,v2,web
2026-08-04,u_065,20260804_u_065,feature_click,文案生成,v2,web
2026-08-04,u_066,20260804_u_066,page_view,表格分析,v2,web
2026-08-04,u_066,20260804_u_066,prompt_submit,表格分析,v2,web
2026-08-04,u_071,20260804_u_071,page_view,文案生成,v2,web
2026-08-04,u_071,20260804_u_071,prompt_submit,文案生成,v2,web
2026-08-04,u_071,20260804_u_071,generation_success,文案生成,v2,web
2026-08-04,u_074,20260804_u_074,page_view,表格分析,v1,desktop
2026-08-04,u_074,20260804_u_074,prompt_submit,表格分析,v1,desktop
2026-08-04,u_074,20260804_u_074,generation_success,表格分析,v1,desktop
2026-08-04,u_074,20260804_u_074,result_adopt,表格分析,v1,desktop
2026-08-04,u_074,20260804_u_074,feature_click,表格分析,v1,desktop
2026-08-04,u_077,20260804_u_077,page_view,表格分析,v2,desktop
2026-08-04,u_078,20260804_u_078,page_view,表格分析,v2,web
2026-08-04,u_080,20260804_u_080,page_view,文案生成,v1,web
2026-08-04,u_081,20260804_u_081,page_view,文案生成,v2,web
2026-08-04,u_081,20260804_u_081,prompt_submit,文案生成,v2,web
2026-08-04,u_081,20260804_u_081,generation_success,文案生成,v2,web
2026-08-04,u_081,20260804_u_081,feature_click,文案生成,v2,web
2026-08-04,u_082,20260804_u_082,page_view,智能问答,v2,desktop
2026-08-04,u_082,20260804_u_082,prompt_submit,智能问答,v2,desktop
2026-08-04,u_082,20260804_u_082,generation_success,智能问答,v2,desktop
2026-08-04,u_082,20260804_u_082,result_adopt,智能问答,v2,desktop
2026-08-04,u_082,20260804_u_082,feature_click,智能问答,v2,desktop
2026-08-04,u_083,20260804_u_083,page_view,表格分析,v2,desktop
2026-08-04,u_083,20260804_u_083,prompt_submit,表格分析,v2,desktop
2026-08-04,u_083,20260804_u_083,generation_success,表格分析,v2,desktop
2026-08-04,u_083,20260804_u_083,result_adopt,表格分析,v2,desktop
2026-08-04,u_086,20260804_u_086,page_view,文案生成,v2,web
2026-08-04,u_088,20260804_u_088,page_view,智能问答,v1,desktop
2026-08-04,u_088,20260804_u_088,prompt_submit,智能问答,v1,desktop
2026-08-04,u_088,20260804_u_088,generation_success,智能问答,v1,desktop
2026-08-04,u_088,20260804_u_088,feature_click,智能问答,v1,desktop
2026-08-04,u_089,20260804_u_089,page_view,表格分析,v1,web
2026-08-04,u_089,20260804_u_089,prompt_submit,表格分析,v1,web
2026-08-04,u_089,20260804_u_089,generation_success,表格分析,v1,web
2026-08-04,u_089,20260804_u_089,result_adopt,表格分析,v1,web
2026-08-04,u_090,20260804_u_090,page_view,表格分析,v2,web
2026-08-04,u_092,20260804_u_092,page_view,表格分析,v1,web
2026-08-04,u_092,20260804_u_092,prompt_submit,表格分析,v1,web
2026-08-04,u_093,20260804_u_093,page_view,文案生成,v1,web
2026-08-04,u_094,20260804_u_094,page_view,表格分析,v2,desktop
2026-08-04,u_094,20260804_u_094,prompt_submit,表格分析,v2,desktop
2026-08-04,u_094,20260804_u_094,generation_success,表格分析,v2,desktop
2026-08-04,u_095,20260804_u_095,page_view,文案生成,v1,web
2026-08-04,u_095,20260804_u_095,prompt_submit,文案生成,v1,web
2026-08-04,u_095,20260804_u_095,generation_success,文案生成,v1,web
2026-08-04,u_098,20260804_u_098,page_view,表格分析,v1,desktop
2026-08-04,u_099,20260804_u_099,page_view,智能问答,v1,desktop
2026-08-04,u_102,20260804_u_102,page_view,表格分析,v2,desktop
2026-08-04,u_102,20260804_u_102,prompt_submit,表格分析,v2,desktop
2026-08-04,u_102,20260804_u_102,generation_success,表格分析,v2,desktop
2026-08-04,u_102,20260804_u_102,result_adopt,表格分析,v2,desktop
2026-08-04,u_104,20260804_u_104,page_view,表格分析,v1,desktop
2026-08-04,u_106,20260804_u_106,page_view,表格分析,v2,desktop
2026-08-04,u_106,20260804_u_106,prompt_submit,表格分析,v2,desktop
2026-08-04,u_106,20260804_u_106,generation_success,表格分析,v2,desktop
2026-08-04,u_106,20260804_u_106,result_adopt,表格分析,v2,desktop
2026-08-04,u_107,20260804_u_107,page_view,表格分析,v1,desktop
2026-08-04,u_107,20260804_u_107,prompt_submit,表格分析,v1,desktop
2026-08-04,u_107,20260804_u_107,generation_success,表格分析,v1,desktop
2026-08-04,u_107,20260804_u_107,result_adopt,表格分析,v1,desktop
2026-08-04,u_107,20260804_u_107,feature_click,表格分析,v1,desktop
2026-08-04,u_109,20260804_u_109,page_view,智能问答,v2,web
2026-08-04,u_109,20260804_u_109,prompt_submit,智能问答,v2,web
2026-08-04,u_109,20260804_u_109,generation_success,智能问答,v2,web
2026-08-04,u_109,20260804_u_109,feature_click,智能问答,v2,web
2026-08-04,u_111,20260804_u_111,page_view,文案生成,v1,desktop
2026-08-04,u_111,20260804_u_111,prompt_submit,文案生成,v1,desktop
2026-08-04,u_111,20260804_u_111,generation_success,文案生成,v1,desktop
2026-08-04,u_111,20260804_u_111,feature_click,文案生成,v1,desktop
2026-08-04,u_113,20260804_u_113,page_view,智能问答,v1,desktop
2026-08-04,u_113,20260804_u_113,prompt_submit,智能问答,v1,desktop
2026-08-04,u_113,20260804_u_113,generation_success,智能问答,v1,desktop
2026-08-04,u_113,20260804_u_113,result_adopt,智能问答,v1,desktop
2026-08-04,u_113,20260804_u_113,feature_click,智能问答,v1,desktop
2026-08-04,u_114,20260804_u_114,page_view,文案生成,v2,desktop
2026-08-04,u_114,20260804_u_114,prompt_submit,文案生成,v2,desktop
2026-08-04,u_114,20260804_u_114,generation_success,文案生成,v2,desktop
2026-08-04,u_114,20260804_u_114,feature_click,文案生成,v2,desktop
2026-08-04,u_118,20260804_u_118,page_view,智能问答,v1,desktop
2026-08-04,u_120,20260804_u_120,page_view,表格分析,v1,web
2026-08-04,u_120,20260804_u_120,prompt_submit,表格分析,v1,web
2026-08-04,u_120,20260804_u_120,generation_success,表格分析,v1,web
2026-08-04,u_120,20260804_u_120,feature_click,表格分析,v1,web
2026-08-04,u_121,20260804_u_121,page_view,智能问答,v2,web
2026-08-04,u_122,20260804_u_122,page_view,表格分析,v2,desktop
2026-08-04,u_122,20260804_u_122,prompt_submit,表格分析,v2,desktop
2026-08-04,u_122,20260804_u_122,generation_success,表格分析,v2,desktop
2026-08-04,u_122,20260804_u_122,result_adopt,表格分析,v2,desktop
2026-08-04,u_122,20260804_u_122,feature_click,表格分析,v2,desktop
2026-08-04,u_124,20260804_u_124,page_view,文案生成,v1,web
2026-08-04,u_124,20260804_u_124,prompt_submit,文案生成,v1,web
2026-08-04,u_124,20260804_u_124,generation_success,文案生成,v1,web
2026-08-04,u_124,20260804_u_124,result_adopt,文案生成,v1,web
2026-08-04,u_124,20260804_u_124,feature_click,文案生成,v1,web
2026-08-04,u_125,20260804_u_125,page_view,表格分析,v1,desktop
2026-08-04,u_126,20260804_u_126,page_view,表格分析,v1,web
2026-08-04,u_126,20260804_u_126,prompt_submit,表格分析,v1,web
2026-08-04,u_126,20260804_u_126,generation_success,表格分析,v1,web
2026-08-04,u_126,20260804_u_126,feature_click,表格分析,v1,web
2026-08-04,u_127,20260804_u_127,page_view,文案生成,v1,web
2026-08-04,u_127,20260804_u_127,prompt_submit,文案生成,v1,web
2026-08-04,u_127,20260804_u_127,generation_success,文案生成,v1,web
2026-08-04,u_127,20260804_u_127,feature_click,文案生成,v1,web
2026-08-04,u_132,20260804_u_132,page_view,文案生成,v2,desktop
2026-08-04,u_132,20260804_u_132,prompt_submit,文案生成,v2,desktop
2026-08-04,u_132,20260804_u_132,generation_success,文案生成,v2,desktop
2026-08-04,u_133,20260804_u_133,page_view,文案生成,v1,web
2026-08-04,u_133,20260804_u_133,prompt_submit,文案生成,v1,web
2026-08-04,u_135,20260804_u_135,page_view,文案生成,v2,desktop
2026-08-04,u_136,20260804_u_136,page_view,文案生成,v1,web
2026-08-04,u_137,20260804_u_137,page_view,表格分析,v2,desktop
2026-08-04,u_139,20260804_u_139,page_view,文案生成,v2,web
2026-08-04,u_139,20260804_u_139,prompt_submit,文案生成,v2,web
2026-08-04,u_139,20260804_u_139,generation_success,文案生成,v2,web
2026-08-04,u_139,20260804_u_139,feature_click,文案生成,v2,web
2026-08-04,u_140,20260804_u_140,page_view,智能问答,v1,web
2026-08-04,u_140,20260804_u_140,prompt_submit,智能问答,v1,web
2026-08-04,u_140,20260804_u_140,generation_success,智能问答,v1,web
2026-08-04,u_140,20260804_u_140,feature_click,智能问答,v1,web
2026-08-04,u_141,20260804_u_141,page_view,智能问答,v1,web
2026-08-04,u_141,20260804_u_141,prompt_submit,智能问答,v1,web
2026-08-04,u_141,20260804_u_141,generation_success,智能问答,v1,web
2026-08-04,u_144,20260804_u_144,page_view,智能问答,v1,web
2026-08-04,u_144,20260804_u_144,prompt_submit,智能问答,v1,web
2026-08-04,u_144,20260804_u_144,generation_success,智能问答,v1,web
2026-08-04,u_146,20260804_u_146,page_view,文案生成,v2,desktop
2026-08-04,u_147,20260804_u_147,page_view,表格分析,v1,web
2026-08-04,u_148,20260804_u_148,page_view,智能问答,v2,desktop
2026-08-04,u_148,20260804_u_148,prompt_submit,智能问答,v2,desktop
2026-08-04,u_148,20260804_u_148,generation_success,智能问答,v2,desktop
2026-08-04,u_148,20260804_u_148,feature_click,智能问答,v2,desktop
2026-08-04,u_150,20260804_u_150,page_view,智能问答,v1,desktop
2026-08-04,u_151,20260804_u_151,page_view,文案生成,v2,web
2026-08-04,u_151,20260804_u_151,prompt_submit,文案生成,v2,web
2026-08-04,u_154,20260804_u_154,page_view,表格分析,v2,desktop
2026-08-04,u_154,20260804_u_154,prompt_submit,表格分析,v2,desktop
2026-08-04,u_154,20260804_u_154,generation_success,表格分析,v2,desktop
2026-08-04,u_154,20260804_u_154,result_adopt,表格分析,v2,desktop
2026-08-04,u_157,20260804_u_157,page_view,文案生成,v2,desktop
2026-08-04,u_159,20260804_u_159,page_view,表格分析,v1,web
2026-08-04,u_159,20260804_u_159,prompt_submit,表格分析,v1,web
2026-08-04,u_159,20260804_u_159,generation_success,表格分析,v1,web
2026-08-04,u_159,20260804_u_159,feature_click,表格分析,v1,web
2026-08-04,u_160,20260804_u_160,page_view,表格分析,v2,desktop
2026-08-04,u_161,20260804_u_161,page_view,智能问答,v2,desktop
2026-08-04,u_161,20260804_u_161,prompt_submit,智能问答,v2,desktop
2026-08-04,u_161,20260804_u_161,generation_success,智能问答,v2,desktop
2026-08-04,u_164,20260804_u_164,page_view,智能问答,v1,web
2026-08-04,u_165,20260804_u_165,page_view,文案生成,v1,desktop
2026-08-04,u_165,20260804_u_165,prompt_submit,文案生成,v1,desktop
2026-08-04,u_165,20260804_u_165,generation_success,文案生成,v1,desktop
2026-08-04,u_165,20260804_u_165,feature_click,文案生成,v1,desktop
2026-08-04,u_166,20260804_u_166,page_view,智能问答,v1,desktop
2026-08-04,u_166,20260804_u_166,prompt_submit,智能问答,v1,desktop
2026-08-04,u_166,20260804_u_166,generation_success,智能问答,v1,desktop
2026-08-04,u_166,20260804_u_166,result_adopt,智能问答,v1,desktop
2026-08-04,u_166,20260804_u_166,feature_click,智能问答,v1,desktop
2026-08-04,u_170,20260804_u_170,page_view,智能问答,v1,web
2026-08-04,u_170,20260804_u_170,prompt_submit,智能问答,v1,web
2026-08-04,u_170,20260804_u_170,generation_success,智能问答,v1,web
2026-08-04,u_170,20260804_u_170,result_adopt,智能问答,v1,web
2026-08-04,u_170,20260804_u_170,feature_click,智能问答,v1,web
2026-08-04,u_172,20260804_u_172,page_view,表格分析,v2,desktop
2026-08-04,u_172,20260804_u_172,prompt_submit,表格分析,v2,desktop
2026-08-04,u_172,20260804_u_172,generation_success,表格分析,v2,desktop
2026-08-04,u_172,20260804_u_172,result_adopt,表格分析,v2,desktop
2026-08-04,u_172,20260804_u_172,feature_click,表格分析,v2,desktop
2026-08-04,u_173,20260804_u_173,page_view,智能问答,v1,desktop
2026-08-04,u_173,20260804_u_173,prompt_submit,智能问答,v1,desktop
2026-08-04,u_175,20260804_u_175,page_view,智能问答,v2,web
2026-08-04,u_176,20260804_u_176,page_view,智能问答,v2,desktop
2026-08-04,u_177,20260804_u_177,page_view,智能问答,v2,web
2026-08-04,u_179,20260804_u_179,page_view,表格分析,v1,web
2026-08-04,u_179,20260804_u_179,prompt_submit,表格分析,v1,web
2026-08-04,u_179,20260804_u_179,generation_success,表格分析,v1,web
2026-08-04,u_179,20260804_u_179,result_adopt,表格分析,v1,web
2026-08-04,u_179,20260804_u_179,feature_click,表格分析,v1,web
2026-08-04,u_180,20260804_u_180,page_view,表格分析,v1,web
2026-08-05,u_001,20260805_u_001,page_view,文案生成,v2,desktop
2026-08-05,u_004,20260805_u_004,page_view,表格分析,v1,web
2026-08-05,u_004,20260805_u_004,prompt_submit,表格分析,v1,web
2026-08-05,u_004,20260805_u_004,generation_success,表格分析,v1,web
2026-08-05,u_004,20260805_u_004,feature_click,表格分析,v1,web
2026-08-05,u_005,20260805_u_005,page_view,表格分析,v1,web
2026-08-05,u_009,20260805_u_009,page_view,文案生成,v2,web
2026-08-05,u_009,20260805_u_009,prompt_submit,文案生成,v2,web
2026-08-05,u_009,20260805_u_009,generation_success,文案生成,v2,web
2026-08-05,u_009,20260805_u_009,feature_click,文案生成,v2,web
2026-08-05,u_010,20260805_u_010,page_view,智能问答,v2,web
2026-08-05,u_011,20260805_u_011,page_view,表格分析,v2,web
2026-08-05,u_011,20260805_u_011,prompt_submit,表格分析,v2,web
2026-08-05,u_011,20260805_u_011,generation_success,表格分析,v2,web
2026-08-05,u_011,20260805_u_011,result_adopt,表格分析,v2,web
2026-08-05,u_011,20260805_u_011,feature_click,表格分析,v2,web
2026-08-05,u_012,20260805_u_012,page_view,表格分析,v2,desktop
2026-08-05,u_014,20260805_u_014,page_view,文案生成,v2,web
2026-08-05,u_014,20260805_u_014,prompt_submit,文案生成,v2,web
2026-08-05,u_014,20260805_u_014,generation_success,文案生成,v2,web
2026-08-05,u_015,20260805_u_015,page_view,表格分析,v2,desktop
2026-08-05,u_015,20260805_u_015,prompt_submit,表格分析,v2,desktop
2026-08-05,u_015,20260805_u_015,generation_success,表格分析,v2,desktop
2026-08-05,u_015,20260805_u_015,feature_click,表格分析,v2,desktop
2026-08-05,u_016,20260805_u_016,page_view,表格分析,v1,web
2026-08-05,u_016,20260805_u_016,prompt_submit,表格分析,v1,web
2026-08-05,u_016,20260805_u_016,generation_success,表格分析,v1,web
2026-08-05,u_016,20260805_u_016,result_adopt,表格分析,v1,web
2026-08-05,u_016,20260805_u_016,feature_click,表格分析,v1,web
2026-08-05,u_017,20260805_u_017,page_view,智能问答,v1,web
2026-08-05,u_017,20260805_u_017,prompt_submit,智能问答,v1,web
2026-08-05,u_017,20260805_u_017,generation_success,智能问答,v1,web
2026-08-05,u_018,20260805_u_018,page_view,表格分析,v1,web
2026-08-05,u_018,20260805_u_018,prompt_submit,表格分析,v1,web
2026-08-05,u_018,20260805_u_018,generation_success,表格分析,v1,web
2026-08-05,u_019,20260805_u_019,page_view,文案生成,v2,desktop
2026-08-05,u_019,20260805_u_019,prompt_submit,文案生成,v2,desktop
2026-08-05,u_019,20260805_u_019,generation_success,文案生成,v2,desktop
2026-08-05,u_019,20260805_u_019,feature_click,文案生成,v2,desktop
2026-08-05,u_020,20260805_u_020,page_view,表格分析,v2,web
2026-08-05,u_020,20260805_u_020,prompt_submit,表格分析,v2,web
2026-08-05,u_020,20260805_u_020,generation_success,表格分析,v2,web
2026-08-05,u_020,20260805_u_020,result_adopt,表格分析,v2,web
2026-08-05,u_022,20260805_u_022,page_view,表格分析,v1,web
2026-08-05,u_022,20260805_u_022,prompt_submit,表格分析,v1,web
2026-08-05,u_022,20260805_u_022,generation_success,表格分析,v1,web
2026-08-05,u_022,20260805_u_022,feature_click,表格分析,v1,web
2026-08-05,u_023,20260805_u_023,page_view,表格分析,v2,web
2026-08-05,u_023,20260805_u_023,prompt_submit,表格分析,v2,web
2026-08-05,u_023,20260805_u_023,generation_success,表格分析,v2,web
2026-08-05,u_025,20260805_u_025,page_view,文案生成,v2,desktop
2026-08-05,u_026,20260805_u_026,page_view,表格分析,v1,desktop
2026-08-05,u_026,20260805_u_026,prompt_submit,表格分析,v1,desktop
2026-08-05,u_026,20260805_u_026,generation_success,表格分析,v1,desktop
2026-08-05,u_029,20260805_u_029,page_view,文案生成,v1,desktop
2026-08-05,u_029,20260805_u_029,prompt_submit,文案生成,v1,desktop
2026-08-05,u_029,20260805_u_029,generation_success,文案生成,v1,desktop
2026-08-05,u_029,20260805_u_029,feature_click,文案生成,v1,desktop
2026-08-05,u_032,20260805_u_032,page_view,表格分析,v1,web
2026-08-05,u_032,20260805_u_032,prompt_submit,表格分析,v1,web
2026-08-05,u_032,20260805_u_032,generation_success,表格分析,v1,web
2026-08-05,u_032,20260805_u_032,feature_click,表格分析,v1,web
2026-08-05,u_035,20260805_u_035,page_view,表格分析,v1,web
2026-08-05,u_035,20260805_u_035,prompt_submit,表格分析,v1,web
2026-08-05,u_035,20260805_u_035,generation_success,表格分析,v1,web
2026-08-05,u_035,20260805_u_035,result_adopt,表格分析,v1,web
2026-08-05,u_036,20260805_u_036,page_view,表格分析,v2,web
2026-08-05,u_038,20260805_u_038,page_view,文案生成,v1,web
2026-08-05,u_038,20260805_u_038,prompt_submit,文案生成,v1,web
2026-08-05,u_038,20260805_u_038,generation_success,文案生成,v1,web
2026-08-05,u_038,20260805_u_038,feature_click,文案生成,v1,web
2026-08-05,u_039,20260805_u_039,page_view,表格分析,v2,web
2026-08-05,u_039,20260805_u_039,prompt_submit,表格分析,v2,web
2026-08-05,u_039,20260805_u_039,generation_success,表格分析,v2,web
2026-08-05,u_039,20260805_u_039,result_adopt,表格分析,v2,web
2026-08-05,u_039,20260805_u_039,feature_click,表格分析,v2,web
2026-08-05,u_041,20260805_u_041,page_view,文案生成,v1,desktop
2026-08-05,u_042,20260805_u_042,page_view,表格分析,v2,web
2026-08-05,u_042,20260805_u_042,prompt_submit,表格分析,v2,web
2026-08-05,u_042,20260805_u_042,generation_success,表格分析,v2,web
2026-08-05,u_042,20260805_u_042,result_adopt,表格分析,v2,web
2026-08-05,u_043,20260805_u_043,page_view,智能问答,v1,desktop
2026-08-05,u_043,20260805_u_043,prompt_submit,智能问答,v1,desktop
2026-08-05,u_043,20260805_u_043,generation_success,智能问答,v1,desktop
2026-08-05,u_043,20260805_u_043,result_adopt,智能问答,v1,desktop
2026-08-05,u_043,20260805_u_043,feature_click,智能问答,v1,desktop
2026-08-05,u_047,20260805_u_047,page_view,表格分析,v1,desktop
2026-08-05,u_047,20260805_u_047,prompt_submit,表格分析,v1,desktop
2026-08-05,u_047,20260805_u_047,generation_success,表格分析,v1,desktop
2026-08-05,u_047,20260805_u_047,result_adopt,表格分析,v1,desktop
2026-08-05,u_050,20260805_u_050,page_view,表格分析,v2,web
2026-08-05,u_050,20260805_u_050,prompt_submit,表格分析,v2,web
2026-08-05,u_050,20260805_u_050,generation_success,表格分析,v2,web
2026-08-05,u_050,20260805_u_050,result_adopt,表格分析,v2,web
2026-08-05,u_050,20260805_u_050,feature_click,表格分析,v2,web
2026-08-05,u_053,20260805_u_053,page_view,智能问答,v2,web
2026-08-05,u_053,20260805_u_053,prompt_submit,智能问答,v2,web
2026-08-05,u_053,20260805_u_053,generation_success,智能问答,v2,web
2026-08-05,u_053,20260805_u_053,feature_click,智能问答,v2,web
2026-08-05,u_054,20260805_u_054,page_view,表格分析,v2,desktop
2026-08-05,u_054,20260805_u_054,prompt_submit,表格分析,v2,desktop
2026-08-05,u_054,20260805_u_054,generation_success,表格分析,v2,desktop
2026-08-05,u_055,20260805_u_055,page_view,表格分析,v1,web
2026-08-05,u_055,20260805_u_055,prompt_submit,表格分析,v1,web
2026-08-05,u_055,20260805_u_055,generation_success,表格分析,v1,web
2026-08-05,u_055,20260805_u_055,result_adopt,表格分析,v1,web
2026-08-05,u_058,20260805_u_058,page_view,文案生成,v1,web
2026-08-05,u_058,20260805_u_058,prompt_submit,文案生成,v1,web
2026-08-05,u_058,20260805_u_058,generation_success,文案生成,v1,web
2026-08-05,u_059,20260805_u_059,page_view,表格分析,v2,desktop
2026-08-05,u_060,20260805_u_060,page_view,文案生成,v2,desktop
2026-08-05,u_060,20260805_u_060,prompt_submit,文案生成,v2,desktop
2026-08-05,u_061,20260805_u_061,page_view,文案生成,v1,web
2026-08-05,u_062,20260805_u_062,page_view,智能问答,v2,web
2026-08-05,u_062,20260805_u_062,prompt_submit,智能问答,v2,web
2026-08-05,u_062,20260805_u_062,generation_success,智能问答,v2,web
2026-08-05,u_062,20260805_u_062,result_adopt,智能问答,v2,web
2026-08-05,u_062,20260805_u_062,feature_click,智能问答,v2,web
2026-08-05,u_063,20260805_u_063,page_view,表格分析,v2,web
2026-08-05,u_063,20260805_u_063,prompt_submit,表格分析,v2,web
2026-08-05,u_063,20260805_u_063,generation_success,表格分析,v2,web
2026-08-05,u_063,20260805_u_063,result_adopt,表格分析,v2,web
2026-08-05,u_063,20260805_u_063,feature_click,表格分析,v2,web
2026-08-05,u_065,20260805_u_065,page_view,文案生成,v1,web
2026-08-05,u_066,20260805_u_066,page_view,文案生成,v2,web
2026-08-05,u_067,20260805_u_067,page_view,智能问答,v2,desktop
2026-08-05,u_067,20260805_u_067,prompt_submit,智能问答,v2,desktop
2026-08-05,u_067,20260805_u_067,generation_success,智能问答,v2,desktop
2026-08-05,u_067,20260805_u_067,result_adopt,智能问答,v2,desktop
2026-08-05,u_068,20260805_u_068,page_view,表格分析,v1,desktop
2026-08-05,u_069,20260805_u_069,page_view,表格分析,v2,web
2026-08-05,u_070,20260805_u_070,page_view,文案生成,v2,web
2026-08-05,u_070,20260805_u_070,prompt_submit,文案生成,v2,web
2026-08-05,u_070,20260805_u_070,generation_success,文案生成,v2,web
2026-08-05,u_073,20260805_u_073,page_view,文案生成,v1,web
2026-08-05,u_074,20260805_u_074,page_view,表格分析,v1,desktop
2026-08-05,u_074,20260805_u_074,prompt_submit,表格分析,v1,desktop
2026-08-05,u_074,20260805_u_074,generation_success,表格分析,v1,desktop
2026-08-05,u_076,20260805_u_076,page_view,文案生成,v2,desktop
2026-08-05,u_076,20260805_u_076,prompt_submit,文案生成,v2,desktop
2026-08-05,u_076,20260805_u_076,generation_success,文案生成,v2,desktop
2026-08-05,u_077,20260805_u_077,page_view,智能问答,v2,web
2026-08-05,u_077,20260805_u_077,prompt_submit,智能问答,v2,web
2026-08-05,u_077,20260805_u_077,generation_success,智能问答,v2,web
2026-08-05,u_078,20260805_u_078,page_view,智能问答,v2,web
2026-08-05,u_079,20260805_u_079,page_view,表格分析,v1,desktop
2026-08-05,u_079,20260805_u_079,prompt_submit,表格分析,v1,desktop
2026-08-05,u_079,20260805_u_079,generation_success,表格分析,v1,desktop
2026-08-05,u_079,20260805_u_079,result_adopt,表格分析,v1,desktop
2026-08-05,u_080,20260805_u_080,page_view,表格分析,v2,web
2026-08-05,u_081,20260805_u_081,page_view,文案生成,v1,desktop
2026-08-05,u_082,20260805_u_082,page_view,表格分析,v2,web
2026-08-05,u_082,20260805_u_082,prompt_submit,表格分析,v2,web
2026-08-05,u_082,20260805_u_082,generation_success,表格分析,v2,web
2026-08-05,u_083,20260805_u_083,page_view,文案生成,v2,web
2026-08-05,u_083,20260805_u_083,prompt_submit,文案生成,v2,web
2026-08-05,u_083,20260805_u_083,generation_success,文案生成,v2,web
2026-08-05,u_085,20260805_u_085,page_view,表格分析,v2,web
2026-08-05,u_086,20260805_u_086,page_view,表格分析,v2,desktop
2026-08-05,u_086,20260805_u_086,prompt_submit,表格分析,v2,desktop
2026-08-05,u_086,20260805_u_086,generation_success,表格分析,v2,desktop
2026-08-05,u_086,20260805_u_086,result_adopt,表格分析,v2,desktop
2026-08-05,u_086,20260805_u_086,feature_click,表格分析,v2,desktop
2026-08-05,u_088,20260805_u_088,page_view,表格分析,v1,web
2026-08-05,u_088,20260805_u_088,prompt_submit,表格分析,v1,web
2026-08-05,u_088,20260805_u_088,generation_success,表格分析,v1,web
2026-08-05,u_088,20260805_u_088,feature_click,表格分析,v1,web
2026-08-05,u_089,20260805_u_089,page_view,智能问答,v2,desktop
2026-08-05,u_091,20260805_u_091,page_view,表格分析,v1,desktop
2026-08-05,u_091,20260805_u_091,prompt_submit,表格分析,v1,desktop
2026-08-05,u_091,20260805_u_091,generation_success,表格分析,v1,desktop
2026-08-05,u_091,20260805_u_091,result_adopt,表格分析,v1,desktop
2026-08-05,u_091,20260805_u_091,feature_click,表格分析,v1,desktop
2026-08-05,u_092,20260805_u_092,page_view,文案生成,v1,web
2026-08-05,u_092,20260805_u_092,prompt_submit,文案生成,v1,web
2026-08-05,u_092,20260805_u_092,generation_success,文案生成,v1,web
2026-08-05,u_092,20260805_u_092,feature_click,文案生成,v1,web
2026-08-05,u_095,20260805_u_095,page_view,智能问答,v1,web
2026-08-05,u_095,20260805_u_095,prompt_submit,智能问答,v1,web
2026-08-05,u_095,20260805_u_095,generation_success,智能问答,v1,web
2026-08-05,u_095,20260805_u_095,feature_click,智能问答,v1,web
2026-08-05,u_096,20260805_u_096,page_view,表格分析,v2,web
2026-08-05,u_097,20260805_u_097,page_view,表格分析,v2,desktop
2026-08-05,u_099,20260805_u_099,page_view,文案生成,v2,desktop
2026-08-05,u_099,20260805_u_099,prompt_submit,文案生成,v2,desktop
2026-08-05,u_099,20260805_u_099,generation_success,文案生成,v2,desktop
2026-08-05,u_099,20260805_u_099,feature_click,文案生成,v2,desktop
2026-08-05,u_101,20260805_u_101,page_view,表格分析,v1,web
2026-08-05,u_101,20260805_u_101,prompt_submit,表格分析,v1,web
2026-08-05,u_101,20260805_u_101,generation_success,表格分析,v1,web
2026-08-05,u_101,20260805_u_101,result_adopt,表格分析,v1,web
2026-08-05,u_101,20260805_u_101,feature_click,表格分析,v1,web
2026-08-05,u_104,20260805_u_104,page_view,文案生成,v2,web
2026-08-05,u_104,20260805_u_104,prompt_submit,文案生成,v2,web
2026-08-05,u_104,20260805_u_104,generation_success,文案生成,v2,web
2026-08-05,u_104,20260805_u_104,feature_click,文案生成,v2,web
2026-08-05,u_105,20260805_u_105,page_view,表格分析,v1,desktop
2026-08-05,u_105,20260805_u_105,prompt_submit,表格分析,v1,desktop
2026-08-05,u_105,20260805_u_105,generation_success,表格分析,v1,desktop
2026-08-05,u_105,20260805_u_105,feature_click,表格分析,v1,desktop
2026-08-05,u_106,20260805_u_106,page_view,智能问答,v1,desktop
2026-08-05,u_106,20260805_u_106,prompt_submit,智能问答,v1,desktop
2026-08-05,u_107,20260805_u_107,page_view,智能问答,v1,desktop
2026-08-05,u_111,20260805_u_111,page_view,表格分析,v2,desktop
2026-08-05,u_111,20260805_u_111,prompt_submit,表格分析,v2,desktop
2026-08-05,u_111,20260805_u_111,generation_success,表格分析,v2,desktop
2026-08-05,u_111,20260805_u_111,result_adopt,表格分析,v2,desktop
2026-08-05,u_113,20260805_u_113,page_view,表格分析,v2,web
2026-08-05,u_115,20260805_u_115,page_view,智能问答,v1,desktop
2026-08-05,u_115,20260805_u_115,prompt_submit,智能问答,v1,desktop
2026-08-05,u_115,20260805_u_115,generation_success,智能问答,v1,desktop
2026-08-05,u_115,20260805_u_115,feature_click,智能问答,v1,desktop
2026-08-05,u_118,20260805_u_118,page_view,智能问答,v2,web
2026-08-05,u_119,20260805_u_119,page_view,智能问答,v2,desktop
2026-08-05,u_119,20260805_u_119,prompt_submit,智能问答,v2,desktop
2026-08-05,u_119,20260805_u_119,generation_success,智能问答,v2,desktop
2026-08-05,u_120,20260805_u_120,page_view,智能问答,v2,web
2026-08-05,u_120,20260805_u_120,prompt_submit,智能问答,v2,web
2026-08-05,u_120,20260805_u_120,generation_success,智能问答,v2,web
2026-08-05,u_120,20260805_u_120,result_adopt,智能问答,v2,web
2026-08-05,u_121,20260805_u_121,page_view,智能问答,v2,desktop
2026-08-05,u_124,20260805_u_124,page_view,表格分析,v2,desktop
2026-08-05,u_124,20260805_u_124,prompt_submit,表格分析,v2,desktop
2026-08-05,u_124,20260805_u_124,generation_success,表格分析,v2,desktop
2026-08-05,u_124,20260805_u_124,feature_click,表格分析,v2,desktop
2026-08-05,u_125,20260805_u_125,page_view,文案生成,v2,web
2026-08-05,u_125,20260805_u_125,prompt_submit,文案生成,v2,web
2026-08-05,u_125,20260805_u_125,generation_success,文案生成,v2,web
2026-08-05,u_128,20260805_u_128,page_view,文案生成,v1,desktop
2026-08-05,u_129,20260805_u_129,page_view,表格分析,v2,desktop
2026-08-05,u_129,20260805_u_129,prompt_submit,表格分析,v2,desktop
2026-08-05,u_129,20260805_u_129,generation_success,表格分析,v2,desktop
2026-08-05,u_129,20260805_u_129,result_adopt,表格分析,v2,desktop
2026-08-05,u_130,20260805_u_130,page_view,智能问答,v1,desktop
2026-08-05,u_131,20260805_u_131,page_view,表格分析,v2,desktop
2026-08-05,u_131,20260805_u_131,prompt_submit,表格分析,v2,desktop
2026-08-05,u_131,20260805_u_131,generation_success,表格分析,v2,desktop
2026-08-05,u_133,20260805_u_133,page_view,智能问答,v1,web
2026-08-05,u_134,20260805_u_134,page_view,表格分析,v1,web
2026-08-05,u_134,20260805_u_134,prompt_submit,表格分析,v1,web
2026-08-05,u_134,20260805_u_134,generation_success,表格分析,v1,web
2026-08-05,u_134,20260805_u_134,result_adopt,表格分析,v1,web
2026-08-05,u_134,20260805_u_134,feature_click,表格分析,v1,web
2026-08-05,u_135,20260805_u_135,page_view,智能问答,v1,web
2026-08-05,u_135,20260805_u_135,prompt_submit,智能问答,v1,web
2026-08-05,u_135,20260805_u_135,generation_success,智能问答,v1,web
2026-08-05,u_135,20260805_u_135,result_adopt,智能问答,v1,web
2026-08-05,u_137,20260805_u_137,page_view,表格分析,v1,web
2026-08-05,u_137,20260805_u_137,prompt_submit,表格分析,v1,web
2026-08-05,u_138,20260805_u_138,page_view,表格分析,v2,desktop
2026-08-05,u_139,20260805_u_139,page_view,智能问答,v2,desktop
2026-08-05,u_141,20260805_u_141,page_view,表格分析,v2,web
2026-08-05,u_141,20260805_u_141,prompt_submit,表格分析,v2,web
2026-08-05,u_141,20260805_u_141,generation_success,表格分析,v2,web
2026-08-05,u_141,20260805_u_141,result_adopt,表格分析,v2,web
2026-08-05,u_142,20260805_u_142,page_view,文案生成,v2,web
2026-08-05,u_142,20260805_u_142,prompt_submit,文案生成,v2,web
2026-08-05,u_142,20260805_u_142,generation_success,文案生成,v2,web
2026-08-05,u_142,20260805_u_142,feature_click,文案生成,v2,web
2026-08-05,u_143,20260805_u_143,page_view,表格分析,v1,web
2026-08-05,u_143,20260805_u_143,prompt_submit,表格分析,v1,web
2026-08-05,u_143,20260805_u_143,generation_success,表格分析,v1,web
2026-08-05,u_143,20260805_u_143,feature_click,表格分析,v1,web
2026-08-05,u_144,20260805_u_144,page_view,表格分析,v2,desktop
2026-08-05,u_144,20260805_u_144,prompt_submit,表格分析,v2,desktop
2026-08-05,u_144,20260805_u_144,generation_success,表格分析,v2,desktop
2026-08-05,u_144,20260805_u_144,feature_click,表格分析,v2,desktop
2026-08-05,u_145,20260805_u_145,page_view,智能问答,v1,desktop
2026-08-05,u_146,20260805_u_146,page_view,智能问答,v2,web
2026-08-05,u_146,20260805_u_146,prompt_submit,智能问答,v2,web
2026-08-05,u_146,20260805_u_146,generation_success,智能问答,v2,web
2026-08-05,u_146,20260805_u_146,result_adopt,智能问答,v2,web
2026-08-05,u_147,20260805_u_147,page_view,表格分析,v1,web
2026-08-05,u_147,20260805_u_147,prompt_submit,表格分析,v1,web
2026-08-05,u_147,20260805_u_147,generation_success,表格分析,v1,web
2026-08-05,u_147,20260805_u_147,result_adopt,表格分析,v1,web
2026-08-05,u_147,20260805_u_147,feature_click,表格分析,v1,web
2026-08-05,u_148,20260805_u_148,page_view,表格分析,v1,desktop
2026-08-05,u_148,20260805_u_148,prompt_submit,表格分析,v1,desktop
2026-08-05,u_148,20260805_u_148,generation_success,表格分析,v1,desktop
2026-08-05,u_148,20260805_u_148,feature_click,表格分析,v1,desktop
2026-08-05,u_149,20260805_u_149,page_view,智能问答,v1,web
2026-08-05,u_151,20260805_u_151,page_view,表格分析,v1,desktop
2026-08-05,u_151,20260805_u_151,prompt_submit,表格分析,v1,desktop
2026-08-05,u_151,20260805_u_151,generation_success,表格分析,v1,desktop
2026-08-05,u_151,20260805_u_151,result_adopt,表格分析,v1,desktop
2026-08-05,u_152,20260805_u_152,page_view,文案生成,v1,web
2026-08-05,u_152,20260805_u_152,prompt_submit,文案生成,v1,web
2026-08-05,u_152,20260805_u_152,generation_success,文案生成,v1,web
2026-08-05,u_152,20260805_u_152,feature_click,文案生成,v1,web
2026-08-05,u_154,20260805_u_154,page_view,智能问答,v2,web
2026-08-05,u_154,20260805_u_154,prompt_submit,智能问答,v2,web
2026-08-05,u_154,20260805_u_154,generation_success,智能问答,v2,web
2026-08-05,u_154,20260805_u_154,result_adopt,智能问答,v2,web
2026-08-05,u_154,20260805_u_154,feature_click,智能问答,v2,web
2026-08-05,u_155,20260805_u_155,page_view,表格分析,v1,web
2026-08-05,u_155,20260805_u_155,prompt_submit,表格分析,v1,web
2026-08-05,u_155,20260805_u_155,generation_success,表格分析,v1,web
2026-08-05,u_155,20260805_u_155,result_adopt,表格分析,v1,web
2026-08-05,u_155,20260805_u_155,feature_click,表格分析,v1,web
2026-08-05,u_157,20260805_u_157,page_view,文案生成,v1,web
2026-08-05,u_158,20260805_u_158,page_view,表格分析,v1,desktop
2026-08-05,u_158,20260805_u_158,prompt_submit,表格分析,v1,desktop
2026-08-05,u_158,20260805_u_158,generation_success,表格分析,v1,desktop
2026-08-05,u_159,20260805_u_159,page_view,智能问答,v2,desktop
2026-08-05,u_159,20260805_u_159,prompt_submit,智能问答,v2,desktop
2026-08-05,u_159,20260805_u_159,generation_success,智能问答,v2,desktop
2026-08-05,u_159,20260805_u_159,feature_click,智能问答,v2,desktop
2026-08-05,u_162,20260805_u_162,page_view,表格分析,v1,desktop
2026-08-05,u_163,20260805_u_163,page_view,智能问答,v2,desktop
2026-08-05,u_166,20260805_u_166,page_view,智能问答,v2,web
2026-08-05,u_166,20260805_u_166,prompt_submit,智能问答,v2,web
2026-08-05,u_166,20260805_u_166,generation_success,智能问答,v2,web
2026-08-05,u_166,20260805_u_166,feature_click,智能问答,v2,web
2026-08-05,u_167,20260805_u_167,page_view,文案生成,v1,desktop
2026-08-05,u_167,20260805_u_167,prompt_submit,文案生成,v1,desktop
2026-08-05,u_167,20260805_u_167,generation_success,文案生成,v1,desktop
2026-08-05,u_168,20260805_u_168,page_view,智能问答,v2,web
2026-08-05,u_168,20260805_u_168,prompt_submit,智能问答,v2,web
2026-08-05,u_168,20260805_u_168,generation_success,智能问答,v2,web
2026-08-05,u_168,20260805_u_168,feature_click,智能问答,v2,web
2026-08-05,u_169,20260805_u_169,page_view,表格分析,v1,web
2026-08-05,u_170,20260805_u_170,page_view,文案生成,v1,web
2026-08-05,u_170,20260805_u_170,prompt_submit,文案生成,v1,web
2026-08-05,u_171,20260805_u_171,page_view,文案生成,v1,desktop
2026-08-05,u_171,20260805_u_171,prompt_submit,文案生成,v1,desktop
2026-08-05,u_171,20260805_u_171,generation_success,文案生成,v1,desktop
2026-08-05,u_174,20260805_u_174,page_view,智能问答,v2,web
2026-08-05,u_174,20260805_u_174,prompt_submit,智能问答,v2,web
2026-08-05,u_174,20260805_u_174,generation_success,智能问答,v2,web
2026-08-05,u_174,20260805_u_174,result_adopt,智能问答,v2,web
2026-08-05,u_174,20260805_u_174,feature_click,智能问答,v2,web
2026-08-05,u_177,20260805_u_177,page_view,文案生成,v1,web
2026-08-05,u_177,20260805_u_177,prompt_submit,文案生成,v1,web
2026-08-05,u_177,20260805_u_177,generation_success,文案生成,v1,web
2026-08-05,u_177,20260805_u_177,result_adopt,文案生成,v1,web
2026-08-05,u_178,20260805_u_178,page_view,智能问答,v2,web
2026-08-05,u_178,20260805_u_178,prompt_submit,智能问答,v2,web
2026-08-05,u_179,20260805_u_179,page_view,表格分析,v2,desktop
2026-08-06,u_001,20260806_u_001,page_view,智能问答,v2,web
2026-08-06,u_001,20260806_u_001,prompt_submit,智能问答,v2,web
2026-08-06,u_004,20260806_u_004,page_view,表格分析,v2,web
2026-08-06,u_004,20260806_u_004,prompt_submit,表格分析,v2,web
2026-08-06,u_004,20260806_u_004,generation_success,表格分析,v2,web
2026-08-06,u_004,20260806_u_004,feature_click,表格分析,v2,web
2026-08-06,u_005,20260806_u_005,page_view,文案生成,v2,desktop
2026-08-06,u_005,20260806_u_005,prompt_submit,文案生成,v2,desktop
2026-08-06,u_005,20260806_u_005,generation_success,文案生成,v2,desktop
2026-08-06,u_006,20260806_u_006,page_view,表格分析,v1,web
2026-08-06,u_006,20260806_u_006,prompt_submit,表格分析,v1,web
2026-08-06,u_007,20260806_u_007,page_view,表格分析,v2,desktop
2026-08-06,u_007,20260806_u_007,prompt_submit,表格分析,v2,desktop
2026-08-06,u_007,20260806_u_007,generation_success,表格分析,v2,desktop
2026-08-06,u_007,20260806_u_007,feature_click,表格分析,v2,desktop
2026-08-06,u_008,20260806_u_008,page_view,表格分析,v1,web
2026-08-06,u_013,20260806_u_013,page_view,智能问答,v2,desktop
2026-08-06,u_013,20260806_u_013,prompt_submit,智能问答,v2,desktop
2026-08-06,u_013,20260806_u_013,generation_success,智能问答,v2,desktop
2026-08-06,u_014,20260806_u_014,page_view,表格分析,v2,desktop
2026-08-06,u_015,20260806_u_015,page_view,文案生成,v2,web
2026-08-06,u_015,20260806_u_015,prompt_submit,文案生成,v2,web
2026-08-06,u_015,20260806_u_015,generation_success,文案生成,v2,web
2026-08-06,u_015,20260806_u_015,feature_click,文案生成,v2,web
2026-08-06,u_016,20260806_u_016,page_view,智能问答,v2,desktop
2026-08-06,u_017,20260806_u_017,page_view,文案生成,v2,desktop
2026-08-06,u_017,20260806_u_017,prompt_submit,文案生成,v2,desktop
2026-08-06,u_018,20260806_u_018,page_view,文案生成,v2,web
2026-08-06,u_019,20260806_u_019,page_view,文案生成,v1,desktop
2026-08-06,u_019,20260806_u_019,prompt_submit,文案生成,v1,desktop
2026-08-06,u_019,20260806_u_019,generation_success,文案生成,v1,desktop
2026-08-06,u_019,20260806_u_019,feature_click,文案生成,v1,desktop
2026-08-06,u_022,20260806_u_022,page_view,智能问答,v1,web
2026-08-06,u_022,20260806_u_022,prompt_submit,智能问答,v1,web
2026-08-06,u_022,20260806_u_022,generation_success,智能问答,v1,web
2026-08-06,u_023,20260806_u_023,page_view,表格分析,v2,web
2026-08-06,u_023,20260806_u_023,prompt_submit,表格分析,v2,web
2026-08-06,u_023,20260806_u_023,generation_success,表格分析,v2,web
2026-08-06,u_023,20260806_u_023,feature_click,表格分析,v2,web
2026-08-06,u_025,20260806_u_025,page_view,智能问答,v2,desktop
2026-08-06,u_025,20260806_u_025,prompt_submit,智能问答,v2,desktop
2026-08-06,u_025,20260806_u_025,generation_success,智能问答,v2,desktop
2026-08-06,u_025,20260806_u_025,feature_click,智能问答,v2,desktop
2026-08-06,u_026,20260806_u_026,page_view,表格分析,v1,web
2026-08-06,u_028,20260806_u_028,page_view,表格分析,v2,web
2026-08-06,u_028,20260806_u_028,prompt_submit,表格分析,v2,web
2026-08-06,u_028,20260806_u_028,generation_success,表格分析,v2,web
2026-08-06,u_028,20260806_u_028,result_adopt,表格分析,v2,web
2026-08-06,u_028,20260806_u_028,feature_click,表格分析,v2,web
2026-08-06,u_033,20260806_u_033,page_view,文案生成,v1,desktop
2026-08-06,u_033,20260806_u_033,prompt_submit,文案生成,v1,desktop
2026-08-06,u_033,20260806_u_033,generation_success,文案生成,v1,desktop
2026-08-06,u_034,20260806_u_034,page_view,智能问答,v1,web
2026-08-06,u_034,20260806_u_034,prompt_submit,智能问答,v1,web
2026-08-06,u_034,20260806_u_034,generation_success,智能问答,v1,web
2026-08-06,u_034,20260806_u_034,result_adopt,智能问答,v1,web
2026-08-06,u_034,20260806_u_034,feature_click,智能问答,v1,web
2026-08-06,u_035,20260806_u_035,page_view,文案生成,v1,web
2026-08-06,u_035,20260806_u_035,prompt_submit,文案生成,v1,web
2026-08-06,u_035,20260806_u_035,generation_success,文案生成,v1,web
2026-08-06,u_035,20260806_u_035,feature_click,文案生成,v1,web
2026-08-06,u_038,20260806_u_038,page_view,文案生成,v2,desktop
2026-08-06,u_038,20260806_u_038,prompt_submit,文案生成,v2,desktop
2026-08-06,u_040,20260806_u_040,page_view,文案生成,v1,web
2026-08-06,u_041,20260806_u_041,page_view,文案生成,v2,desktop
2026-08-06,u_041,20260806_u_041,prompt_submit,文案生成,v2,desktop
2026-08-06,u_041,20260806_u_041,generation_success,文案生成,v2,desktop
2026-08-06,u_041,20260806_u_041,result_adopt,文案生成,v2,desktop
2026-08-06,u_042,20260806_u_042,page_view,文案生成,v1,desktop
2026-08-06,u_047,20260806_u_047,page_view,文案生成,v2,desktop
2026-08-06,u_047,20260806_u_047,prompt_submit,文案生成,v2,desktop
2026-08-06,u_047,20260806_u_047,generation_success,文案生成,v2,desktop
2026-08-06,u_047,20260806_u_047,feature_click,文案生成,v2,desktop
2026-08-06,u_050,20260806_u_050,page_view,表格分析,v1,desktop
2026-08-06,u_050,20260806_u_050,prompt_submit,表格分析,v1,desktop
2026-08-06,u_050,20260806_u_050,generation_success,表格分析,v1,desktop
2026-08-06,u_050,20260806_u_050,feature_click,表格分析,v1,desktop
2026-08-06,u_052,20260806_u_052,page_view,文案生成,v2,web
2026-08-06,u_053,20260806_u_053,page_view,文案生成,v2,web
2026-08-06,u_055,20260806_u_055,page_view,表格分析,v1,web
2026-08-06,u_055,20260806_u_055,prompt_submit,表格分析,v1,web
2026-08-06,u_055,20260806_u_055,generation_success,表格分析,v1,web
2026-08-06,u_055,20260806_u_055,result_adopt,表格分析,v1,web
2026-08-06,u_055,20260806_u_055,feature_click,表格分析,v1,web
2026-08-06,u_056,20260806_u_056,page_view,表格分析,v2,desktop
2026-08-06,u_056,20260806_u_056,prompt_submit,表格分析,v2,desktop
2026-08-06,u_056,20260806_u_056,generation_success,表格分析,v2,desktop
2026-08-06,u_057,20260806_u_057,page_view,智能问答,v1,desktop
2026-08-06,u_057,20260806_u_057,prompt_submit,智能问答,v1,desktop
2026-08-06,u_058,20260806_u_058,page_view,智能问答,v1,web
2026-08-06,u_058,20260806_u_058,prompt_submit,智能问答,v1,web
2026-08-06,u_058,20260806_u_058,generation_success,智能问答,v1,web
2026-08-06,u_058,20260806_u_058,result_adopt,智能问答,v1,web
2026-08-06,u_059,20260806_u_059,page_view,文案生成,v2,desktop
2026-08-06,u_059,20260806_u_059,prompt_submit,文案生成,v2,desktop
2026-08-06,u_059,20260806_u_059,generation_success,文案生成,v2,desktop
2026-08-06,u_060,20260806_u_060,page_view,智能问答,v1,web
2026-08-06,u_061,20260806_u_061,page_view,智能问答,v1,web
2026-08-06,u_062,20260806_u_062,page_view,文案生成,v1,web
2026-08-06,u_062,20260806_u_062,prompt_submit,文案生成,v1,web
2026-08-06,u_062,20260806_u_062,generation_success,文案生成,v1,web
2026-08-06,u_062,20260806_u_062,result_adopt,文案生成,v1,web
2026-08-06,u_062,20260806_u_062,feature_click,文案生成,v1,web
2026-08-06,u_063,20260806_u_063,page_view,表格分析,v2,web
2026-08-06,u_063,20260806_u_063,prompt_submit,表格分析,v2,web
2026-08-06,u_063,20260806_u_063,generation_success,表格分析,v2,web
2026-08-06,u_063,20260806_u_063,feature_click,表格分析,v2,web
2026-08-06,u_064,20260806_u_064,page_view,表格分析,v2,desktop
2026-08-06,u_064,20260806_u_064,prompt_submit,表格分析,v2,desktop
2026-08-06,u_064,20260806_u_064,generation_success,表格分析,v2,desktop
2026-08-06,u_064,20260806_u_064,feature_click,表格分析,v2,desktop
2026-08-06,u_065,20260806_u_065,page_view,表格分析,v1,web
2026-08-06,u_065,20260806_u_065,prompt_submit,表格分析,v1,web
2026-08-06,u_065,20260806_u_065,generation_success,表格分析,v1,web
2026-08-06,u_066,20260806_u_066,page_view,表格分析,v1,desktop
2026-08-06,u_066,20260806_u_066,prompt_submit,表格分析,v1,desktop
2026-08-06,u_066,20260806_u_066,generation_success,表格分析,v1,desktop
2026-08-06,u_067,20260806_u_067,page_view,表格分析,v1,desktop
2026-08-06,u_067,20260806_u_067,prompt_submit,表格分析,v1,desktop
2026-08-06,u_067,20260806_u_067,generation_success,表格分析,v1,desktop
2026-08-06,u_067,20260806_u_067,feature_click,表格分析,v1,desktop
2026-08-06,u_068,20260806_u_068,page_view,智能问答,v2,desktop
2026-08-06,u_072,20260806_u_072,page_view,智能问答,v1,desktop
2026-08-06,u_072,20260806_u_072,prompt_submit,智能问答,v1,desktop
2026-08-06,u_072,20260806_u_072,generation_success,智能问答,v1,desktop
2026-08-06,u_072,20260806_u_072,result_adopt,智能问答,v1,desktop
2026-08-06,u_072,20260806_u_072,feature_click,智能问答,v1,desktop
2026-08-06,u_073,20260806_u_073,page_view,智能问答,v1,web
2026-08-06,u_073,20260806_u_073,prompt_submit,智能问答,v1,web
2026-08-06,u_073,20260806_u_073,generation_success,智能问答,v1,web
2026-08-06,u_073,20260806_u_073,result_adopt,智能问答,v1,web
2026-08-06,u_073,20260806_u_073,feature_click,智能问答,v1,web
2026-08-06,u_075,20260806_u_075,page_view,智能问答,v1,web
2026-08-06,u_076,20260806_u_076,page_view,智能问答,v1,web
2026-08-06,u_076,20260806_u_076,prompt_submit,智能问答,v1,web
2026-08-06,u_076,20260806_u_076,generation_success,智能问答,v1,web
2026-08-06,u_076,20260806_u_076,feature_click,智能问答,v1,web
2026-08-06,u_077,20260806_u_077,page_view,智能问答,v1,web
2026-08-06,u_077,20260806_u_077,prompt_submit,智能问答,v1,web
2026-08-06,u_077,20260806_u_077,generation_success,智能问答,v1,web
2026-08-06,u_077,20260806_u_077,feature_click,智能问答,v1,web
2026-08-06,u_078,20260806_u_078,page_view,表格分析,v2,desktop
2026-08-06,u_078,20260806_u_078,prompt_submit,表格分析,v2,desktop
2026-08-06,u_078,20260806_u_078,generation_success,表格分析,v2,desktop
2026-08-06,u_078,20260806_u_078,result_adopt,表格分析,v2,desktop
2026-08-06,u_078,20260806_u_078,feature_click,表格分析,v2,desktop
2026-08-06,u_079,20260806_u_079,page_view,表格分析,v2,desktop
2026-08-06,u_079,20260806_u_079,prompt_submit,表格分析,v2,desktop
2026-08-06,u_079,20260806_u_079,generation_success,表格分析,v2,desktop
2026-08-06,u_079,20260806_u_079,result_adopt,表格分析,v2,desktop
2026-08-06,u_080,20260806_u_080,page_view,智能问答,v2,web
2026-08-06,u_080,20260806_u_080,prompt_submit,智能问答,v2,web
2026-08-06,u_080,20260806_u_080,generation_success,智能问答,v2,web
2026-08-06,u_080,20260806_u_080,result_adopt,智能问答,v2,web
2026-08-06,u_080,20260806_u_080,feature_click,智能问答,v2,web
2026-08-06,u_081,20260806_u_081,page_view,文案生成,v1,desktop
2026-08-06,u_081,20260806_u_081,prompt_submit,文案生成,v1,desktop
2026-08-06,u_081,20260806_u_081,generation_success,文案生成,v1,desktop
2026-08-06,u_081,20260806_u_081,feature_click,文案生成,v1,desktop
2026-08-06,u_082,20260806_u_082,page_view,文案生成,v1,web
2026-08-06,u_082,20260806_u_082,prompt_submit,文案生成,v1,web
2026-08-06,u_082,20260806_u_082,generation_success,文案生成,v1,web
2026-08-06,u_082,20260806_u_082,result_adopt,文案生成,v1,web
2026-08-06,u_083,20260806_u_083,page_view,文案生成,v2,desktop
2026-08-06,u_083,20260806_u_083,prompt_submit,文案生成,v2,desktop
2026-08-06,u_083,20260806_u_083,generation_success,文案生成,v2,desktop
2026-08-06,u_084,20260806_u_084,page_view,智能问答,v1,desktop
2026-08-06,u_084,20260806_u_084,prompt_submit,智能问答,v1,desktop
2026-08-06,u_084,20260806_u_084,generation_success,智能问答,v1,desktop
2026-08-06,u_086,20260806_u_086,page_view,智能问答,v2,desktop
2026-08-06,u_086,20260806_u_086,prompt_submit,智能问答,v2,desktop
2026-08-06,u_086,20260806_u_086,generation_success,智能问答,v2,desktop
2026-08-06,u_086,20260806_u_086,result_adopt,智能问答,v2,desktop
2026-08-06,u_086,20260806_u_086,feature_click,智能问答,v2,desktop
2026-08-06,u_088,20260806_u_088,page_view,智能问答,v2,desktop
2026-08-06,u_088,20260806_u_088,prompt_submit,智能问答,v2,desktop
2026-08-06,u_088,20260806_u_088,generation_success,智能问答,v2,desktop
2026-08-06,u_088,20260806_u_088,result_adopt,智能问答,v2,desktop
2026-08-06,u_089,20260806_u_089,page_view,文案生成,v1,desktop
2026-08-06,u_089,20260806_u_089,prompt_submit,文案生成,v1,desktop
2026-08-06,u_090,20260806_u_090,page_view,智能问答,v2,desktop
2026-08-06,u_090,20260806_u_090,prompt_submit,智能问答,v2,desktop
2026-08-06,u_090,20260806_u_090,generation_success,智能问答,v2,desktop
2026-08-06,u_091,20260806_u_091,page_view,表格分析,v1,web
2026-08-06,u_093,20260806_u_093,page_view,表格分析,v1,web
2026-08-06,u_100,20260806_u_100,page_view,文案生成,v1,desktop
2026-08-06,u_100,20260806_u_100,prompt_submit,文案生成,v1,desktop
2026-08-06,u_100,20260806_u_100,generation_success,文案生成,v1,desktop
2026-08-06,u_103,20260806_u_103,page_view,文案生成,v2,web
2026-08-06,u_103,20260806_u_103,prompt_submit,文案生成,v2,web
2026-08-06,u_103,20260806_u_103,generation_success,文案生成,v2,web
2026-08-06,u_103,20260806_u_103,result_adopt,文案生成,v2,web
2026-08-06,u_103,20260806_u_103,feature_click,文案生成,v2,web
2026-08-06,u_104,20260806_u_104,page_view,表格分析,v2,desktop
2026-08-06,u_104,20260806_u_104,prompt_submit,表格分析,v2,desktop
2026-08-06,u_104,20260806_u_104,generation_success,表格分析,v2,desktop
2026-08-06,u_104,20260806_u_104,result_adopt,表格分析,v2,desktop
2026-08-06,u_106,20260806_u_106,page_view,智能问答,v2,desktop
2026-08-06,u_106,20260806_u_106,prompt_submit,智能问答,v2,desktop
2026-08-06,u_106,20260806_u_106,generation_success,智能问答,v2,desktop
2026-08-06,u_107,20260806_u_107,page_view,表格分析,v2,desktop
2026-08-06,u_108,20260806_u_108,page_view,文案生成,v2,desktop
2026-08-06,u_108,20260806_u_108,prompt_submit,文案生成,v2,desktop
2026-08-06,u_108,20260806_u_108,generation_success,文案生成,v2,desktop
2026-08-06,u_108,20260806_u_108,result_adopt,文案生成,v2,desktop
2026-08-06,u_108,20260806_u_108,feature_click,文案生成,v2,desktop
2026-08-06,u_111,20260806_u_111,page_view,智能问答,v1,desktop
2026-08-06,u_111,20260806_u_111,prompt_submit,智能问答,v1,desktop
2026-08-06,u_111,20260806_u_111,generation_success,智能问答,v1,desktop
2026-08-06,u_111,20260806_u_111,feature_click,智能问答,v1,desktop
2026-08-06,u_114,20260806_u_114,page_view,表格分析,v2,web
2026-08-06,u_114,20260806_u_114,prompt_submit,表格分析,v2,web
2026-08-06,u_114,20260806_u_114,generation_success,表格分析,v2,web
2026-08-06,u_114,20260806_u_114,feature_click,表格分析,v2,web
2026-08-06,u_115,20260806_u_115,page_view,表格分析,v2,web
2026-08-06,u_116,20260806_u_116,page_view,表格分析,v2,web
2026-08-06,u_116,20260806_u_116,prompt_submit,表格分析,v2,web
2026-08-06,u_116,20260806_u_116,generation_success,表格分析,v2,web
2026-08-06,u_116,20260806_u_116,feature_click,表格分析,v2,web
2026-08-06,u_117,20260806_u_117,page_view,表格分析,v1,web
2026-08-06,u_117,20260806_u_117,prompt_submit,表格分析,v1,web
2026-08-06,u_117,20260806_u_117,generation_success,表格分析,v1,web
2026-08-06,u_117,20260806_u_117,feature_click,表格分析,v1,web
2026-08-06,u_118,20260806_u_118,page_view,表格分析,v2,web
2026-08-06,u_118,20260806_u_118,prompt_submit,表格分析,v2,web
2026-08-06,u_118,20260806_u_118,generation_success,表格分析,v2,web
2026-08-06,u_118,20260806_u_118,feature_click,表格分析,v2,web
2026-08-06,u_119,20260806_u_119,page_view,表格分析,v1,web
2026-08-06,u_119,20260806_u_119,prompt_submit,表格分析,v1,web
2026-08-06,u_119,20260806_u_119,generation_success,表格分析,v1,web
2026-08-06,u_119,20260806_u_119,feature_click,表格分析,v1,web
2026-08-06,u_120,20260806_u_120,page_view,文案生成,v2,desktop
2026-08-06,u_121,20260806_u_121,page_view,文案生成,v1,desktop
2026-08-06,u_121,20260806_u_121,prompt_submit,文案生成,v1,desktop
2026-08-06,u_121,20260806_u_121,generation_success,文案生成,v1,desktop
2026-08-06,u_121,20260806_u_121,result_adopt,文案生成,v1,desktop
2026-08-06,u_121,20260806_u_121,feature_click,文案生成,v1,desktop
2026-08-06,u_122,20260806_u_122,page_view,表格分析,v2,web
2026-08-06,u_122,20260806_u_122,prompt_submit,表格分析,v2,web
2026-08-06,u_122,20260806_u_122,generation_success,表格分析,v2,web
2026-08-06,u_122,20260806_u_122,result_adopt,表格分析,v2,web
2026-08-06,u_123,20260806_u_123,page_view,文案生成,v2,web
2026-08-06,u_125,20260806_u_125,page_view,表格分析,v2,desktop
2026-08-06,u_126,20260806_u_126,page_view,表格分析,v2,desktop
2026-08-06,u_127,20260806_u_127,page_view,文案生成,v2,web
2026-08-06,u_127,20260806_u_127,prompt_submit,文案生成,v2,web
2026-08-06,u_128,20260806_u_128,page_view,文案生成,v1,desktop
2026-08-06,u_128,20260806_u_128,prompt_submit,文案生成,v1,desktop
2026-08-06,u_128,20260806_u_128,generation_success,文案生成,v1,desktop
2026-08-06,u_129,20260806_u_129,page_view,文案生成,v1,web
2026-08-06,u_129,20260806_u_129,prompt_submit,文案生成,v1,web
2026-08-06,u_129,20260806_u_129,generation_success,文案生成,v1,web
2026-08-06,u_129,20260806_u_129,result_adopt,文案生成,v1,web
2026-08-06,u_129,20260806_u_129,feature_click,文案生成,v1,web
2026-08-06,u_130,20260806_u_130,page_view,表格分析,v2,web
2026-08-06,u_130,20260806_u_130,prompt_submit,表格分析,v2,web
2026-08-06,u_130,20260806_u_130,generation_success,表格分析,v2,web
2026-08-06,u_132,20260806_u_132,page_view,文案生成,v2,desktop
2026-08-06,u_132,20260806_u_132,prompt_submit,文案生成,v2,desktop
2026-08-06,u_132,20260806_u_132,generation_success,文案生成,v2,desktop
2026-08-06,u_132,20260806_u_132,result_adopt,文案生成,v2,desktop
2026-08-06,u_132,20260806_u_132,feature_click,文案生成,v2,desktop
2026-08-06,u_134,20260806_u_134,page_view,表格分析,v1,web
2026-08-06,u_134,20260806_u_134,prompt_submit,表格分析,v1,web
2026-08-06,u_134,20260806_u_134,generation_success,表格分析,v1,web
2026-08-06,u_134,20260806_u_134,feature_click,表格分析,v1,web
2026-08-06,u_135,20260806_u_135,page_view,文案生成,v2,desktop
2026-08-06,u_137,20260806_u_137,page_view,表格分析,v1,web
2026-08-06,u_137,20260806_u_137,prompt_submit,表格分析,v1,web
2026-08-06,u_138,20260806_u_138,page_view,智能问答,v2,desktop
2026-08-06,u_138,20260806_u_138,prompt_submit,智能问答,v2,desktop
2026-08-06,u_138,20260806_u_138,generation_success,智能问答,v2,desktop
2026-08-06,u_138,20260806_u_138,result_adopt,智能问答,v2,desktop
2026-08-06,u_139,20260806_u_139,page_view,智能问答,v2,desktop
2026-08-06,u_139,20260806_u_139,prompt_submit,智能问答,v2,desktop
2026-08-06,u_139,20260806_u_139,generation_success,智能问答,v2,desktop
2026-08-06,u_139,20260806_u_139,result_adopt,智能问答,v2,desktop
2026-08-06,u_139,20260806_u_139,feature_click,智能问答,v2,desktop
2026-08-06,u_140,20260806_u_140,page_view,文案生成,v1,web
2026-08-06,u_140,20260806_u_140,prompt_submit,文案生成,v1,web
2026-08-06,u_140,20260806_u_140,generation_success,文案生成,v1,web
2026-08-06,u_141,20260806_u_141,page_view,智能问答,v1,web
2026-08-06,u_141,20260806_u_141,prompt_submit,智能问答,v1,web
2026-08-06,u_141,20260806_u_141,generation_success,智能问答,v1,web
2026-08-06,u_143,20260806_u_143,page_view,文案生成,v2,desktop
2026-08-06,u_143,20260806_u_143,prompt_submit,文案生成,v2,desktop
2026-08-06,u_143,20260806_u_143,generation_success,文案生成,v2,desktop
2026-08-06,u_143,20260806_u_143,feature_click,文案生成,v2,desktop
2026-08-06,u_144,20260806_u_144,page_view,智能问答,v2,desktop
2026-08-06,u_144,20260806_u_144,prompt_submit,智能问答,v2,desktop
2026-08-06,u_144,20260806_u_144,generation_success,智能问答,v2,desktop
2026-08-06,u_144,20260806_u_144,result_adopt,智能问答,v2,desktop
2026-08-06,u_144,20260806_u_144,feature_click,智能问答,v2,desktop
2026-08-06,u_145,20260806_u_145,page_view,文案生成,v2,web
2026-08-06,u_145,20260806_u_145,prompt_submit,文案生成,v2,web
2026-08-06,u_145,20260806_u_145,generation_success,文案生成,v2,web
2026-08-06,u_151,20260806_u_151,page_view,表格分析,v1,web
2026-08-06,u_151,20260806_u_151,prompt_submit,表格分析,v1,web
2026-08-06,u_152,20260806_u_152,page_view,表格分析,v1,desktop
2026-08-06,u_155,20260806_u_155,page_view,表格分析,v1,desktop
2026-08-06,u_157,20260806_u_157,page_view,表格分析,v1,web
2026-08-06,u_160,20260806_u_160,page_view,表格分析,v1,web
2026-08-06,u_160,20260806_u_160,prompt_submit,表格分析,v1,web
2026-08-06,u_160,20260806_u_160,generation_success,表格分析,v1,web
2026-08-06,u_160,20260806_u_160,feature_click,表格分析,v1,web
2026-08-06,u_162,20260806_u_162,page_view,文案生成,v1,desktop
2026-08-06,u_162,20260806_u_162,prompt_submit,文案生成,v1,desktop
2026-08-06,u_162,20260806_u_162,generation_success,文案生成,v1,desktop
2026-08-06,u_162,20260806_u_162,feature_click,文案生成,v1,desktop
2026-08-06,u_163,20260806_u_163,page_view,文案生成,v1,desktop
2026-08-06,u_166,20260806_u_166,page_view,文案生成,v2,desktop
2026-08-06,u_166,20260806_u_166,prompt_submit,文案生成,v2,desktop
2026-08-06,u_166,20260806_u_166,generation_success,文案生成,v2,desktop
2026-08-06,u_166,20260806_u_166,result_adopt,文案生成,v2,desktop
2026-08-06,u_166,20260806_u_166,feature_click,文案生成,v2,desktop
2026-08-06,u_167,20260806_u_167,page_view,表格分析,v2,web
2026-08-06,u_168,20260806_u_168,page_view,文案生成,v1,web
2026-08-06,u_168,20260806_u_168,prompt_submit,文案生成,v1,web
2026-08-06,u_168,20260806_u_168,generation_success,文案生成,v1,web
2026-08-06,u_169,20260806_u_169,page_view,表格分析,v2,desktop
2026-08-06,u_172,20260806_u_172,page_view,表格分析,v2,desktop
2026-08-06,u_173,20260806_u_173,page_view,表格分析,v1,desktop
2026-08-06,u_173,20260806_u_173,prompt_submit,表格分析,v1,desktop
2026-08-06,u_173,20260806_u_173,generation_success,表格分析,v1,desktop
2026-08-06,u_173,20260806_u_173,result_adopt,表格分析,v1,desktop
2026-08-06,u_175,20260806_u_175,page_view,智能问答,v1,desktop
2026-08-06,u_175,20260806_u_175,prompt_submit,智能问答,v1,desktop
2026-08-06,u_175,20260806_u_175,generation_success,智能问答,v1,desktop
2026-08-06,u_176,20260806_u_176,page_view,文案生成,v2,desktop
2026-08-06,u_177,20260806_u_177,page_view,文案生成,v2,web
2026-08-06,u_177,20260806_u_177,prompt_submit,文案生成,v2,web
2026-08-06,u_177,20260806_u_177,generation_success,文案生成,v2,web
2026-08-06,u_177,20260806_u_177,result_adopt,文案生成,v2,web
2026-08-06,u_177,20260806_u_177,feature_click,文案生成,v2,web
2026-08-07,u_002,20260807_u_002,page_view,文案生成,v1,web
2026-08-07,u_002,20260807_u_002,prompt_submit,文案生成,v1,web
2026-08-07,u_002,20260807_u_002,generation_success,文案生成,v1,web
2026-08-07,u_003,20260807_u_003,page_view,文案生成,v1,desktop
2026-08-07,u_003,20260807_u_003,prompt_submit,文案生成,v1,desktop
2026-08-07,u_003,20260807_u_003,generation_success,文案生成,v1,desktop
2026-08-07,u_004,20260807_u_004,page_view,智能问答,v1,desktop
2026-08-07,u_004,20260807_u_004,prompt_submit,智能问答,v1,desktop
2026-08-07,u_004,20260807_u_004,generation_success,智能问答,v1,desktop
2026-08-07,u_004,20260807_u_004,result_adopt,智能问答,v1,desktop
2026-08-07,u_005,20260807_u_005,page_view,表格分析,v1,desktop
2026-08-07,u_006,20260807_u_006,page_view,智能问答,v2,desktop
2026-08-07,u_006,20260807_u_006,prompt_submit,智能问答,v2,desktop
2026-08-07,u_006,20260807_u_006,generation_success,智能问答,v2,desktop
2026-08-07,u_006,20260807_u_006,feature_click,智能问答,v2,desktop
2026-08-07,u_007,20260807_u_007,page_view,表格分析,v2,desktop
2026-08-07,u_007,20260807_u_007,prompt_submit,表格分析,v2,desktop
2026-08-07,u_007,20260807_u_007,generation_success,表格分析,v2,desktop
2026-08-07,u_007,20260807_u_007,feature_click,表格分析,v2,desktop
2026-08-07,u_010,20260807_u_010,page_view,表格分析,v2,web
2026-08-07,u_011,20260807_u_011,page_view,智能问答,v2,desktop
2026-08-07,u_011,20260807_u_011,prompt_submit,智能问答,v2,desktop
2026-08-07,u_015,20260807_u_015,page_view,智能问答,v1,desktop
2026-08-07,u_015,20260807_u_015,prompt_submit,智能问答,v1,desktop
2026-08-07,u_015,20260807_u_015,generation_success,智能问答,v1,desktop
2026-08-07,u_015,20260807_u_015,result_adopt,智能问答,v1,desktop
2026-08-07,u_016,20260807_u_016,page_view,表格分析,v1,web
2026-08-07,u_017,20260807_u_017,page_view,文案生成,v1,web
2026-08-07,u_017,20260807_u_017,prompt_submit,文案生成,v1,web
2026-08-07,u_017,20260807_u_017,generation_success,文案生成,v1,web
2026-08-07,u_017,20260807_u_017,result_adopt,文案生成,v1,web
2026-08-07,u_019,20260807_u_019,page_view,表格分析,v2,desktop
2026-08-07,u_020,20260807_u_020,page_view,表格分析,v2,web
2026-08-07,u_020,20260807_u_020,prompt_submit,表格分析,v2,web
2026-08-07,u_020,20260807_u_020,generation_success,表格分析,v2,web
2026-08-07,u_020,20260807_u_020,feature_click,表格分析,v2,web
2026-08-07,u_021,20260807_u_021,page_view,文案生成,v1,web
2026-08-07,u_021,20260807_u_021,prompt_submit,文案生成,v1,web
2026-08-07,u_021,20260807_u_021,generation_success,文案生成,v1,web
2026-08-07,u_021,20260807_u_021,feature_click,文案生成,v1,web
2026-08-07,u_023,20260807_u_023,page_view,表格分析,v1,web
2026-08-07,u_023,20260807_u_023,prompt_submit,表格分析,v1,web
2026-08-07,u_023,20260807_u_023,generation_success,表格分析,v1,web
2026-08-07,u_023,20260807_u_023,result_adopt,表格分析,v1,web
2026-08-07,u_023,20260807_u_023,feature_click,表格分析,v1,web
2026-08-07,u_024,20260807_u_024,page_view,智能问答,v1,web
2026-08-07,u_025,20260807_u_025,page_view,智能问答,v1,desktop
2026-08-07,u_027,20260807_u_027,page_view,智能问答,v2,desktop
2026-08-07,u_027,20260807_u_027,prompt_submit,智能问答,v2,desktop
2026-08-07,u_027,20260807_u_027,generation_success,智能问答,v2,desktop
2026-08-07,u_027,20260807_u_027,feature_click,智能问答,v2,desktop
2026-08-07,u_029,20260807_u_029,page_view,表格分析,v1,desktop
2026-08-07,u_030,20260807_u_030,page_view,智能问答,v2,web
2026-08-07,u_030,20260807_u_030,prompt_submit,智能问答,v2,web
2026-08-07,u_030,20260807_u_030,generation_success,智能问答,v2,web
2026-08-07,u_033,20260807_u_033,page_view,智能问答,v1,web
2026-08-07,u_033,20260807_u_033,prompt_submit,智能问答,v1,web
2026-08-07,u_033,20260807_u_033,generation_success,智能问答,v1,web
2026-08-07,u_033,20260807_u_033,feature_click,智能问答,v1,web
2026-08-07,u_034,20260807_u_034,page_view,文案生成,v1,desktop
2026-08-07,u_034,20260807_u_034,prompt_submit,文案生成,v1,desktop
2026-08-07,u_034,20260807_u_034,generation_success,文案生成,v1,desktop
2026-08-07,u_034,20260807_u_034,result_adopt,文案生成,v1,desktop
2026-08-07,u_040,20260807_u_040,page_view,智能问答,v1,web
2026-08-07,u_040,20260807_u_040,prompt_submit,智能问答,v1,web
2026-08-07,u_040,20260807_u_040,generation_success,智能问答,v1,web
2026-08-07,u_040,20260807_u_040,result_adopt,智能问答,v1,web
2026-08-07,u_042,20260807_u_042,page_view,智能问答,v2,web
2026-08-07,u_042,20260807_u_042,prompt_submit,智能问答,v2,web
2026-08-07,u_042,20260807_u_042,generation_success,智能问答,v2,web
2026-08-07,u_042,20260807_u_042,result_adopt,智能问答,v2,web
2026-08-07,u_044,20260807_u_044,page_view,智能问答,v2,web
2026-08-07,u_044,20260807_u_044,prompt_submit,智能问答,v2,web
2026-08-07,u_044,20260807_u_044,generation_success,智能问答,v2,web
2026-08-07,u_044,20260807_u_044,result_adopt,智能问答,v2,web
2026-08-07,u_044,20260807_u_044,feature_click,智能问答,v2,web
2026-08-07,u_045,20260807_u_045,page_view,智能问答,v2,web
2026-08-07,u_048,20260807_u_048,page_view,智能问答,v2,web
2026-08-07,u_048,20260807_u_048,prompt_submit,智能问答,v2,web
2026-08-07,u_048,20260807_u_048,generation_success,智能问答,v2,web
2026-08-07,u_048,20260807_u_048,result_adopt,智能问答,v2,web
2026-08-07,u_048,20260807_u_048,feature_click,智能问答,v2,web
2026-08-07,u_049,20260807_u_049,page_view,智能问答,v2,web
2026-08-07,u_049,20260807_u_049,prompt_submit,智能问答,v2,web
2026-08-07,u_049,20260807_u_049,generation_success,智能问答,v2,web
2026-08-07,u_049,20260807_u_049,result_adopt,智能问答,v2,web
2026-08-07,u_049,20260807_u_049,feature_click,智能问答,v2,web
2026-08-07,u_050,20260807_u_050,page_view,文案生成,v1,desktop
2026-08-07,u_050,20260807_u_050,prompt_submit,文案生成,v1,desktop
2026-08-07,u_050,20260807_u_050,generation_success,文案生成,v1,desktop
2026-08-07,u_050,20260807_u_050,feature_click,文案生成,v1,desktop
2026-08-07,u_053,20260807_u_053,page_view,智能问答,v2,web
2026-08-07,u_055,20260807_u_055,page_view,表格分析,v1,desktop
2026-08-07,u_055,20260807_u_055,prompt_submit,表格分析,v1,desktop
2026-08-07,u_055,20260807_u_055,generation_success,表格分析,v1,desktop
2026-08-07,u_055,20260807_u_055,feature_click,表格分析,v1,desktop
2026-08-07,u_056,20260807_u_056,page_view,表格分析,v2,desktop
2026-08-07,u_056,20260807_u_056,prompt_submit,表格分析,v2,desktop
2026-08-07,u_056,20260807_u_056,generation_success,表格分析,v2,desktop
2026-08-07,u_056,20260807_u_056,feature_click,表格分析,v2,desktop
2026-08-07,u_057,20260807_u_057,page_view,文案生成,v2,web
2026-08-07,u_057,20260807_u_057,prompt_submit,文案生成,v2,web
2026-08-07,u_057,20260807_u_057,generation_success,文案生成,v2,web
2026-08-07,u_057,20260807_u_057,feature_click,文案生成,v2,web
2026-08-07,u_058,20260807_u_058,page_view,智能问答,v2,web
2026-08-07,u_058,20260807_u_058,prompt_submit,智能问答,v2,web
2026-08-07,u_058,20260807_u_058,generation_success,智能问答,v2,web
2026-08-07,u_058,20260807_u_058,result_adopt,智能问答,v2,web
2026-08-07,u_058,20260807_u_058,feature_click,智能问答,v2,web
2026-08-07,u_059,20260807_u_059,page_view,智能问答,v1,web
2026-08-07,u_059,20260807_u_059,prompt_submit,智能问答,v1,web
2026-08-07,u_059,20260807_u_059,generation_success,智能问答,v1,web
2026-08-07,u_059,20260807_u_059,result_adopt,智能问答,v1,web
2026-08-07,u_062,20260807_u_062,page_view,表格分析,v1,desktop
2026-08-07,u_062,20260807_u_062,prompt_submit,表格分析,v1,desktop
2026-08-07,u_062,20260807_u_062,generation_success,表格分析,v1,desktop
2026-08-07,u_062,20260807_u_062,feature_click,表格分析,v1,desktop
2026-08-07,u_063,20260807_u_063,page_view,智能问答,v1,desktop
2026-08-07,u_063,20260807_u_063,prompt_submit,智能问答,v1,desktop
2026-08-07,u_063,20260807_u_063,generation_success,智能问答,v1,desktop
2026-08-07,u_063,20260807_u_063,result_adopt,智能问答,v1,desktop
2026-08-07,u_064,20260807_u_064,page_view,表格分析,v2,desktop
2026-08-07,u_064,20260807_u_064,prompt_submit,表格分析,v2,desktop
2026-08-07,u_064,20260807_u_064,generation_success,表格分析,v2,desktop
2026-08-07,u_068,20260807_u_068,page_view,文案生成,v2,desktop
2026-08-07,u_068,20260807_u_068,prompt_submit,文案生成,v2,desktop
2026-08-07,u_068,20260807_u_068,generation_success,文案生成,v2,desktop
2026-08-07,u_069,20260807_u_069,page_view,智能问答,v2,desktop
2026-08-07,u_069,20260807_u_069,prompt_submit,智能问答,v2,desktop
2026-08-07,u_069,20260807_u_069,generation_success,智能问答,v2,desktop
2026-08-07,u_069,20260807_u_069,result_adopt,智能问答,v2,desktop
2026-08-07,u_069,20260807_u_069,feature_click,智能问答,v2,desktop
2026-08-07,u_070,20260807_u_070,page_view,表格分析,v1,desktop
2026-08-07,u_070,20260807_u_070,prompt_submit,表格分析,v1,desktop
2026-08-07,u_070,20260807_u_070,generation_success,表格分析,v1,desktop
2026-08-07,u_072,20260807_u_072,page_view,文案生成,v2,desktop
2026-08-07,u_072,20260807_u_072,prompt_submit,文案生成,v2,desktop
2026-08-07,u_072,20260807_u_072,generation_success,文案生成,v2,desktop
2026-08-07,u_072,20260807_u_072,result_adopt,文案生成,v2,desktop
2026-08-07,u_073,20260807_u_073,page_view,智能问答,v1,web
2026-08-07,u_073,20260807_u_073,prompt_submit,智能问答,v1,web
2026-08-07,u_076,20260807_u_076,page_view,表格分析,v1,desktop
2026-08-07,u_076,20260807_u_076,prompt_submit,表格分析,v1,desktop
2026-08-07,u_076,20260807_u_076,generation_success,表格分析,v1,desktop
2026-08-07,u_076,20260807_u_076,feature_click,表格分析,v1,desktop
2026-08-07,u_081,20260807_u_081,page_view,智能问答,v2,web
2026-08-07,u_082,20260807_u_082,page_view,智能问答,v2,web
2026-08-07,u_082,20260807_u_082,prompt_submit,智能问答,v2,web
2026-08-07,u_082,20260807_u_082,generation_success,智能问答,v2,web
2026-08-07,u_082,20260807_u_082,result_adopt,智能问答,v2,web
2026-08-07,u_086,20260807_u_086,page_view,智能问答,v1,desktop
2026-08-07,u_086,20260807_u_086,prompt_submit,智能问答,v1,desktop
2026-08-07,u_086,20260807_u_086,generation_success,智能问答,v1,desktop
2026-08-07,u_086,20260807_u_086,result_adopt,智能问答,v1,desktop
2026-08-07,u_087,20260807_u_087,page_view,智能问答,v2,web
2026-08-07,u_087,20260807_u_087,prompt_submit,智能问答,v2,web
2026-08-07,u_087,20260807_u_087,generation_success,智能问答,v2,web
2026-08-07,u_087,20260807_u_087,result_adopt,智能问答,v2,web
2026-08-07,u_093,20260807_u_093,page_view,智能问答,v2,web
2026-08-07,u_093,20260807_u_093,prompt_submit,智能问答,v2,web
2026-08-07,u_093,20260807_u_093,generation_success,智能问答,v2,web
2026-08-07,u_093,20260807_u_093,feature_click,智能问答,v2,web
2026-08-07,u_095,20260807_u_095,page_view,表格分析,v2,desktop
2026-08-07,u_095,20260807_u_095,prompt_submit,表格分析,v2,desktop
2026-08-07,u_095,20260807_u_095,generation_success,表格分析,v2,desktop
2026-08-07,u_095,20260807_u_095,result_adopt,表格分析,v2,desktop
2026-08-07,u_095,20260807_u_095,feature_click,表格分析,v2,desktop
2026-08-07,u_096,20260807_u_096,page_view,文案生成,v2,desktop
2026-08-07,u_097,20260807_u_097,page_view,表格分析,v1,desktop
2026-08-07,u_098,20260807_u_098,page_view,表格分析,v1,desktop
2026-08-07,u_099,20260807_u_099,page_view,表格分析,v1,web
2026-08-07,u_099,20260807_u_099,prompt_submit,表格分析,v1,web
2026-08-07,u_099,20260807_u_099,generation_success,表格分析,v1,web
2026-08-07,u_099,20260807_u_099,feature_click,表格分析,v1,web
2026-08-07,u_101,20260807_u_101,page_view,智能问答,v2,desktop
2026-08-07,u_102,20260807_u_102,page_view,表格分析,v1,web
2026-08-07,u_102,20260807_u_102,prompt_submit,表格分析,v1,web
2026-08-07,u_106,20260807_u_106,page_view,文案生成,v1,desktop
2026-08-07,u_107,20260807_u_107,page_view,文案生成,v2,web
2026-08-07,u_108,20260807_u_108,page_view,智能问答,v2,desktop
2026-08-07,u_108,20260807_u_108,prompt_submit,智能问答,v2,desktop
2026-08-07,u_108,20260807_u_108,generation_success,智能问答,v2,desktop
2026-08-07,u_108,20260807_u_108,feature_click,智能问答,v2,desktop
2026-08-07,u_109,20260807_u_109,page_view,文案生成,v2,web
2026-08-07,u_110,20260807_u_110,page_view,文案生成,v1,web
2026-08-07,u_110,20260807_u_110,prompt_submit,文案生成,v1,web
2026-08-07,u_110,20260807_u_110,generation_success,文案生成,v1,web
2026-08-07,u_110,20260807_u_110,feature_click,文案生成,v1,web
2026-08-07,u_114,20260807_u_114,page_view,文案生成,v1,desktop
2026-08-07,u_114,20260807_u_114,prompt_submit,文案生成,v1,desktop
2026-08-07,u_114,20260807_u_114,generation_success,文案生成,v1,desktop
2026-08-07,u_114,20260807_u_114,feature_click,文案生成,v1,desktop
2026-08-07,u_115,20260807_u_115,page_view,表格分析,v1,desktop
2026-08-07,u_115,20260807_u_115,prompt_submit,表格分析,v1,desktop
2026-08-07,u_115,20260807_u_115,generation_success,表格分析,v1,desktop
2026-08-07,u_115,20260807_u_115,result_adopt,表格分析,v1,desktop
2026-08-07,u_116,20260807_u_116,page_view,文案生成,v1,web
2026-08-07,u_117,20260807_u_117,page_view,文案生成,v1,desktop
2026-08-07,u_119,20260807_u_119,page_view,表格分析,v1,web
2026-08-07,u_119,20260807_u_119,prompt_submit,表格分析,v1,web
2026-08-07,u_119,20260807_u_119,generation_success,表格分析,v1,web
2026-08-07,u_120,20260807_u_120,page_view,智能问答,v2,desktop
2026-08-07,u_120,20260807_u_120,prompt_submit,智能问答,v2,desktop
2026-08-07,u_120,20260807_u_120,generation_success,智能问答,v2,desktop
2026-08-07,u_120,20260807_u_120,feature_click,智能问答,v2,desktop
2026-08-07,u_122,20260807_u_122,page_view,表格分析,v2,desktop
2026-08-07,u_123,20260807_u_123,page_view,表格分析,v2,desktop
2026-08-07,u_124,20260807_u_124,page_view,表格分析,v2,web
2026-08-07,u_125,20260807_u_125,page_view,智能问答,v2,web
2026-08-07,u_125,20260807_u_125,prompt_submit,智能问答,v2,web
2026-08-07,u_125,20260807_u_125,generation_success,智能问答,v2,web
2026-08-07,u_125,20260807_u_125,feature_click,智能问答,v2,web
2026-08-07,u_126,20260807_u_126,page_view,文案生成,v2,desktop
2026-08-07,u_127,20260807_u_127,page_view,表格分析,v1,desktop
2026-08-07,u_128,20260807_u_128,page_view,智能问答,v1,desktop
2026-08-07,u_128,20260807_u_128,prompt_submit,智能问答,v1,desktop
2026-08-07,u_128,20260807_u_128,generation_success,智能问答,v1,desktop
2026-08-07,u_128,20260807_u_128,result_adopt,智能问答,v1,desktop
2026-08-07,u_129,20260807_u_129,page_view,表格分析,v2,desktop
2026-08-07,u_133,20260807_u_133,page_view,智能问答,v2,desktop
2026-08-07,u_133,20260807_u_133,prompt_submit,智能问答,v2,desktop
2026-08-07,u_133,20260807_u_133,generation_success,智能问答,v2,desktop
2026-08-07,u_134,20260807_u_134,page_view,文案生成,v1,web
2026-08-07,u_134,20260807_u_134,prompt_submit,文案生成,v1,web
2026-08-07,u_134,20260807_u_134,generation_success,文案生成,v1,web
2026-08-07,u_134,20260807_u_134,feature_click,文案生成,v1,web
2026-08-07,u_135,20260807_u_135,page_view,表格分析,v1,web
2026-08-07,u_137,20260807_u_137,page_view,文案生成,v1,desktop
2026-08-07,u_138,20260807_u_138,page_view,文案生成,v1,web
2026-08-07,u_138,20260807_u_138,prompt_submit,文案生成,v1,web
2026-08-07,u_138,20260807_u_138,generation_success,文案生成,v1,web
2026-08-07,u_138,20260807_u_138,result_adopt,文案生成,v1,web
2026-08-07,u_138,20260807_u_138,feature_click,文案生成,v1,web
2026-08-07,u_139,20260807_u_139,page_view,表格分析,v1,web
2026-08-07,u_140,20260807_u_140,page_view,智能问答,v1,web
2026-08-07,u_142,20260807_u_142,page_view,文案生成,v2,web
2026-08-07,u_143,20260807_u_143,page_view,智能问答,v2,desktop
2026-08-07,u_143,20260807_u_143,prompt_submit,智能问答,v2,desktop
2026-08-07,u_143,20260807_u_143,generation_success,智能问答,v2,desktop
2026-08-07,u_143,20260807_u_143,result_adopt,智能问答,v2,desktop
2026-08-07,u_143,20260807_u_143,feature_click,智能问答,v2,desktop
2026-08-07,u_144,20260807_u_144,page_view,表格分析,v2,web
2026-08-07,u_144,20260807_u_144,prompt_submit,表格分析,v2,web
2026-08-07,u_144,20260807_u_144,generation_success,表格分析,v2,web
2026-08-07,u_144,20260807_u_144,result_adopt,表格分析,v2,web
2026-08-07,u_144,20260807_u_144,feature_click,表格分析,v2,web
2026-08-07,u_145,20260807_u_145,page_view,智能问答,v2,desktop
2026-08-07,u_146,20260807_u_146,page_view,文案生成,v2,web
2026-08-07,u_146,20260807_u_146,prompt_submit,文案生成,v2,web
2026-08-07,u_146,20260807_u_146,generation_success,文案生成,v2,web
2026-08-07,u_146,20260807_u_146,result_adopt,文案生成,v2,web
2026-08-07,u_146,20260807_u_146,feature_click,文案生成,v2,web
2026-08-07,u_147,20260807_u_147,page_view,表格分析,v2,web
2026-08-07,u_147,20260807_u_147,prompt_submit,表格分析,v2,web
2026-08-07,u_149,20260807_u_149,page_view,文案生成,v2,web
2026-08-07,u_149,20260807_u_149,prompt_submit,文案生成,v2,web
2026-08-07,u_149,20260807_u_149,generation_success,文案生成,v2,web
2026-08-07,u_151,20260807_u_151,page_view,表格分析,v1,desktop
2026-08-07,u_153,20260807_u_153,page_view,智能问答,v2,desktop
2026-08-07,u_154,20260807_u_154,page_view,文案生成,v1,web
2026-08-07,u_154,20260807_u_154,prompt_submit,文案生成,v1,web
2026-08-07,u_154,20260807_u_154,generation_success,文案生成,v1,web
2026-08-07,u_154,20260807_u_154,feature_click,文案生成,v1,web
2026-08-07,u_155,20260807_u_155,page_view,表格分析,v2,desktop
2026-08-07,u_155,20260807_u_155,prompt_submit,表格分析,v2,desktop
2026-08-07,u_155,20260807_u_155,generation_success,表格分析,v2,desktop
2026-08-07,u_159,20260807_u_159,page_view,文案生成,v1,desktop
2026-08-07,u_161,20260807_u_161,page_view,智能问答,v2,desktop
2026-08-07,u_163,20260807_u_163,page_view,智能问答,v1,desktop
2026-08-07,u_164,20260807_u_164,page_view,表格分析,v2,web
2026-08-07,u_164,20260807_u_164,prompt_submit,表格分析,v2,web
2026-08-07,u_164,20260807_u_164,generation_success,表格分析,v2,web
2026-08-07,u_164,20260807_u_164,result_adopt,表格分析,v2,web
2026-08-07,u_166,20260807_u_166,page_view,智能问答,v2,web
2026-08-07,u_166,20260807_u_166,prompt_submit,智能问答,v2,web
2026-08-07,u_166,20260807_u_166,generation_success,智能问答,v2,web
2026-08-07,u_166,20260807_u_166,feature_click,智能问答,v2,web
2026-08-07,u_168,20260807_u_168,page_view,智能问答,v2,web
2026-08-07,u_168,20260807_u_168,prompt_submit,智能问答,v2,web
2026-08-07,u_170,20260807_u_170,page_view,表格分析,v1,desktop
2026-08-07,u_171,20260807_u_171,page_view,文案生成,v1,desktop
2026-08-07,u_171,20260807_u_171,prompt_submit,文案生成,v1,desktop
2026-08-07,u_171,20260807_u_171,generation_success,文案生成,v1,desktop
2026-08-07,u_171,20260807_u_171,feature_click,文案生成,v1,desktop
2026-08-07,u_172,20260807_u_172,page_view,表格分析,v1,desktop
2026-08-07,u_173,20260807_u_173,page_view,文案生成,v2,web
2026-08-07,u_173,20260807_u_173,prompt_submit,文案生成,v2,web
2026-08-07,u_173,20260807_u_173,generation_success,文案生成,v2,web
2026-08-07,u_176,20260807_u_176,page_view,文案生成,v1,desktop
2026-08-07,u_176,20260807_u_176,prompt_submit,文案生成,v1,desktop
2026-08-07,u_176,20260807_u_176,generation_success,文案生成,v1,desktop
2026-08-07,u_176,20260807_u_176,result_adopt,文案生成,v1,desktop
2026-08-07,u_178,20260807_u_178,page_view,智能问答,v1,desktop
2026-08-07,u_178,20260807_u_178,prompt_submit,智能问答,v1,desktop
2026-08-07,u_178,20260807_u_178,generation_success,智能问答,v1,desktop
2026-08-07,u_178,20260807_u_178,result_adopt,智能问答,v1,desktop
2026-08-07,u_178,20260807_u_178,feature_click,智能问答,v1,desktop
2026-08-07,u_179,20260807_u_179,page_view,智能问答,v1,web
2026-08-07,u_180,20260807_u_180,page_view,文案生成,v2,desktop
2026-08-07,u_180,20260807_u_180,prompt_submit,文案生成,v2,desktop
2026-08-07,u_180,20260807_u_180,generation_success,文案生成,v2,desktop
2026-08-07,u_180,20260807_u_180,result_adopt,文案生成,v2,desktop
2026-08-08,u_001,20260808_u_001,page_view,文案生成,v2,web
2026-08-08,u_003,20260808_u_003,page_view,表格分析,v2,web
2026-08-08,u_003,20260808_u_003,prompt_submit,表格分析,v2,web
2026-08-08,u_003,20260808_u_003,generation_success,表格分析,v2,web
2026-08-08,u_003,20260808_u_003,feature_click,表格分析,v2,web
2026-08-08,u_004,20260808_u_004,page_view,智能问答,v2,web
2026-08-08,u_006,20260808_u_006,page_view,表格分析,v1,desktop
2026-08-08,u_009,20260808_u_009,page_view,表格分析,v2,web
2026-08-08,u_010,20260808_u_010,page_view,表格分析,v2,desktop
2026-08-08,u_011,20260808_u_011,page_view,表格分析,v1,desktop
2026-08-08,u_012,20260808_u_012,page_view,文案生成,v2,desktop
2026-08-08,u_012,20260808_u_012,prompt_submit,文案生成,v2,desktop
2026-08-08,u_012,20260808_u_012,generation_success,文案生成,v2,desktop
2026-08-08,u_012,20260808_u_012,result_adopt,文案生成,v2,desktop
2026-08-08,u_012,20260808_u_012,feature_click,文案生成,v2,desktop
2026-08-08,u_013,20260808_u_013,page_view,文案生成,v2,web
2026-08-08,u_013,20260808_u_013,prompt_submit,文案生成,v2,web
2026-08-08,u_013,20260808_u_013,generation_success,文案生成,v2,web
2026-08-08,u_014,20260808_u_014,page_view,文案生成,v2,web
2026-08-08,u_017,20260808_u_017,page_view,智能问答,v2,web
2026-08-08,u_017,20260808_u_017,prompt_submit,智能问答,v2,web
2026-08-08,u_017,20260808_u_017,generation_success,智能问答,v2,web
2026-08-08,u_018,20260808_u_018,page_view,表格分析,v2,web
2026-08-08,u_022,20260808_u_022,page_view,文案生成,v1,web
2026-08-08,u_022,20260808_u_022,prompt_submit,文案生成,v1,web
2026-08-08,u_022,20260808_u_022,generation_success,文案生成,v1,web
2026-08-08,u_022,20260808_u_022,feature_click,文案生成,v1,web
2026-08-08,u_024,20260808_u_024,page_view,智能问答,v2,web
2026-08-08,u_024,20260808_u_024,prompt_submit,智能问答,v2,web
2026-08-08,u_024,20260808_u_024,generation_success,智能问答,v2,web
2026-08-08,u_026,20260808_u_026,page_view,表格分析,v2,web
2026-08-08,u_028,20260808_u_028,page_view,文案生成,v2,desktop
2026-08-08,u_028,20260808_u_028,prompt_submit,文案生成,v2,desktop
2026-08-08,u_028,20260808_u_028,generation_success,文案生成,v2,desktop
2026-08-08,u_028,20260808_u_028,result_adopt,文案生成,v2,desktop
2026-08-08,u_029,20260808_u_029,page_view,文案生成,v1,desktop
2026-08-08,u_029,20260808_u_029,prompt_submit,文案生成,v1,desktop
2026-08-08,u_029,20260808_u_029,generation_success,文案生成,v1,desktop
2026-08-08,u_033,20260808_u_033,page_view,文案生成,v1,desktop
2026-08-08,u_034,20260808_u_034,page_view,文案生成,v1,web
2026-08-08,u_035,20260808_u_035,page_view,表格分析,v1,desktop
2026-08-08,u_036,20260808_u_036,page_view,表格分析,v1,web
2026-08-08,u_036,20260808_u_036,prompt_submit,表格分析,v1,web
2026-08-08,u_036,20260808_u_036,generation_success,表格分析,v1,web
2026-08-08,u_037,20260808_u_037,page_view,智能问答,v1,desktop
2026-08-08,u_037,20260808_u_037,prompt_submit,智能问答,v1,desktop
2026-08-08,u_037,20260808_u_037,generation_success,智能问答,v1,desktop
2026-08-08,u_037,20260808_u_037,feature_click,智能问答,v1,desktop
2026-08-08,u_044,20260808_u_044,page_view,文案生成,v1,desktop
2026-08-08,u_044,20260808_u_044,prompt_submit,文案生成,v1,desktop
2026-08-08,u_044,20260808_u_044,generation_success,文案生成,v1,desktop
2026-08-08,u_046,20260808_u_046,page_view,文案生成,v2,web
2026-08-08,u_046,20260808_u_046,prompt_submit,文案生成,v2,web
2026-08-08,u_048,20260808_u_048,page_view,智能问答,v1,desktop
2026-08-08,u_048,20260808_u_048,prompt_submit,智能问答,v1,desktop
2026-08-08,u_048,20260808_u_048,generation_success,智能问答,v1,desktop
2026-08-08,u_048,20260808_u_048,feature_click,智能问答,v1,desktop
2026-08-08,u_050,20260808_u_050,page_view,表格分析,v1,desktop
2026-08-08,u_050,20260808_u_050,prompt_submit,表格分析,v1,desktop
2026-08-08,u_050,20260808_u_050,generation_success,表格分析,v1,desktop
2026-08-08,u_050,20260808_u_050,feature_click,表格分析,v1,desktop
2026-08-08,u_052,20260808_u_052,page_view,智能问答,v1,web
2026-08-08,u_054,20260808_u_054,page_view,智能问答,v1,desktop
2026-08-08,u_054,20260808_u_054,prompt_submit,智能问答,v1,desktop
2026-08-08,u_054,20260808_u_054,generation_success,智能问答,v1,desktop
2026-08-08,u_054,20260808_u_054,result_adopt,智能问答,v1,desktop
2026-08-08,u_058,20260808_u_058,page_view,文案生成,v1,desktop
2026-08-08,u_058,20260808_u_058,prompt_submit,文案生成,v1,desktop
2026-08-08,u_058,20260808_u_058,generation_success,文案生成,v1,desktop
2026-08-08,u_058,20260808_u_058,result_adopt,文案生成,v1,desktop
2026-08-08,u_058,20260808_u_058,feature_click,文案生成,v1,desktop
2026-08-08,u_062,20260808_u_062,page_view,表格分析,v2,web
2026-08-08,u_062,20260808_u_062,prompt_submit,表格分析,v2,web
2026-08-08,u_062,20260808_u_062,generation_success,表格分析,v2,web
2026-08-08,u_063,20260808_u_063,page_view,智能问答,v1,desktop
2026-08-08,u_063,20260808_u_063,prompt_submit,智能问答,v1,desktop
2026-08-08,u_063,20260808_u_063,generation_success,智能问答,v1,desktop
2026-08-08,u_063,20260808_u_063,result_adopt,智能问答,v1,desktop
2026-08-08,u_063,20260808_u_063,feature_click,智能问答,v1,desktop
2026-08-08,u_067,20260808_u_067,page_view,智能问答,v2,desktop
2026-08-08,u_067,20260808_u_067,prompt_submit,智能问答,v2,desktop
2026-08-08,u_067,20260808_u_067,generation_success,智能问答,v2,desktop
2026-08-08,u_068,20260808_u_068,page_view,表格分析,v2,desktop
2026-08-08,u_068,20260808_u_068,prompt_submit,表格分析,v2,desktop
2026-08-08,u_068,20260808_u_068,generation_success,表格分析,v2,desktop
2026-08-08,u_068,20260808_u_068,result_adopt,表格分析,v2,desktop
2026-08-08,u_069,20260808_u_069,page_view,智能问答,v1,desktop
2026-08-08,u_069,20260808_u_069,prompt_submit,智能问答,v1,desktop
2026-08-08,u_069,20260808_u_069,generation_success,智能问答,v1,desktop
2026-08-08,u_069,20260808_u_069,feature_click,智能问答,v1,desktop
2026-08-08,u_070,20260808_u_070,page_view,文案生成,v2,web
2026-08-08,u_071,20260808_u_071,page_view,文案生成,v1,web
2026-08-08,u_071,20260808_u_071,prompt_submit,文案生成,v1,web
2026-08-08,u_074,20260808_u_074,page_view,表格分析,v1,desktop
2026-08-08,u_075,20260808_u_075,page_view,表格分析,v1,web
2026-08-08,u_076,20260808_u_076,page_view,文案生成,v2,desktop
2026-08-08,u_076,20260808_u_076,prompt_submit,文案生成,v2,desktop
2026-08-08,u_077,20260808_u_077,page_view,智能问答,v1,web
2026-08-08,u_078,20260808_u_078,page_view,表格分析,v2,web
2026-08-08,u_078,20260808_u_078,prompt_submit,表格分析,v2,web
2026-08-08,u_078,20260808_u_078,generation_success,表格分析,v2,web
2026-08-08,u_078,20260808_u_078,feature_click,表格分析,v2,web
2026-08-08,u_079,20260808_u_079,page_view,智能问答,v1,desktop
2026-08-08,u_079,20260808_u_079,prompt_submit,智能问答,v1,desktop
2026-08-08,u_079,20260808_u_079,generation_success,智能问答,v1,desktop
2026-08-08,u_079,20260808_u_079,feature_click,智能问答,v1,desktop
2026-08-08,u_081,20260808_u_081,page_view,智能问答,v1,desktop
2026-08-08,u_081,20260808_u_081,prompt_submit,智能问答,v1,desktop
2026-08-08,u_081,20260808_u_081,generation_success,智能问答,v1,desktop
2026-08-08,u_081,20260808_u_081,result_adopt,智能问答,v1,desktop
2026-08-08,u_081,20260808_u_081,feature_click,智能问答,v1,desktop
2026-08-08,u_082,20260808_u_082,page_view,文案生成,v2,desktop
2026-08-08,u_082,20260808_u_082,prompt_submit,文案生成,v2,desktop
2026-08-08,u_082,20260808_u_082,generation_success,文案生成,v2,desktop
2026-08-08,u_082,20260808_u_082,result_adopt,文案生成,v2,desktop
2026-08-08,u_083,20260808_u_083,page_view,智能问答,v2,web
2026-08-08,u_083,20260808_u_083,prompt_submit,智能问答,v2,web
2026-08-08,u_083,20260808_u_083,generation_success,智能问答,v2,web
2026-08-08,u_083,20260808_u_083,result_adopt,智能问答,v2,web
2026-08-08,u_083,20260808_u_083,feature_click,智能问答,v2,web
2026-08-08,u_084,20260808_u_084,page_view,表格分析,v2,desktop
2026-08-08,u_084,20260808_u_084,prompt_submit,表格分析,v2,desktop
2026-08-08,u_086,20260808_u_086,page_view,表格分析,v2,web
2026-08-08,u_090,20260808_u_090,page_view,表格分析,v2,desktop
2026-08-08,u_090,20260808_u_090,prompt_submit,表格分析,v2,desktop
2026-08-08,u_090,20260808_u_090,generation_success,表格分析,v2,desktop
2026-08-08,u_090,20260808_u_090,feature_click,表格分析,v2,desktop
2026-08-08,u_091,20260808_u_091,page_view,表格分析,v1,desktop
2026-08-08,u_092,20260808_u_092,page_view,智能问答,v2,desktop
2026-08-08,u_092,20260808_u_092,prompt_submit,智能问答,v2,desktop
2026-08-08,u_092,20260808_u_092,generation_success,智能问答,v2,desktop
2026-08-08,u_092,20260808_u_092,feature_click,智能问答,v2,desktop
2026-08-08,u_094,20260808_u_094,page_view,表格分析,v2,web
2026-08-08,u_094,20260808_u_094,prompt_submit,表格分析,v2,web
2026-08-08,u_094,20260808_u_094,generation_success,表格分析,v2,web
2026-08-08,u_094,20260808_u_094,feature_click,表格分析,v2,web
2026-08-08,u_095,20260808_u_095,page_view,表格分析,v1,desktop
2026-08-08,u_095,20260808_u_095,prompt_submit,表格分析,v1,desktop
2026-08-08,u_095,20260808_u_095,generation_success,表格分析,v1,desktop
2026-08-08,u_095,20260808_u_095,result_adopt,表格分析,v1,desktop
2026-08-08,u_096,20260808_u_096,page_view,智能问答,v1,web
2026-08-08,u_096,20260808_u_096,prompt_submit,智能问答,v1,web
2026-08-08,u_096,20260808_u_096,generation_success,智能问答,v1,web
2026-08-08,u_096,20260808_u_096,result_adopt,智能问答,v1,web
2026-08-08,u_096,20260808_u_096,feature_click,智能问答,v1,web
2026-08-08,u_097,20260808_u_097,page_view,文案生成,v1,desktop
2026-08-08,u_097,20260808_u_097,prompt_submit,文案生成,v1,desktop
2026-08-08,u_097,20260808_u_097,generation_success,文案生成,v1,desktop
2026-08-08,u_097,20260808_u_097,feature_click,文案生成,v1,desktop
2026-08-08,u_098,20260808_u_098,page_view,表格分析,v2,web
2026-08-08,u_098,20260808_u_098,prompt_submit,表格分析,v2,web
2026-08-08,u_098,20260808_u_098,generation_success,表格分析,v2,web
2026-08-08,u_099,20260808_u_099,page_view,文案生成,v1,web
2026-08-08,u_099,20260808_u_099,prompt_submit,文案生成,v1,web
2026-08-08,u_100,20260808_u_100,page_view,文案生成,v2,desktop
2026-08-08,u_100,20260808_u_100,prompt_submit,文案生成,v2,desktop
2026-08-08,u_100,20260808_u_100,generation_success,文案生成,v2,desktop
2026-08-08,u_101,20260808_u_101,page_view,智能问答,v1,web
2026-08-08,u_102,20260808_u_102,page_view,表格分析,v2,desktop
2026-08-08,u_102,20260808_u_102,prompt_submit,表格分析,v2,desktop
2026-08-08,u_102,20260808_u_102,generation_success,表格分析,v2,desktop
2026-08-08,u_102,20260808_u_102,feature_click,表格分析,v2,desktop
2026-08-08,u_105,20260808_u_105,page_view,表格分析,v1,web
2026-08-08,u_105,20260808_u_105,prompt_submit,表格分析,v1,web
2026-08-08,u_105,20260808_u_105,generation_success,表格分析,v1,web
2026-08-08,u_105,20260808_u_105,feature_click,表格分析,v1,web
2026-08-08,u_106,20260808_u_106,page_view,表格分析,v1,web
2026-08-08,u_106,20260808_u_106,prompt_submit,表格分析,v1,web
2026-08-08,u_106,20260808_u_106,generation_success,表格分析,v1,web
2026-08-08,u_106,20260808_u_106,result_adopt,表格分析,v1,web
2026-08-08,u_106,20260808_u_106,feature_click,表格分析,v1,web
2026-08-08,u_107,20260808_u_107,page_view,智能问答,v2,desktop
2026-08-08,u_107,20260808_u_107,prompt_submit,智能问答,v2,desktop
2026-08-08,u_107,20260808_u_107,generation_success,智能问答,v2,desktop
2026-08-08,u_109,20260808_u_109,page_view,文案生成,v1,desktop
2026-08-08,u_109,20260808_u_109,prompt_submit,文案生成,v1,desktop
2026-08-08,u_109,20260808_u_109,generation_success,文案生成,v1,desktop
2026-08-08,u_109,20260808_u_109,result_adopt,文案生成,v1,desktop
2026-08-08,u_110,20260808_u_110,page_view,文案生成,v2,web
2026-08-08,u_110,20260808_u_110,prompt_submit,文案生成,v2,web
2026-08-08,u_110,20260808_u_110,generation_success,文案生成,v2,web
2026-08-08,u_110,20260808_u_110,result_adopt,文案生成,v2,web
2026-08-08,u_110,20260808_u_110,feature_click,文案生成,v2,web
2026-08-08,u_111,20260808_u_111,page_view,智能问答,v1,desktop
2026-08-08,u_111,20260808_u_111,prompt_submit,智能问答,v1,desktop
2026-08-08,u_113,20260808_u_113,page_view,智能问答,v1,desktop
2026-08-08,u_113,20260808_u_113,prompt_submit,智能问答,v1,desktop
2026-08-08,u_114,20260808_u_114,page_view,智能问答,v2,desktop
2026-08-08,u_116,20260808_u_116,page_view,表格分析,v2,web
2026-08-08,u_116,20260808_u_116,prompt_submit,表格分析,v2,web
2026-08-08,u_116,20260808_u_116,generation_success,表格分析,v2,web
2026-08-08,u_116,20260808_u_116,result_adopt,表格分析,v2,web
2026-08-08,u_119,20260808_u_119,page_view,表格分析,v1,web
2026-08-08,u_120,20260808_u_120,page_view,智能问答,v1,desktop
2026-08-08,u_120,20260808_u_120,prompt_submit,智能问答,v1,desktop
2026-08-08,u_120,20260808_u_120,generation_success,智能问答,v1,desktop
2026-08-08,u_120,20260808_u_120,feature_click,智能问答,v1,desktop
2026-08-08,u_122,20260808_u_122,page_view,文案生成,v2,web
2026-08-08,u_122,20260808_u_122,prompt_submit,文案生成,v2,web
2026-08-08,u_122,20260808_u_122,generation_success,文案生成,v2,web
2026-08-08,u_122,20260808_u_122,result_adopt,文案生成,v2,web
2026-08-08,u_123,20260808_u_123,page_view,表格分析,v1,desktop
2026-08-08,u_124,20260808_u_124,page_view,文案生成,v1,web
2026-08-08,u_125,20260808_u_125,page_view,智能问答,v1,desktop
2026-08-08,u_125,20260808_u_125,prompt_submit,智能问答,v1,desktop
2026-08-08,u_125,20260808_u_125,generation_success,智能问答,v1,desktop
2026-08-08,u_126,20260808_u_126,page_view,表格分析,v1,desktop
2026-08-08,u_126,20260808_u_126,prompt_submit,表格分析,v1,desktop
2026-08-08,u_126,20260808_u_126,generation_success,表格分析,v1,desktop
2026-08-08,u_126,20260808_u_126,result_adopt,表格分析,v1,desktop
2026-08-08,u_127,20260808_u_127,page_view,表格分析,v1,desktop
2026-08-08,u_127,20260808_u_127,prompt_submit,表格分析,v1,desktop
2026-08-08,u_127,20260808_u_127,generation_success,表格分析,v1,desktop
2026-08-08,u_127,20260808_u_127,feature_click,表格分析,v1,desktop
2026-08-08,u_129,20260808_u_129,page_view,智能问答,v2,desktop
2026-08-08,u_129,20260808_u_129,prompt_submit,智能问答,v2,desktop
2026-08-08,u_129,20260808_u_129,generation_success,智能问答,v2,desktop
2026-08-08,u_129,20260808_u_129,result_adopt,智能问答,v2,desktop
2026-08-08,u_129,20260808_u_129,feature_click,智能问答,v2,desktop
2026-08-08,u_130,20260808_u_130,page_view,文案生成,v1,desktop
2026-08-08,u_130,20260808_u_130,prompt_submit,文案生成,v1,desktop
2026-08-08,u_130,20260808_u_130,generation_success,文案生成,v1,desktop
2026-08-08,u_130,20260808_u_130,result_adopt,文案生成,v1,desktop
2026-08-08,u_130,20260808_u_130,feature_click,文案生成,v1,desktop
2026-08-08,u_132,20260808_u_132,page_view,文案生成,v2,web
2026-08-08,u_132,20260808_u_132,prompt_submit,文案生成,v2,web
2026-08-08,u_132,20260808_u_132,generation_success,文案生成,v2,web
2026-08-08,u_132,20260808_u_132,result_adopt,文案生成,v2,web
2026-08-08,u_133,20260808_u_133,page_view,智能问答,v2,web
2026-08-08,u_133,20260808_u_133,prompt_submit,智能问答,v2,web
2026-08-08,u_133,20260808_u_133,generation_success,智能问答,v2,web
2026-08-08,u_133,20260808_u_133,feature_click,智能问答,v2,web
2026-08-08,u_136,20260808_u_136,page_view,智能问答,v2,web
2026-08-08,u_139,20260808_u_139,page_view,表格分析,v1,web
2026-08-08,u_139,20260808_u_139,prompt_submit,表格分析,v1,web
2026-08-08,u_139,20260808_u_139,generation_success,表格分析,v1,web
2026-08-08,u_140,20260808_u_140,page_view,表格分析,v1,web
2026-08-08,u_140,20260808_u_140,prompt_submit,表格分析,v1,web
2026-08-08,u_140,20260808_u_140,generation_success,表格分析,v1,web
2026-08-08,u_140,20260808_u_140,result_adopt,表格分析,v1,web
2026-08-08,u_141,20260808_u_141,page_view,文案生成,v1,web
2026-08-08,u_143,20260808_u_143,page_view,表格分析,v1,desktop
2026-08-08,u_143,20260808_u_143,prompt_submit,表格分析,v1,desktop
2026-08-08,u_143,20260808_u_143,generation_success,表格分析,v1,desktop
2026-08-08,u_143,20260808_u_143,feature_click,表格分析,v1,desktop
2026-08-08,u_150,20260808_u_150,page_view,文案生成,v2,desktop
2026-08-08,u_150,20260808_u_150,prompt_submit,文案生成,v2,desktop
2026-08-08,u_150,20260808_u_150,generation_success,文案生成,v2,desktop
2026-08-08,u_150,20260808_u_150,result_adopt,文案生成,v2,desktop
2026-08-08,u_150,20260808_u_150,feature_click,文案生成,v2,desktop
2026-08-08,u_151,20260808_u_151,page_view,文案生成,v1,desktop
2026-08-08,u_152,20260808_u_152,page_view,文案生成,v2,desktop
2026-08-08,u_152,20260808_u_152,prompt_submit,文案生成,v2,desktop
2026-08-08,u_152,20260808_u_152,generation_success,文案生成,v2,desktop
2026-08-08,u_152,20260808_u_152,feature_click,文案生成,v2,desktop
2026-08-08,u_153,20260808_u_153,page_view,文案生成,v1,desktop
2026-08-08,u_153,20260808_u_153,prompt_submit,文案生成,v1,desktop
2026-08-08,u_153,20260808_u_153,generation_success,文案生成,v1,desktop
2026-08-08,u_153,20260808_u_153,result_adopt,文案生成,v1,desktop
2026-08-08,u_154,20260808_u_154,page_view,表格分析,v2,web
2026-08-08,u_155,20260808_u_155,page_view,表格分析,v1,desktop
2026-08-08,u_155,20260808_u_155,prompt_submit,表格分析,v1,desktop
2026-08-08,u_157,20260808_u_157,page_view,文案生成,v2,web
2026-08-08,u_157,20260808_u_157,prompt_submit,文案生成,v2,web
2026-08-08,u_157,20260808_u_157,generation_success,文案生成,v2,web
2026-08-08,u_158,20260808_u_158,page_view,智能问答,v1,web
2026-08-08,u_158,20260808_u_158,prompt_submit,智能问答,v1,web
2026-08-08,u_158,20260808_u_158,generation_success,智能问答,v1,web
2026-08-08,u_158,20260808_u_158,feature_click,智能问答,v1,web
2026-08-08,u_159,20260808_u_159,page_view,文案生成,v2,web
2026-08-08,u_159,20260808_u_159,prompt_submit,文案生成,v2,web
2026-08-08,u_159,20260808_u_159,generation_success,文案生成,v2,web
2026-08-08,u_160,20260808_u_160,page_view,智能问答,v2,desktop
2026-08-08,u_160,20260808_u_160,prompt_submit,智能问答,v2,desktop
2026-08-08,u_160,20260808_u_160,generation_success,智能问答,v2,desktop
2026-08-08,u_160,20260808_u_160,result_adopt,智能问答,v2,desktop
2026-08-08,u_161,20260808_u_161,page_view,智能问答,v2,desktop
2026-08-08,u_161,20260808_u_161,prompt_submit,智能问答,v2,desktop
2026-08-08,u_161,20260808_u_161,generation_success,智能问答,v2,desktop
2026-08-08,u_161,20260808_u_161,feature_click,智能问答,v2,desktop
2026-08-08,u_165,20260808_u_165,page_view,文案生成,v2,desktop
2026-08-08,u_168,20260808_u_168,page_view,智能问答,v2,desktop
2026-08-08,u_169,20260808_u_169,page_view,智能问答,v1,web
2026-08-08,u_170,20260808_u_170,page_view,智能问答,v2,desktop
2026-08-08,u_173,20260808_u_173,page_view,表格分析,v2,desktop
2026-08-08,u_173,20260808_u_173,prompt_submit,表格分析,v2,desktop
2026-08-08,u_175,20260808_u_175,page_view,表格分析,v2,web
2026-08-08,u_175,20260808_u_175,prompt_submit,表格分析,v2,web
2026-08-08,u_175,20260808_u_175,generation_success,表格分析,v2,web
2026-08-08,u_175,20260808_u_175,result_adopt,表格分析,v2,web
2026-08-08,u_175,20260808_u_175,feature_click,表格分析,v2,web
2026-08-08,u_178,20260808_u_178,page_view,智能问答,v1,web
2026-08-08,u_178,20260808_u_178,prompt_submit,智能问答,v1,web
2026-08-08,u_178,20260808_u_178,generation_success,智能问答,v1,web
2026-08-08,u_178,20260808_u_178,result_adopt,智能问答,v1,web
2026-08-08,u_178,20260808_u_178,feature_click,智能问答,v1,web
2026-08-08,u_180,20260808_u_180,page_view,智能问答,v2,desktop
2026-08-08,u_180,20260808_u_180,prompt_submit,智能问答,v2,desktop
2026-08-09,u_002,20260809_u_002,page_view,文案生成,v2,desktop
2026-08-09,u_002,20260809_u_002,prompt_submit,文案生成,v2,desktop
2026-08-09,u_002,20260809_u_002,generation_success,文案生成,v2,desktop
2026-08-09,u_003,20260809_u_003,page_view,文案生成,v1,desktop
2026-08-09,u_004,20260809_u_004,page_view,表格分析,v2,web
2026-08-09,u_004,20260809_u_004,prompt_submit,表格分析,v2,web
2026-08-09,u_004,20260809_u_004,generation_success,表格分析,v2,web
2026-08-09,u_004,20260809_u_004,result_adopt,表格分析,v2,web
2026-08-09,u_005,20260809_u_005,page_view,文案生成,v1,web
2026-08-09,u_005,20260809_u_005,prompt_submit,文案生成,v1,web
2026-08-09,u_005,20260809_u_005,generation_success,文案生成,v1,web
2026-08-09,u_006,20260809_u_006,page_view,表格分析,v2,web
2026-08-09,u_008,20260809_u_008,page_view,文案生成,v1,desktop
2026-08-09,u_008,20260809_u_008,prompt_submit,文案生成,v1,desktop
2026-08-09,u_009,20260809_u_009,page_view,表格分析,v1,web
2026-08-09,u_010,20260809_u_010,page_view,智能问答,v1,web
2026-08-09,u_011,20260809_u_011,page_view,表格分析,v2,web
2026-08-09,u_011,20260809_u_011,prompt_submit,表格分析,v2,web
2026-08-09,u_011,20260809_u_011,generation_success,表格分析,v2,web
2026-08-09,u_011,20260809_u_011,result_adopt,表格分析,v2,web
2026-08-09,u_011,20260809_u_011,feature_click,表格分析,v2,web
2026-08-09,u_012,20260809_u_012,page_view,表格分析,v2,web
2026-08-09,u_012,20260809_u_012,prompt_submit,表格分析,v2,web
2026-08-09,u_012,20260809_u_012,generation_success,表格分析,v2,web
2026-08-09,u_012,20260809_u_012,result_adopt,表格分析,v2,web
2026-08-09,u_012,20260809_u_012,feature_click,表格分析,v2,web
2026-08-09,u_013,20260809_u_013,page_view,表格分析,v2,desktop
2026-08-09,u_014,20260809_u_014,page_view,智能问答,v2,desktop
2026-08-09,u_014,20260809_u_014,prompt_submit,智能问答,v2,desktop
2026-08-09,u_014,20260809_u_014,generation_success,智能问答,v2,desktop
2026-08-09,u_015,20260809_u_015,page_view,文案生成,v2,web
2026-08-09,u_015,20260809_u_015,prompt_submit,文案生成,v2,web
2026-08-09,u_015,20260809_u_015,generation_success,文案生成,v2,web
2026-08-09,u_015,20260809_u_015,feature_click,文案生成,v2,web
2026-08-09,u_016,20260809_u_016,page_view,智能问答,v2,web
2026-08-09,u_016,20260809_u_016,prompt_submit,智能问答,v2,web
2026-08-09,u_016,20260809_u_016,generation_success,智能问答,v2,web
2026-08-09,u_016,20260809_u_016,result_adopt,智能问答,v2,web
2026-08-09,u_017,20260809_u_017,page_view,表格分析,v2,web
2026-08-09,u_017,20260809_u_017,prompt_submit,表格分析,v2,web
2026-08-09,u_017,20260809_u_017,generation_success,表格分析,v2,web
2026-08-09,u_017,20260809_u_017,result_adopt,表格分析,v2,web
2026-08-09,u_017,20260809_u_017,feature_click,表格分析,v2,web
2026-08-09,u_018,20260809_u_018,page_view,智能问答,v2,desktop
2026-08-09,u_018,20260809_u_018,prompt_submit,智能问答,v2,desktop
2026-08-09,u_018,20260809_u_018,generation_success,智能问答,v2,desktop
2026-08-09,u_018,20260809_u_018,result_adopt,智能问答,v2,desktop
2026-08-09,u_018,20260809_u_018,feature_click,智能问答,v2,desktop
2026-08-09,u_019,20260809_u_019,page_view,文案生成,v2,desktop
2026-08-09,u_019,20260809_u_019,prompt_submit,文案生成,v2,desktop
2026-08-09,u_019,20260809_u_019,generation_success,文案生成,v2,desktop
2026-08-09,u_019,20260809_u_019,result_adopt,文案生成,v2,desktop
2026-08-09,u_021,20260809_u_021,page_view,表格分析,v2,web
2026-08-09,u_021,20260809_u_021,prompt_submit,表格分析,v2,web
2026-08-09,u_021,20260809_u_021,generation_success,表格分析,v2,web
2026-08-09,u_021,20260809_u_021,feature_click,表格分析,v2,web
2026-08-09,u_022,20260809_u_022,page_view,智能问答,v2,desktop
2026-08-09,u_026,20260809_u_026,page_view,智能问答,v1,web
2026-08-09,u_026,20260809_u_026,prompt_submit,智能问答,v1,web
2026-08-09,u_026,20260809_u_026,generation_success,智能问答,v1,web
2026-08-09,u_027,20260809_u_027,page_view,表格分析,v2,web
2026-08-09,u_027,20260809_u_027,prompt_submit,表格分析,v2,web
2026-08-09,u_027,20260809_u_027,generation_success,表格分析,v2,web
2026-08-09,u_027,20260809_u_027,feature_click,表格分析,v2,web
2026-08-09,u_028,20260809_u_028,page_view,表格分析,v1,web
2026-08-09,u_028,20260809_u_028,prompt_submit,表格分析,v1,web
2026-08-09,u_028,20260809_u_028,generation_success,表格分析,v1,web
2026-08-09,u_028,20260809_u_028,result_adopt,表格分析,v1,web
2026-08-09,u_028,20260809_u_028,feature_click,表格分析,v1,web
2026-08-09,u_030,20260809_u_030,page_view,表格分析,v1,web
2026-08-09,u_031,20260809_u_031,page_view,智能问答,v1,desktop
2026-08-09,u_032,20260809_u_032,page_view,文案生成,v1,desktop
2026-08-09,u_033,20260809_u_033,page_view,智能问答,v2,web
2026-08-09,u_033,20260809_u_033,prompt_submit,智能问答,v2,web
2026-08-09,u_033,20260809_u_033,generation_success,智能问答,v2,web
2026-08-09,u_033,20260809_u_033,result_adopt,智能问答,v2,web
2026-08-09,u_033,20260809_u_033,feature_click,智能问答,v2,web
2026-08-09,u_034,20260809_u_034,page_view,智能问答,v1,web
2026-08-09,u_034,20260809_u_034,prompt_submit,智能问答,v1,web
2026-08-09,u_034,20260809_u_034,generation_success,智能问答,v1,web
2026-08-09,u_035,20260809_u_035,page_view,文案生成,v2,desktop
2026-08-09,u_035,20260809_u_035,prompt_submit,文案生成,v2,desktop
2026-08-09,u_035,20260809_u_035,generation_success,文案生成,v2,desktop
2026-08-09,u_035,20260809_u_035,result_adopt,文案生成,v2,desktop
2026-08-09,u_038,20260809_u_038,page_view,文案生成,v1,web
2026-08-09,u_038,20260809_u_038,prompt_submit,文案生成,v1,web
2026-08-09,u_038,20260809_u_038,generation_success,文案生成,v1,web
2026-08-09,u_041,20260809_u_041,page_view,表格分析,v2,web
2026-08-09,u_042,20260809_u_042,page_view,文案生成,v1,web
2026-08-09,u_042,20260809_u_042,prompt_submit,文案生成,v1,web
2026-08-09,u_042,20260809_u_042,generation_success,文案生成,v1,web
2026-08-09,u_042,20260809_u_042,result_adopt,文案生成,v1,web
2026-08-09,u_042,20260809_u_042,feature_click,文案生成,v1,web
2026-08-09,u_043,20260809_u_043,page_view,文案生成,v2,web
2026-08-09,u_043,20260809_u_043,prompt_submit,文案生成,v2,web
2026-08-09,u_043,20260809_u_043,generation_success,文案生成,v2,web
2026-08-09,u_044,20260809_u_044,page_view,表格分析,v1,desktop
2026-08-09,u_045,20260809_u_045,page_view,智能问答,v1,desktop
2026-08-09,u_047,20260809_u_047,page_view,智能问答,v2,web
2026-08-09,u_047,20260809_u_047,prompt_submit,智能问答,v2,web
2026-08-09,u_047,20260809_u_047,generation_success,智能问答,v2,web
2026-08-09,u_047,20260809_u_047,feature_click,智能问答,v2,web
2026-08-09,u_048,20260809_u_048,page_view,文案生成,v1,web
2026-08-09,u_048,20260809_u_048,prompt_submit,文案生成,v1,web
2026-08-09,u_048,20260809_u_048,generation_success,文案生成,v1,web
2026-08-09,u_049,20260809_u_049,page_view,文案生成,v2,web
2026-08-09,u_049,20260809_u_049,prompt_submit,文案生成,v2,web
2026-08-09,u_049,20260809_u_049,generation_success,文案生成,v2,web
2026-08-09,u_049,20260809_u_049,result_adopt,文案生成,v2,web
2026-08-09,u_049,20260809_u_049,feature_click,文案生成,v2,web
2026-08-09,u_050,20260809_u_050,page_view,文案生成,v2,desktop
2026-08-09,u_050,20260809_u_050,prompt_submit,文案生成,v2,desktop
2026-08-09,u_050,20260809_u_050,generation_success,文案生成,v2,desktop
2026-08-09,u_050,20260809_u_050,result_adopt,文案生成,v2,desktop
2026-08-09,u_050,20260809_u_050,feature_click,文案生成,v2,desktop
2026-08-09,u_052,20260809_u_052,page_view,智能问答,v1,web
2026-08-09,u_052,20260809_u_052,prompt_submit,智能问答,v1,web
2026-08-09,u_052,20260809_u_052,generation_success,智能问答,v1,web
2026-08-09,u_052,20260809_u_052,result_adopt,智能问答,v1,web
2026-08-09,u_052,20260809_u_052,feature_click,智能问答,v1,web
2026-08-09,u_053,20260809_u_053,page_view,智能问答,v1,web
2026-08-09,u_054,20260809_u_054,page_view,智能问答,v1,desktop
2026-08-09,u_054,20260809_u_054,prompt_submit,智能问答,v1,desktop
2026-08-09,u_054,20260809_u_054,generation_success,智能问答,v1,desktop
2026-08-09,u_054,20260809_u_054,feature_click,智能问答,v1,desktop
2026-08-09,u_055,20260809_u_055,page_view,智能问答,v2,desktop
2026-08-09,u_055,20260809_u_055,prompt_submit,智能问答,v2,desktop
2026-08-09,u_055,20260809_u_055,generation_success,智能问答,v2,desktop
2026-08-09,u_059,20260809_u_059,page_view,智能问答,v1,web
2026-08-09,u_060,20260809_u_060,page_view,智能问答,v2,desktop
2026-08-09,u_062,20260809_u_062,page_view,智能问答,v2,web
2026-08-09,u_062,20260809_u_062,prompt_submit,智能问答,v2,web
2026-08-09,u_062,20260809_u_062,generation_success,智能问答,v2,web
2026-08-09,u_062,20260809_u_062,result_adopt,智能问答,v2,web
2026-08-09,u_062,20260809_u_062,feature_click,智能问答,v2,web
2026-08-09,u_063,20260809_u_063,page_view,文案生成,v1,web
2026-08-09,u_063,20260809_u_063,prompt_submit,文案生成,v1,web
2026-08-09,u_063,20260809_u_063,generation_success,文案生成,v1,web
2026-08-09,u_067,20260809_u_067,page_view,文案生成,v1,desktop
2026-08-09,u_069,20260809_u_069,page_view,表格分析,v2,web
2026-08-09,u_069,20260809_u_069,prompt_submit,表格分析,v2,web
2026-08-09,u_069,20260809_u_069,generation_success,表格分析,v2,web
2026-08-09,u_069,20260809_u_069,feature_click,表格分析,v2,web
2026-08-09,u_070,20260809_u_070,page_view,表格分析,v1,desktop
2026-08-09,u_070,20260809_u_070,prompt_submit,表格分析,v1,desktop
2026-08-09,u_070,20260809_u_070,generation_success,表格分析,v1,desktop
2026-08-09,u_070,20260809_u_070,result_adopt,表格分析,v1,desktop
2026-08-09,u_073,20260809_u_073,page_view,智能问答,v1,web
2026-08-09,u_073,20260809_u_073,prompt_submit,智能问答,v1,web
2026-08-09,u_073,20260809_u_073,generation_success,智能问答,v1,web
2026-08-09,u_073,20260809_u_073,feature_click,智能问答,v1,web
2026-08-09,u_074,20260809_u_074,page_view,文案生成,v2,desktop
2026-08-09,u_074,20260809_u_074,prompt_submit,文案生成,v2,desktop
2026-08-09,u_074,20260809_u_074,generation_success,文案生成,v2,desktop
2026-08-09,u_074,20260809_u_074,result_adopt,文案生成,v2,desktop
2026-08-09,u_075,20260809_u_075,page_view,智能问答,v2,desktop
2026-08-09,u_075,20260809_u_075,prompt_submit,智能问答,v2,desktop
2026-08-09,u_075,20260809_u_075,generation_success,智能问答,v2,desktop
2026-08-09,u_075,20260809_u_075,result_adopt,智能问答,v2,desktop
2026-08-09,u_076,20260809_u_076,page_view,表格分析,v2,desktop
2026-08-09,u_076,20260809_u_076,prompt_submit,表格分析,v2,desktop
2026-08-09,u_077,20260809_u_077,page_view,智能问答,v2,desktop
2026-08-09,u_077,20260809_u_077,prompt_submit,智能问答,v2,desktop
2026-08-09,u_077,20260809_u_077,generation_success,智能问答,v2,desktop
2026-08-09,u_077,20260809_u_077,feature_click,智能问答,v2,desktop
2026-08-09,u_078,20260809_u_078,page_view,文案生成,v2,web
2026-08-09,u_078,20260809_u_078,prompt_submit,文案生成,v2,web
2026-08-09,u_078,20260809_u_078,generation_success,文案生成,v2,web
2026-08-09,u_078,20260809_u_078,feature_click,文案生成,v2,web
2026-08-09,u_079,20260809_u_079,page_view,表格分析,v1,desktop
2026-08-09,u_079,20260809_u_079,prompt_submit,表格分析,v1,desktop
2026-08-09,u_079,20260809_u_079,generation_success,表格分析,v1,desktop
2026-08-09,u_079,20260809_u_079,result_adopt,表格分析,v1,desktop
2026-08-09,u_081,20260809_u_081,page_view,表格分析,v2,desktop
2026-08-09,u_081,20260809_u_081,prompt_submit,表格分析,v2,desktop
2026-08-09,u_081,20260809_u_081,generation_success,表格分析,v2,desktop
2026-08-09,u_081,20260809_u_081,feature_click,表格分析,v2,desktop
2026-08-09,u_083,20260809_u_083,page_view,文案生成,v1,desktop
2026-08-09,u_083,20260809_u_083,prompt_submit,文案生成,v1,desktop
2026-08-09,u_083,20260809_u_083,generation_success,文案生成,v1,desktop
2026-08-09,u_083,20260809_u_083,feature_click,文案生成,v1,desktop
2026-08-09,u_084,20260809_u_084,page_view,智能问答,v1,desktop
2026-08-09,u_084,20260809_u_084,prompt_submit,智能问答,v1,desktop
2026-08-09,u_084,20260809_u_084,generation_success,智能问答,v1,desktop
2026-08-09,u_084,20260809_u_084,feature_click,智能问答,v1,desktop
2026-08-09,u_088,20260809_u_088,page_view,文案生成,v1,web
2026-08-09,u_089,20260809_u_089,page_view,表格分析,v1,desktop
2026-08-09,u_094,20260809_u_094,page_view,文案生成,v1,desktop
2026-08-09,u_094,20260809_u_094,prompt_submit,文案生成,v1,desktop
2026-08-09,u_094,20260809_u_094,generation_success,文案生成,v1,desktop
2026-08-09,u_094,20260809_u_094,feature_click,文案生成,v1,desktop
2026-08-09,u_095,20260809_u_095,page_view,表格分析,v1,web
2026-08-09,u_095,20260809_u_095,prompt_submit,表格分析,v1,web
2026-08-09,u_095,20260809_u_095,generation_success,表格分析,v1,web
2026-08-09,u_095,20260809_u_095,feature_click,表格分析,v1,web
2026-08-09,u_097,20260809_u_097,page_view,文案生成,v2,desktop
2026-08-09,u_097,20260809_u_097,prompt_submit,文案生成,v2,desktop
2026-08-09,u_097,20260809_u_097,generation_success,文案生成,v2,desktop
2026-08-09,u_097,20260809_u_097,result_adopt,文案生成,v2,desktop
2026-08-09,u_097,20260809_u_097,feature_click,文案生成,v2,desktop
2026-08-09,u_098,20260809_u_098,page_view,表格分析,v1,desktop
2026-08-09,u_098,20260809_u_098,prompt_submit,表格分析,v1,desktop
2026-08-09,u_098,20260809_u_098,generation_success,表格分析,v1,desktop
2026-08-09,u_098,20260809_u_098,result_adopt,表格分析,v1,desktop
2026-08-09,u_099,20260809_u_099,page_view,表格分析,v1,web
2026-08-09,u_099,20260809_u_099,prompt_submit,表格分析,v1,web
2026-08-09,u_099,20260809_u_099,generation_success,表格分析,v1,web
2026-08-09,u_099,20260809_u_099,result_adopt,表格分析,v1,web
2026-08-09,u_107,20260809_u_107,page_view,文案生成,v2,desktop
2026-08-09,u_107,20260809_u_107,prompt_submit,文案生成,v2,desktop
2026-08-09,u_107,20260809_u_107,generation_success,文案生成,v2,desktop
2026-08-09,u_107,20260809_u_107,feature_click,文案生成,v2,desktop
2026-08-09,u_112,20260809_u_112,page_view,智能问答,v1,desktop
2026-08-09,u_112,20260809_u_112,prompt_submit,智能问答,v1,desktop
2026-08-09,u_112,20260809_u_112,generation_success,智能问答,v1,desktop
2026-08-09,u_112,20260809_u_112,result_adopt,智能问答,v1,desktop
2026-08-09,u_113,20260809_u_113,page_view,智能问答,v1,web
2026-08-09,u_114,20260809_u_114,page_view,智能问答,v1,web
2026-08-09,u_114,20260809_u_114,prompt_submit,智能问答,v1,web
2026-08-09,u_114,20260809_u_114,generation_success,智能问答,v1,web
2026-08-09,u_116,20260809_u_116,page_view,表格分析,v2,desktop
2026-08-09,u_116,20260809_u_116,prompt_submit,表格分析,v2,desktop
2026-08-09,u_116,20260809_u_116,generation_success,表格分析,v2,desktop
2026-08-09,u_116,20260809_u_116,feature_click,表格分析,v2,desktop
2026-08-09,u_117,20260809_u_117,page_view,文案生成,v1,web
2026-08-09,u_117,20260809_u_117,prompt_submit,文案生成,v1,web
2026-08-09,u_117,20260809_u_117,generation_success,文案生成,v1,web
2026-08-09,u_117,20260809_u_117,result_adopt,文案生成,v1,web
2026-08-09,u_118,20260809_u_118,page_view,表格分析,v2,web
2026-08-09,u_118,20260809_u_118,prompt_submit,表格分析,v2,web
2026-08-09,u_118,20260809_u_118,generation_success,表格分析,v2,web
2026-08-09,u_119,20260809_u_119,page_view,表格分析,v2,web
2026-08-09,u_120,20260809_u_120,page_view,文案生成,v2,web
2026-08-09,u_120,20260809_u_120,prompt_submit,文案生成,v2,web
2026-08-09,u_120,20260809_u_120,generation_success,文案生成,v2,web
2026-08-09,u_120,20260809_u_120,result_adopt,文案生成,v2,web
2026-08-09,u_121,20260809_u_121,page_view,智能问答,v1,desktop
2026-08-09,u_121,20260809_u_121,prompt_submit,智能问答,v1,desktop
2026-08-09,u_121,20260809_u_121,generation_success,智能问答,v1,desktop
2026-08-09,u_122,20260809_u_122,page_view,表格分析,v2,desktop
2026-08-09,u_122,20260809_u_122,prompt_submit,表格分析,v2,desktop
2026-08-09,u_122,20260809_u_122,generation_success,表格分析,v2,desktop
2026-08-09,u_122,20260809_u_122,result_adopt,表格分析,v2,desktop
2026-08-09,u_122,20260809_u_122,feature_click,表格分析,v2,desktop
2026-08-09,u_123,20260809_u_123,page_view,表格分析,v2,web
2026-08-09,u_123,20260809_u_123,prompt_submit,表格分析,v2,web
2026-08-09,u_123,20260809_u_123,generation_success,表格分析,v2,web
2026-08-09,u_123,20260809_u_123,feature_click,表格分析,v2,web
2026-08-09,u_124,20260809_u_124,page_view,文案生成,v2,desktop
2026-08-09,u_126,20260809_u_126,page_view,文案生成,v2,desktop
2026-08-09,u_127,20260809_u_127,page_view,智能问答,v1,web
2026-08-09,u_127,20260809_u_127,prompt_submit,智能问答,v1,web
2026-08-09,u_127,20260809_u_127,generation_success,智能问答,v1,web
2026-08-09,u_127,20260809_u_127,result_adopt,智能问答,v1,web
2026-08-09,u_135,20260809_u_135,page_view,智能问答,v1,web
2026-08-09,u_135,20260809_u_135,prompt_submit,智能问答,v1,web
2026-08-09,u_136,20260809_u_136,page_view,文案生成,v1,desktop
2026-08-09,u_137,20260809_u_137,page_view,文案生成,v2,desktop
2026-08-09,u_137,20260809_u_137,prompt_submit,文案生成,v2,desktop
2026-08-09,u_137,20260809_u_137,generation_success,文案生成,v2,desktop
2026-08-09,u_137,20260809_u_137,result_adopt,文案生成,v2,desktop
2026-08-09,u_137,20260809_u_137,feature_click,文案生成,v2,desktop
2026-08-09,u_139,20260809_u_139,page_view,表格分析,v2,web
2026-08-09,u_139,20260809_u_139,prompt_submit,表格分析,v2,web
2026-08-09,u_139,20260809_u_139,generation_success,表格分析,v2,web
2026-08-09,u_139,20260809_u_139,result_adopt,表格分析,v2,web
2026-08-09,u_142,20260809_u_142,page_view,表格分析,v1,desktop
2026-08-09,u_142,20260809_u_142,prompt_submit,表格分析,v1,desktop
2026-08-09,u_142,20260809_u_142,generation_success,表格分析,v1,desktop
2026-08-09,u_142,20260809_u_142,result_adopt,表格分析,v1,desktop
2026-08-09,u_142,20260809_u_142,feature_click,表格分析,v1,desktop
2026-08-09,u_143,20260809_u_143,page_view,文案生成,v1,desktop
2026-08-09,u_144,20260809_u_144,page_view,智能问答,v1,desktop
2026-08-09,u_144,20260809_u_144,prompt_submit,智能问答,v1,desktop
2026-08-09,u_144,20260809_u_144,generation_success,智能问答,v1,desktop
2026-08-09,u_144,20260809_u_144,result_adopt,智能问答,v1,desktop
2026-08-09,u_144,20260809_u_144,feature_click,智能问答,v1,desktop
2026-08-09,u_148,20260809_u_148,page_view,智能问答,v1,web
2026-08-09,u_148,20260809_u_148,prompt_submit,智能问答,v1,web
2026-08-09,u_148,20260809_u_148,generation_success,智能问答,v1,web
2026-08-09,u_148,20260809_u_148,feature_click,智能问答,v1,web
2026-08-09,u_149,20260809_u_149,page_view,表格分析,v2,desktop
2026-08-09,u_149,20260809_u_149,prompt_submit,表格分析,v2,desktop
2026-08-09,u_149,20260809_u_149,generation_success,表格分析,v2,desktop
2026-08-09,u_149,20260809_u_149,result_adopt,表格分析,v2,desktop
2026-08-09,u_150,20260809_u_150,page_view,表格分析,v2,desktop
2026-08-09,u_151,20260809_u_151,page_view,智能问答,v1,web
2026-08-09,u_153,20260809_u_153,page_view,智能问答,v1,desktop
2026-08-09,u_159,20260809_u_159,page_view,表格分析,v2,web
2026-08-09,u_159,20260809_u_159,prompt_submit,表格分析,v2,web
2026-08-09,u_159,20260809_u_159,generation_success,表格分析,v2,web
2026-08-09,u_160,20260809_u_160,page_view,文案生成,v2,desktop
2026-08-09,u_160,20260809_u_160,prompt_submit,文案生成,v2,desktop
2026-08-09,u_160,20260809_u_160,generation_success,文案生成,v2,desktop
2026-08-09,u_160,20260809_u_160,feature_click,文案生成,v2,desktop
2026-08-09,u_161,20260809_u_161,page_view,智能问答,v1,web
2026-08-09,u_161,20260809_u_161,prompt_submit,智能问答,v1,web
2026-08-09,u_162,20260809_u_162,page_view,文案生成,v1,desktop
2026-08-09,u_162,20260809_u_162,prompt_submit,文案生成,v1,desktop
2026-08-09,u_162,20260809_u_162,generation_success,文案生成,v1,desktop
2026-08-09,u_162,20260809_u_162,feature_click,文案生成,v1,desktop
2026-08-09,u_164,20260809_u_164,page_view,文案生成,v2,desktop
2026-08-09,u_164,20260809_u_164,prompt_submit,文案生成,v2,desktop
2026-08-09,u_166,20260809_u_166,page_view,文案生成,v2,web
2026-08-09,u_166,20260809_u_166,prompt_submit,文案生成,v2,web
2026-08-09,u_166,20260809_u_166,generation_success,文案生成,v2,web
2026-08-09,u_166,20260809_u_166,feature_click,文案生成,v2,web
2026-08-09,u_167,20260809_u_167,page_view,文案生成,v1,web
2026-08-09,u_167,20260809_u_167,prompt_submit,文案生成,v1,web
2026-08-09,u_167,20260809_u_167,generation_success,文案生成,v1,web
2026-08-09,u_170,20260809_u_170,page_view,文案生成,v2,web
2026-08-09,u_170,20260809_u_170,prompt_submit,文案生成,v2,web
2026-08-09,u_173,20260809_u_173,page_view,文案生成,v2,desktop
2026-08-09,u_173,20260809_u_173,prompt_submit,文案生成,v2,desktop
2026-08-09,u_173,20260809_u_173,generation_success,文案生成,v2,desktop
2026-08-09,u_173,20260809_u_173,result_adopt,文案生成,v2,desktop
2026-08-09,u_173,20260809_u_173,feature_click,文案生成,v2,desktop
2026-08-09,u_175,20260809_u_175,page_view,文案生成,v1,desktop
2026-08-09,u_175,20260809_u_175,prompt_submit,文案生成,v1,desktop
2026-08-09,u_175,20260809_u_175,generation_success,文案生成,v1,desktop
2026-08-09,u_175,20260809_u_175,feature_click,文案生成,v1,desktop
2026-08-09,u_176,20260809_u_176,page_view,智能问答,v2,desktop
2026-08-09,u_176,20260809_u_176,prompt_submit,智能问答,v2,desktop
2026-08-09,u_176,20260809_u_176,generation_success,智能问答,v2,desktop
2026-08-09,u_176,20260809_u_176,feature_click,智能问答,v2,desktop
2026-08-10,u_001,20260810_u_001,page_view,表格分析,v2,desktop
2026-08-10,u_001,20260810_u_001,prompt_submit,表格分析,v2,desktop
2026-08-10,u_001,20260810_u_001,generation_success,表格分析,v2,desktop
2026-08-10,u_004,20260810_u_004,page_view,表格分析,v1,web
2026-08-10,u_006,20260810_u_006,page_view,智能问答,v2,web
2026-08-10,u_006,20260810_u_006,prompt_submit,智能问答,v2,web
2026-08-10,u_006,20260810_u_006,generation_success,智能问答,v2,web
2026-08-10,u_007,20260810_u_007,page_view,文案生成,v1,desktop
2026-08-10,u_010,20260810_u_010,page_view,文案生成,v1,desktop
2026-08-10,u_010,20260810_u_010,prompt_submit,文案生成,v1,desktop
2026-08-10,u_011,20260810_u_011,page_view,文案生成,v1,web
2026-08-10,u_011,20260810_u_011,prompt_submit,文案生成,v1,web
2026-08-10,u_011,20260810_u_011,generation_success,文案生成,v1,web
2026-08-10,u_011,20260810_u_011,result_adopt,文案生成,v1,web
2026-08-10,u_011,20260810_u_011,feature_click,文案生成,v1,web
2026-08-10,u_012,20260810_u_012,page_view,表格分析,v2,desktop
2026-08-10,u_013,20260810_u_013,page_view,表格分析,v1,web
2026-08-10,u_013,20260810_u_013,prompt_submit,表格分析,v1,web
2026-08-10,u_013,20260810_u_013,generation_success,表格分析,v1,web
2026-08-10,u_013,20260810_u_013,feature_click,表格分析,v1,web
2026-08-10,u_015,20260810_u_015,page_view,文案生成,v1,desktop
2026-08-10,u_015,20260810_u_015,prompt_submit,文案生成,v1,desktop
2026-08-10,u_015,20260810_u_015,generation_success,文案生成,v1,desktop
2026-08-10,u_015,20260810_u_015,result_adopt,文案生成,v1,desktop
2026-08-10,u_015,20260810_u_015,feature_click,文案生成,v1,desktop
2026-08-10,u_016,20260810_u_016,page_view,智能问答,v2,desktop
2026-08-10,u_016,20260810_u_016,prompt_submit,智能问答,v2,desktop
2026-08-10,u_016,20260810_u_016,generation_success,智能问答,v2,desktop
2026-08-10,u_016,20260810_u_016,result_adopt,智能问答,v2,desktop
2026-08-10,u_016,20260810_u_016,feature_click,智能问答,v2,desktop
2026-08-10,u_017,20260810_u_017,page_view,文案生成,v1,web
2026-08-10,u_017,20260810_u_017,prompt_submit,文案生成,v1,web
2026-08-10,u_017,20260810_u_017,generation_success,文案生成,v1,web
2026-08-10,u_017,20260810_u_017,feature_click,文案生成,v1,web
2026-08-10,u_018,20260810_u_018,page_view,表格分析,v1,desktop
2026-08-10,u_018,20260810_u_018,prompt_submit,表格分析,v1,desktop
2026-08-10,u_018,20260810_u_018,generation_success,表格分析,v1,desktop
2026-08-10,u_018,20260810_u_018,feature_click,表格分析,v1,desktop
2026-08-10,u_019,20260810_u_019,page_view,表格分析,v1,web
2026-08-10,u_019,20260810_u_019,prompt_submit,表格分析,v1,web
2026-08-10,u_019,20260810_u_019,generation_success,表格分析,v1,web
2026-08-10,u_019,20260810_u_019,result_adopt,表格分析,v1,web
2026-08-10,u_019,20260810_u_019,feature_click,表格分析,v1,web
2026-08-10,u_020,20260810_u_020,page_view,智能问答,v2,desktop
2026-08-10,u_020,20260810_u_020,prompt_submit,智能问答,v2,desktop
2026-08-10,u_020,20260810_u_020,generation_success,智能问答,v2,desktop
2026-08-10,u_022,20260810_u_022,page_view,文案生成,v2,web
2026-08-10,u_023,20260810_u_023,page_view,智能问答,v2,web
2026-08-10,u_023,20260810_u_023,prompt_submit,智能问答,v2,web
2026-08-10,u_023,20260810_u_023,generation_success,智能问答,v2,web
2026-08-10,u_028,20260810_u_028,page_view,智能问答,v2,desktop
2026-08-10,u_028,20260810_u_028,prompt_submit,智能问答,v2,desktop
2026-08-10,u_028,20260810_u_028,generation_success,智能问答,v2,desktop
2026-08-10,u_028,20260810_u_028,result_adopt,智能问答,v2,desktop
2026-08-10,u_030,20260810_u_030,page_view,文案生成,v2,web
2026-08-10,u_030,20260810_u_030,prompt_submit,文案生成,v2,web
2026-08-10,u_030,20260810_u_030,generation_success,文案生成,v2,web
2026-08-10,u_030,20260810_u_030,feature_click,文案生成,v2,web
2026-08-10,u_034,20260810_u_034,page_view,文案生成,v1,desktop
2026-08-10,u_035,20260810_u_035,page_view,智能问答,v1,desktop
2026-08-10,u_035,20260810_u_035,prompt_submit,智能问答,v1,desktop
2026-08-10,u_037,20260810_u_037,page_view,文案生成,v1,web
2026-08-10,u_040,20260810_u_040,page_view,智能问答,v1,desktop
2026-08-10,u_040,20260810_u_040,prompt_submit,智能问答,v1,desktop
2026-08-10,u_042,20260810_u_042,page_view,文案生成,v2,web
2026-08-10,u_042,20260810_u_042,prompt_submit,文案生成,v2,web
2026-08-10,u_042,20260810_u_042,generation_success,文案生成,v2,web
2026-08-10,u_047,20260810_u_047,page_view,文案生成,v1,web
2026-08-10,u_047,20260810_u_047,prompt_submit,文案生成,v1,web
2026-08-10,u_047,20260810_u_047,generation_success,文案生成,v1,web
2026-08-10,u_047,20260810_u_047,feature_click,文案生成,v1,web
2026-08-10,u_049,20260810_u_049,page_view,表格分析,v2,web
2026-08-10,u_049,20260810_u_049,prompt_submit,表格分析,v2,web
2026-08-10,u_049,20260810_u_049,generation_success,表格分析,v2,web
2026-08-10,u_049,20260810_u_049,result_adopt,表格分析,v2,web
2026-08-10,u_052,20260810_u_052,page_view,智能问答,v2,web
2026-08-10,u_054,20260810_u_054,page_view,智能问答,v2,desktop
2026-08-10,u_054,20260810_u_054,prompt_submit,智能问答,v2,desktop
2026-08-10,u_054,20260810_u_054,generation_success,智能问答,v2,desktop
2026-08-10,u_054,20260810_u_054,feature_click,智能问答,v2,desktop
2026-08-10,u_055,20260810_u_055,page_view,文案生成,v1,web
2026-08-10,u_055,20260810_u_055,prompt_submit,文案生成,v1,web
2026-08-10,u_055,20260810_u_055,generation_success,文案生成,v1,web
2026-08-10,u_055,20260810_u_055,result_adopt,文案生成,v1,web
2026-08-10,u_057,20260810_u_057,page_view,文案生成,v2,desktop
2026-08-10,u_057,20260810_u_057,prompt_submit,文案生成,v2,desktop
2026-08-10,u_057,20260810_u_057,generation_success,文案生成,v2,desktop
2026-08-10,u_057,20260810_u_057,result_adopt,文案生成,v2,desktop
2026-08-10,u_057,20260810_u_057,feature_click,文案生成,v2,desktop
2026-08-10,u_058,20260810_u_058,page_view,表格分析,v1,desktop
2026-08-10,u_058,20260810_u_058,prompt_submit,表格分析,v1,desktop
2026-08-10,u_058,20260810_u_058,generation_success,表格分析,v1,desktop
2026-08-10,u_058,20260810_u_058,result_adopt,表格分析,v1,desktop
2026-08-10,u_058,20260810_u_058,feature_click,表格分析,v1,desktop
2026-08-10,u_059,20260810_u_059,page_view,文案生成,v2,desktop
2026-08-10,u_059,20260810_u_059,prompt_submit,文案生成,v2,desktop
2026-08-10,u_059,20260810_u_059,generation_success,文案生成,v2,desktop
2026-08-10,u_059,20260810_u_059,feature_click,文案生成,v2,desktop
2026-08-10,u_060,20260810_u_060,page_view,表格分析,v1,desktop
2026-08-10,u_060,20260810_u_060,prompt_submit,表格分析,v1,desktop
2026-08-10,u_060,20260810_u_060,generation_success,表格分析,v1,desktop
2026-08-10,u_060,20260810_u_060,result_adopt,表格分析,v1,desktop
2026-08-10,u_061,20260810_u_061,page_view,智能问答,v2,desktop
2026-08-10,u_062,20260810_u_062,page_view,文案生成,v2,web
2026-08-10,u_062,20260810_u_062,prompt_submit,文案生成,v2,web
2026-08-10,u_062,20260810_u_062,generation_success,文案生成,v2,web
2026-08-10,u_062,20260810_u_062,feature_click,文案生成,v2,web
2026-08-10,u_064,20260810_u_064,page_view,文案生成,v2,desktop
2026-08-10,u_065,20260810_u_065,page_view,文案生成,v1,desktop
2026-08-10,u_069,20260810_u_069,page_view,表格分析,v2,desktop
2026-08-10,u_069,20260810_u_069,prompt_submit,表格分析,v2,desktop
2026-08-10,u_069,20260810_u_069,generation_success,表格分析,v2,desktop
2026-08-10,u_069,20260810_u_069,result_adopt,表格分析,v2,desktop
2026-08-10,u_070,20260810_u_070,page_view,表格分析,v2,desktop
2026-08-10,u_070,20260810_u_070,prompt_submit,表格分析,v2,desktop
2026-08-10,u_070,20260810_u_070,generation_success,表格分析,v2,desktop
2026-08-10,u_070,20260810_u_070,feature_click,表格分析,v2,desktop
2026-08-10,u_071,20260810_u_071,page_view,智能问答,v1,web
2026-08-10,u_071,20260810_u_071,prompt_submit,智能问答,v1,web
2026-08-10,u_071,20260810_u_071,generation_success,智能问答,v1,web
2026-08-10,u_071,20260810_u_071,result_adopt,智能问答,v1,web
2026-08-10,u_072,20260810_u_072,page_view,表格分析,v2,web
2026-08-10,u_072,20260810_u_072,prompt_submit,表格分析,v2,web
2026-08-10,u_072,20260810_u_072,generation_success,表格分析,v2,web
2026-08-10,u_074,20260810_u_074,page_view,文案生成,v1,web
2026-08-10,u_074,20260810_u_074,prompt_submit,文案生成,v1,web
2026-08-10,u_074,20260810_u_074,generation_success,文案生成,v1,web
2026-08-10,u_074,20260810_u_074,feature_click,文案生成,v1,web
2026-08-10,u_076,20260810_u_076,page_view,文案生成,v2,web
2026-08-10,u_076,20260810_u_076,prompt_submit,文案生成,v2,web
2026-08-10,u_076,20260810_u_076,generation_success,文案生成,v2,web
2026-08-10,u_077,20260810_u_077,page_view,智能问答,v2,web
2026-08-10,u_077,20260810_u_077,prompt_submit,智能问答,v2,web
2026-08-10,u_077,20260810_u_077,generation_success,智能问答,v2,web
2026-08-10,u_077,20260810_u_077,feature_click,智能问答,v2,web
2026-08-10,u_078,20260810_u_078,page_view,文案生成,v2,web
2026-08-10,u_078,20260810_u_078,prompt_submit,文案生成,v2,web
2026-08-10,u_078,20260810_u_078,generation_success,文案生成,v2,web
2026-08-10,u_078,20260810_u_078,result_adopt,文案生成,v2,web
2026-08-10,u_078,20260810_u_078,feature_click,文案生成,v2,web
2026-08-10,u_079,20260810_u_079,page_view,智能问答,v1,web
2026-08-10,u_079,20260810_u_079,prompt_submit,智能问答,v1,web
2026-08-10,u_079,20260810_u_079,generation_success,智能问答,v1,web
2026-08-10,u_079,20260810_u_079,feature_click,智能问答,v1,web
2026-08-10,u_080,20260810_u_080,page_view,表格分析,v2,desktop
2026-08-10,u_080,20260810_u_080,prompt_submit,表格分析,v2,desktop
2026-08-10,u_080,20260810_u_080,generation_success,表格分析,v2,desktop
2026-08-10,u_080,20260810_u_080,result_adopt,表格分析,v2,desktop
2026-08-10,u_082,20260810_u_082,page_view,表格分析,v1,desktop
2026-08-10,u_082,20260810_u_082,prompt_submit,表格分析,v1,desktop
2026-08-10,u_082,20260810_u_082,generation_success,表格分析,v1,desktop
2026-08-10,u_085,20260810_u_085,page_view,智能问答,v2,web
2026-08-10,u_088,20260810_u_088,page_view,文案生成,v1,web
2026-08-10,u_092,20260810_u_092,page_view,表格分析,v1,desktop
2026-08-10,u_092,20260810_u_092,prompt_submit,表格分析,v1,desktop
2026-08-10,u_092,20260810_u_092,generation_success,表格分析,v1,desktop
2026-08-10,u_092,20260810_u_092,feature_click,表格分析,v1,desktop
2026-08-10,u_093,20260810_u_093,page_view,文案生成,v2,web
2026-08-10,u_093,20260810_u_093,prompt_submit,文案生成,v2,web
2026-08-10,u_094,20260810_u_094,page_view,表格分析,v1,web
2026-08-10,u_094,20260810_u_094,prompt_submit,表格分析,v1,web
2026-08-10,u_095,20260810_u_095,page_view,表格分析,v1,desktop
2026-08-10,u_096,20260810_u_096,page_view,文案生成,v1,web
2026-08-10,u_096,20260810_u_096,prompt_submit,文案生成,v1,web
2026-08-10,u_096,20260810_u_096,generation_success,文案生成,v1,web
2026-08-10,u_096,20260810_u_096,result_adopt,文案生成,v1,web
2026-08-10,u_099,20260810_u_099,page_view,文案生成,v2,web
2026-08-10,u_099,20260810_u_099,prompt_submit,文案生成,v2,web
2026-08-10,u_099,20260810_u_099,generation_success,文案生成,v2,web
2026-08-10,u_099,20260810_u_099,feature_click,文案生成,v2,web
2026-08-10,u_100,20260810_u_100,page_view,文案生成,v1,desktop
2026-08-10,u_100,20260810_u_100,prompt_submit,文案生成,v1,desktop
2026-08-10,u_100,20260810_u_100,generation_success,文案生成,v1,desktop
2026-08-10,u_101,20260810_u_101,page_view,文案生成,v1,desktop
2026-08-10,u_101,20260810_u_101,prompt_submit,文案生成,v1,desktop
2026-08-10,u_101,20260810_u_101,generation_success,文案生成,v1,desktop
2026-08-10,u_103,20260810_u_103,page_view,表格分析,v2,web
2026-08-10,u_103,20260810_u_103,prompt_submit,表格分析,v2,web
2026-08-10,u_103,20260810_u_103,generation_success,表格分析,v2,web
2026-08-10,u_103,20260810_u_103,feature_click,表格分析,v2,web
2026-08-10,u_104,20260810_u_104,page_view,智能问答,v1,web
2026-08-10,u_105,20260810_u_105,page_view,文案生成,v2,desktop
2026-08-10,u_105,20260810_u_105,prompt_submit,文案生成,v2,desktop
2026-08-10,u_105,20260810_u_105,generation_success,文案生成,v2,desktop
2026-08-10,u_105,20260810_u_105,feature_click,文案生成,v2,desktop
2026-08-10,u_107,20260810_u_107,page_view,智能问答,v2,web
2026-08-10,u_107,20260810_u_107,prompt_submit,智能问答,v2,web
2026-08-10,u_107,20260810_u_107,generation_success,智能问答,v2,web
2026-08-10,u_107,20260810_u_107,result_adopt,智能问答,v2,web
2026-08-10,u_107,20260810_u_107,feature_click,智能问答,v2,web
2026-08-10,u_108,20260810_u_108,page_view,文案生成,v2,desktop
2026-08-10,u_108,20260810_u_108,prompt_submit,文案生成,v2,desktop
2026-08-10,u_111,20260810_u_111,page_view,文案生成,v1,desktop
2026-08-10,u_111,20260810_u_111,prompt_submit,文案生成,v1,desktop
2026-08-10,u_111,20260810_u_111,generation_success,文案生成,v1,desktop
2026-08-10,u_111,20260810_u_111,result_adopt,文案生成,v1,desktop
2026-08-10,u_112,20260810_u_112,page_view,表格分析,v2,desktop
2026-08-10,u_112,20260810_u_112,prompt_submit,表格分析,v2,desktop
2026-08-10,u_112,20260810_u_112,generation_success,表格分析,v2,desktop
2026-08-10,u_112,20260810_u_112,feature_click,表格分析,v2,desktop
2026-08-10,u_113,20260810_u_113,page_view,文案生成,v2,desktop
2026-08-10,u_114,20260810_u_114,page_view,文案生成,v2,desktop
2026-08-10,u_115,20260810_u_115,page_view,表格分析,v2,desktop
2026-08-10,u_115,20260810_u_115,prompt_submit,表格分析,v2,desktop
2026-08-10,u_115,20260810_u_115,generation_success,表格分析,v2,desktop
2026-08-10,u_115,20260810_u_115,feature_click,表格分析,v2,desktop
2026-08-10,u_117,20260810_u_117,page_view,智能问答,v2,desktop
2026-08-10,u_119,20260810_u_119,page_view,文案生成,v1,web
2026-08-10,u_120,20260810_u_120,page_view,表格分析,v1,desktop
2026-08-10,u_120,20260810_u_120,prompt_submit,表格分析,v1,desktop
2026-08-10,u_120,20260810_u_120,generation_success,表格分析,v1,desktop
2026-08-10,u_120,20260810_u_120,result_adopt,表格分析,v1,desktop
2026-08-10,u_120,20260810_u_120,feature_click,表格分析,v1,desktop
2026-08-10,u_121,20260810_u_121,page_view,智能问答,v2,desktop
2026-08-10,u_123,20260810_u_123,page_view,表格分析,v2,web
2026-08-10,u_123,20260810_u_123,prompt_submit,表格分析,v2,web
2026-08-10,u_123,20260810_u_123,generation_success,表格分析,v2,web
2026-08-10,u_123,20260810_u_123,result_adopt,表格分析,v2,web
2026-08-10,u_124,20260810_u_124,page_view,智能问答,v1,desktop
2026-08-10,u_124,20260810_u_124,prompt_submit,智能问答,v1,desktop
2026-08-10,u_124,20260810_u_124,generation_success,智能问答,v1,desktop
2026-08-10,u_124,20260810_u_124,feature_click,智能问答,v1,desktop
2026-08-10,u_127,20260810_u_127,page_view,智能问答,v2,web
2026-08-10,u_129,20260810_u_129,page_view,智能问答,v2,web
2026-08-10,u_129,20260810_u_129,prompt_submit,智能问答,v2,web
2026-08-10,u_129,20260810_u_129,generation_success,智能问答,v2,web
2026-08-10,u_129,20260810_u_129,result_adopt,智能问答,v2,web
2026-08-10,u_129,20260810_u_129,feature_click,智能问答,v2,web
2026-08-10,u_130,20260810_u_130,page_view,表格分析,v1,web
2026-08-10,u_131,20260810_u_131,page_view,智能问答,v1,web
2026-08-10,u_131,20260810_u_131,prompt_submit,智能问答,v1,web
2026-08-10,u_131,20260810_u_131,generation_success,智能问答,v1,web
2026-08-10,u_132,20260810_u_132,page_view,智能问答,v1,web
2026-08-10,u_132,20260810_u_132,prompt_submit,智能问答,v1,web
2026-08-10,u_132,20260810_u_132,generation_success,智能问答,v1,web
2026-08-10,u_132,20260810_u_132,result_adopt,智能问答,v1,web
2026-08-10,u_132,20260810_u_132,feature_click,智能问答,v1,web
2026-08-10,u_136,20260810_u_136,page_view,智能问答,v1,desktop
2026-08-10,u_144,20260810_u_144,page_view,文案生成,v2,desktop
2026-08-10,u_144,20260810_u_144,prompt_submit,文案生成,v2,desktop
2026-08-10,u_144,20260810_u_144,generation_success,文案生成,v2,desktop
2026-08-10,u_144,20260810_u_144,result_adopt,文案生成,v2,desktop
2026-08-10,u_144,20260810_u_144,feature_click,文案生成,v2,desktop
2026-08-10,u_145,20260810_u_145,page_view,表格分析,v1,desktop
2026-08-10,u_145,20260810_u_145,prompt_submit,表格分析,v1,desktop
2026-08-10,u_145,20260810_u_145,generation_success,表格分析,v1,desktop
2026-08-10,u_145,20260810_u_145,result_adopt,表格分析,v1,desktop
2026-08-10,u_145,20260810_u_145,feature_click,表格分析,v1,desktop
2026-08-10,u_147,20260810_u_147,page_view,表格分析,v2,web
2026-08-10,u_147,20260810_u_147,prompt_submit,表格分析,v2,web
2026-08-10,u_147,20260810_u_147,generation_success,表格分析,v2,web
2026-08-10,u_147,20260810_u_147,result_adopt,表格分析,v2,web
2026-08-10,u_148,20260810_u_148,page_view,文案生成,v2,web
2026-08-10,u_148,20260810_u_148,prompt_submit,文案生成,v2,web
2026-08-10,u_148,20260810_u_148,generation_success,文案生成,v2,web
2026-08-10,u_148,20260810_u_148,feature_click,文案生成,v2,web
2026-08-10,u_149,20260810_u_149,page_view,文案生成,v2,desktop
2026-08-10,u_149,20260810_u_149,prompt_submit,文案生成,v2,desktop
2026-08-10,u_149,20260810_u_149,generation_success,文案生成,v2,desktop
2026-08-10,u_149,20260810_u_149,result_adopt,文案生成,v2,desktop
2026-08-10,u_152,20260810_u_152,page_view,表格分析,v2,web
2026-08-10,u_152,20260810_u_152,prompt_submit,表格分析,v2,web
2026-08-10,u_152,20260810_u_152,generation_success,表格分析,v2,web
2026-08-10,u_152,20260810_u_152,feature_click,表格分析,v2,web
2026-08-10,u_157,20260810_u_157,page_view,表格分析,v2,desktop
2026-08-10,u_157,20260810_u_157,prompt_submit,表格分析,v2,desktop
2026-08-10,u_157,20260810_u_157,generation_success,表格分析,v2,desktop
2026-08-10,u_158,20260810_u_158,page_view,智能问答,v2,web
2026-08-10,u_158,20260810_u_158,prompt_submit,智能问答,v2,web
2026-08-10,u_158,20260810_u_158,generation_success,智能问答,v2,web
2026-08-10,u_158,20260810_u_158,feature_click,智能问答,v2,web
2026-08-10,u_159,20260810_u_159,page_view,表格分析,v1,desktop
2026-08-10,u_160,20260810_u_160,page_view,表格分析,v2,web
2026-08-10,u_162,20260810_u_162,page_view,文案生成,v1,web
2026-08-10,u_167,20260810_u_167,page_view,智能问答,v1,web
2026-08-10,u_167,20260810_u_167,prompt_submit,智能问答,v1,web
2026-08-10,u_167,20260810_u_167,generation_success,智能问答,v1,web
2026-08-10,u_167,20260810_u_167,feature_click,智能问答,v1,web
2026-08-10,u_168,20260810_u_168,page_view,智能问答,v2,desktop
2026-08-10,u_168,20260810_u_168,prompt_submit,智能问答,v2,desktop
2026-08-10,u_168,20260810_u_168,generation_success,智能问答,v2,desktop
2026-08-10,u_170,20260810_u_170,page_view,文案生成,v2,desktop
2026-08-10,u_170,20260810_u_170,prompt_submit,文案生成,v2,desktop
2026-08-10,u_170,20260810_u_170,generation_success,文案生成,v2,desktop
2026-08-10,u_170,20260810_u_170,result_adopt,文案生成,v2,desktop
2026-08-10,u_170,20260810_u_170,feature_click,文案生成,v2,desktop
2026-08-10,u_171,20260810_u_171,page_view,智能问答,v2,web
2026-08-10,u_171,20260810_u_171,prompt_submit,智能问答,v2,web
2026-08-10,u_171,20260810_u_171,generation_success,智能问答,v2,web
2026-08-10,u_171,20260810_u_171,feature_click,智能问答,v2,web
2026-08-10,u_173,20260810_u_173,page_view,表格分析,v2,desktop
2026-08-10,u_173,20260810_u_173,prompt_submit,表格分析,v2,desktop
2026-08-10,u_173,20260810_u_173,generation_success,表格分析,v2,desktop
2026-08-10,u_173,20260810_u_173,result_adopt,表格分析,v2,desktop
2026-08-10,u_174,20260810_u_174,page_view,智能问答,v1,desktop
2026-08-10,u_177,20260810_u_177,page_view,表格分析,v1,web
2026-08-10,u_177,20260810_u_177,prompt_submit,表格分析,v1,web
2026-08-10,u_177,20260810_u_177,generation_success,表格分析,v1,web
2026-08-10,u_178,20260810_u_178,page_view,表格分析,v1,web
2026-08-10,u_178,20260810_u_178,prompt_submit,表格分析,v1,web
2026-08-10,u_178,20260810_u_178,generation_success,表格分析,v1,web
2026-08-10,u_178,20260810_u_178,result_adopt,表格分析,v1,web
2026-08-10,u_179,20260810_u_179,page_view,文案生成,v2,desktop
2026-08-10,u_180,20260810_u_180,page_view,智能问答,v2,desktop
2026-08-10,u_180,20260810_u_180,prompt_submit,智能问答,v2,desktop
2026-08-10,u_180,20260810_u_180,generation_success,智能问答,v2,desktop
2026-08-10,u_180,20260810_u_180,result_adopt,智能问答,v2,desktop
2026-08-11,u_001,20260811_u_001,page_view,智能问答,v2,desktop
2026-08-11,u_001,20260811_u_001,prompt_submit,智能问答,v2,desktop
2026-08-11,u_001,20260811_u_001,generation_success,智能问答,v2,desktop
2026-08-11,u_001,20260811_u_001,result_adopt,智能问答,v2,desktop
2026-08-11,u_001,20260811_u_001,feature_click,智能问答,v2,desktop
2026-08-11,u_002,20260811_u_002,page_view,文案生成,v2,desktop
2026-08-11,u_002,20260811_u_002,prompt_submit,文案生成,v2,desktop
2026-08-11,u_002,20260811_u_002,generation_success,文案生成,v2,desktop
2026-08-11,u_003,20260811_u_003,page_view,文案生成,v2,desktop
2026-08-11,u_004,20260811_u_004,page_view,智能问答,v1,desktop
2026-08-11,u_004,20260811_u_004,prompt_submit,智能问答,v1,desktop
2026-08-11,u_004,20260811_u_004,generation_success,智能问答,v1,desktop
2026-08-11,u_006,20260811_u_006,page_view,智能问答,v2,web
2026-08-11,u_006,20260811_u_006,prompt_submit,智能问答,v2,web
2026-08-11,u_006,20260811_u_006,generation_success,智能问答,v2,web
2026-08-11,u_006,20260811_u_006,result_adopt,智能问答,v2,web
2026-08-11,u_010,20260811_u_010,page_view,表格分析,v2,web
2026-08-11,u_011,20260811_u_011,page_view,智能问答,v2,web
2026-08-11,u_011,20260811_u_011,prompt_submit,智能问答,v2,web
2026-08-11,u_011,20260811_u_011,generation_success,智能问答,v2,web
2026-08-11,u_011,20260811_u_011,feature_click,智能问答,v2,web
2026-08-11,u_013,20260811_u_013,page_view,表格分析,v2,web
2026-08-11,u_013,20260811_u_013,prompt_submit,表格分析,v2,web
2026-08-11,u_013,20260811_u_013,generation_success,表格分析,v2,web
2026-08-11,u_015,20260811_u_015,page_view,表格分析,v2,web
2026-08-11,u_015,20260811_u_015,prompt_submit,表格分析,v2,web
2026-08-11,u_015,20260811_u_015,generation_success,表格分析,v2,web
2026-08-11,u_015,20260811_u_015,result_adopt,表格分析,v2,web
2026-08-11,u_016,20260811_u_016,page_view,表格分析,v1,web
2026-08-11,u_016,20260811_u_016,prompt_submit,表格分析,v1,web
2026-08-11,u_016,20260811_u_016,generation_success,表格分析,v1,web
2026-08-11,u_016,20260811_u_016,result_adopt,表格分析,v1,web
2026-08-11,u_016,20260811_u_016,feature_click,表格分析,v1,web
2026-08-11,u_019,20260811_u_019,page_view,文案生成,v1,web
2026-08-11,u_019,20260811_u_019,prompt_submit,文案生成,v1,web
2026-08-11,u_019,20260811_u_019,generation_success,文案生成,v1,web
2026-08-11,u_019,20260811_u_019,result_adopt,文案生成,v1,web
2026-08-11,u_019,20260811_u_019,feature_click,文案生成,v1,web
2026-08-11,u_022,20260811_u_022,page_view,智能问答,v2,desktop
2026-08-11,u_022,20260811_u_022,prompt_submit,智能问答,v2,desktop
2026-08-11,u_022,20260811_u_022,generation_success,智能问答,v2,desktop
2026-08-11,u_022,20260811_u_022,result_adopt,智能问答,v2,desktop
2026-08-11,u_023,20260811_u_023,page_view,文案生成,v1,web
2026-08-11,u_023,20260811_u_023,prompt_submit,文案生成,v1,web
2026-08-11,u_023,20260811_u_023,generation_success,文案生成,v1,web
2026-08-11,u_023,20260811_u_023,feature_click,文案生成,v1,web
2026-08-11,u_024,20260811_u_024,page_view,文案生成,v2,web
2026-08-11,u_025,20260811_u_025,page_view,表格分析,v2,web
2026-08-11,u_025,20260811_u_025,prompt_submit,表格分析,v2,web
2026-08-11,u_025,20260811_u_025,generation_success,表格分析,v2,web
2026-08-11,u_025,20260811_u_025,result_adopt,表格分析,v2,web
2026-08-11,u_026,20260811_u_026,page_view,文案生成,v2,web
2026-08-11,u_026,20260811_u_026,prompt_submit,文案生成,v2,web
2026-08-11,u_026,20260811_u_026,generation_success,文案生成,v2,web
2026-08-11,u_026,20260811_u_026,result_adopt,文案生成,v2,web
2026-08-11,u_026,20260811_u_026,feature_click,文案生成,v2,web
2026-08-11,u_027,20260811_u_027,page_view,表格分析,v2,desktop
2026-08-11,u_027,20260811_u_027,prompt_submit,表格分析,v2,desktop
2026-08-11,u_027,20260811_u_027,generation_success,表格分析,v2,desktop
2026-08-11,u_029,20260811_u_029,page_view,智能问答,v2,web
2026-08-11,u_030,20260811_u_030,page_view,智能问答,v2,desktop
2026-08-11,u_033,20260811_u_033,page_view,文案生成,v1,desktop
2026-08-11,u_034,20260811_u_034,page_view,智能问答,v2,web
2026-08-11,u_034,20260811_u_034,prompt_submit,智能问答,v2,web
2026-08-11,u_034,20260811_u_034,generation_success,智能问答,v2,web
2026-08-11,u_035,20260811_u_035,page_view,文案生成,v2,desktop
2026-08-11,u_035,20260811_u_035,prompt_submit,文案生成,v2,desktop
2026-08-11,u_035,20260811_u_035,generation_success,文案生成,v2,desktop
2026-08-11,u_035,20260811_u_035,result_adopt,文案生成,v2,desktop
2026-08-11,u_036,20260811_u_036,page_view,文案生成,v2,web
2026-08-11,u_036,20260811_u_036,prompt_submit,文案生成,v2,web
2026-08-11,u_036,20260811_u_036,generation_success,文案生成,v2,web
2026-08-11,u_036,20260811_u_036,result_adopt,文案生成,v2,web
2026-08-11,u_038,20260811_u_038,page_view,表格分析,v1,web
2026-08-11,u_038,20260811_u_038,prompt_submit,表格分析,v1,web
2026-08-11,u_038,20260811_u_038,generation_success,表格分析,v1,web
2026-08-11,u_038,20260811_u_038,result_adopt,表格分析,v1,web
2026-08-11,u_041,20260811_u_041,page_view,表格分析,v1,desktop
2026-08-11,u_041,20260811_u_041,prompt_submit,表格分析,v1,desktop
2026-08-11,u_041,20260811_u_041,generation_success,表格分析,v1,desktop
2026-08-11,u_044,20260811_u_044,page_view,智能问答,v2,desktop
2026-08-11,u_044,20260811_u_044,prompt_submit,智能问答,v2,desktop
2026-08-11,u_044,20260811_u_044,generation_success,智能问答,v2,desktop
2026-08-11,u_044,20260811_u_044,result_adopt,智能问答,v2,desktop
2026-08-11,u_044,20260811_u_044,feature_click,智能问答,v2,desktop
2026-08-11,u_045,20260811_u_045,page_view,表格分析,v2,desktop
2026-08-11,u_047,20260811_u_047,page_view,文案生成,v2,web
2026-08-11,u_048,20260811_u_048,page_view,表格分析,v2,web
2026-08-11,u_048,20260811_u_048,prompt_submit,表格分析,v2,web
2026-08-11,u_048,20260811_u_048,generation_success,表格分析,v2,web
2026-08-11,u_048,20260811_u_048,result_adopt,表格分析,v2,web
2026-08-11,u_048,20260811_u_048,feature_click,表格分析,v2,web
2026-08-11,u_050,20260811_u_050,page_view,文案生成,v2,desktop
2026-08-11,u_050,20260811_u_050,prompt_submit,文案生成,v2,desktop
2026-08-11,u_050,20260811_u_050,generation_success,文案生成,v2,desktop
2026-08-11,u_051,20260811_u_051,page_view,文案生成,v1,web
2026-08-11,u_052,20260811_u_052,page_view,智能问答,v1,web
2026-08-11,u_052,20260811_u_052,prompt_submit,智能问答,v1,web
2026-08-11,u_052,20260811_u_052,generation_success,智能问答,v1,web
2026-08-11,u_052,20260811_u_052,result_adopt,智能问答,v1,web
2026-08-11,u_052,20260811_u_052,feature_click,智能问答,v1,web
2026-08-11,u_055,20260811_u_055,page_view,文案生成,v1,desktop
2026-08-11,u_055,20260811_u_055,prompt_submit,文案生成,v1,desktop
2026-08-11,u_055,20260811_u_055,generation_success,文案生成,v1,desktop
2026-08-11,u_055,20260811_u_055,result_adopt,文案生成,v1,desktop
2026-08-11,u_055,20260811_u_055,feature_click,文案生成,v1,desktop
2026-08-11,u_056,20260811_u_056,page_view,表格分析,v2,web
2026-08-11,u_056,20260811_u_056,prompt_submit,表格分析,v2,web
2026-08-11,u_057,20260811_u_057,page_view,智能问答,v2,desktop
2026-08-11,u_057,20260811_u_057,prompt_submit,智能问答,v2,desktop
2026-08-11,u_057,20260811_u_057,generation_success,智能问答,v2,desktop
2026-08-11,u_057,20260811_u_057,result_adopt,智能问答,v2,desktop
2026-08-11,u_057,20260811_u_057,feature_click,智能问答,v2,desktop
2026-08-11,u_058,20260811_u_058,page_view,文案生成,v2,desktop
2026-08-11,u_058,20260811_u_058,prompt_submit,文案生成,v2,desktop
2026-08-11,u_058,20260811_u_058,generation_success,文案生成,v2,desktop
2026-08-11,u_058,20260811_u_058,result_adopt,文案生成,v2,desktop
2026-08-11,u_058,20260811_u_058,feature_click,文案生成,v2,desktop
2026-08-11,u_061,20260811_u_061,page_view,表格分析,v2,web
2026-08-11,u_061,20260811_u_061,prompt_submit,表格分析,v2,web
2026-08-11,u_061,20260811_u_061,generation_success,表格分析,v2,web
2026-08-11,u_061,20260811_u_061,result_adopt,表格分析,v2,web
2026-08-11,u_062,20260811_u_062,page_view,文案生成,v1,desktop
2026-08-11,u_062,20260811_u_062,prompt_submit,文案生成,v1,desktop
2026-08-11,u_062,20260811_u_062,generation_success,文案生成,v1,desktop
2026-08-11,u_062,20260811_u_062,result_adopt,文案生成,v1,desktop
2026-08-11,u_062,20260811_u_062,feature_click,文案生成,v1,desktop
2026-08-11,u_063,20260811_u_063,page_view,智能问答,v2,desktop
2026-08-11,u_063,20260811_u_063,prompt_submit,智能问答,v2,desktop
2026-08-11,u_063,20260811_u_063,generation_success,智能问答,v2,desktop
2026-08-11,u_065,20260811_u_065,page_view,智能问答,v1,web
2026-08-11,u_065,20260811_u_065,prompt_submit,智能问答,v1,web
2026-08-11,u_065,20260811_u_065,generation_success,智能问答,v1,web
2026-08-11,u_065,20260811_u_065,result_adopt,智能问答,v1,web
2026-08-11,u_065,20260811_u_065,feature_click,智能问答,v1,web
2026-08-11,u_067,20260811_u_067,page_view,表格分析,v2,web
2026-08-11,u_067,20260811_u_067,prompt_submit,表格分析,v2,web
2026-08-11,u_067,20260811_u_067,generation_success,表格分析,v2,web
2026-08-11,u_067,20260811_u_067,feature_click,表格分析,v2,web
2026-08-11,u_070,20260811_u_070,page_view,文案生成,v1,desktop
2026-08-11,u_070,20260811_u_070,prompt_submit,文案生成,v1,desktop
2026-08-11,u_070,20260811_u_070,generation_success,文案生成,v1,desktop
2026-08-11,u_070,20260811_u_070,feature_click,文案生成,v1,desktop
2026-08-11,u_073,20260811_u_073,page_view,智能问答,v2,web
2026-08-11,u_073,20260811_u_073,prompt_submit,智能问答,v2,web
2026-08-11,u_073,20260811_u_073,generation_success,智能问答,v2,web
2026-08-11,u_073,20260811_u_073,result_adopt,智能问答,v2,web
2026-08-11,u_074,20260811_u_074,page_view,表格分析,v2,web
2026-08-11,u_074,20260811_u_074,prompt_submit,表格分析,v2,web
2026-08-11,u_074,20260811_u_074,generation_success,表格分析,v2,web
2026-08-11,u_074,20260811_u_074,result_adopt,表格分析,v2,web
2026-08-11,u_074,20260811_u_074,feature_click,表格分析,v2,web
2026-08-11,u_075,20260811_u_075,page_view,智能问答,v2,web
2026-08-11,u_075,20260811_u_075,prompt_submit,智能问答,v2,web
2026-08-11,u_075,20260811_u_075,generation_success,智能问答,v2,web
2026-08-11,u_075,20260811_u_075,result_adopt,智能问答,v2,web
2026-08-11,u_080,20260811_u_080,page_view,表格分析,v1,desktop
2026-08-11,u_080,20260811_u_080,prompt_submit,表格分析,v1,desktop
2026-08-11,u_080,20260811_u_080,generation_success,表格分析,v1,desktop
2026-08-11,u_080,20260811_u_080,result_adopt,表格分析,v1,desktop
2026-08-11,u_083,20260811_u_083,page_view,智能问答,v1,web
2026-08-11,u_083,20260811_u_083,prompt_submit,智能问答,v1,web
2026-08-11,u_083,20260811_u_083,generation_success,智能问答,v1,web
2026-08-11,u_083,20260811_u_083,feature_click,智能问答,v1,web
2026-08-11,u_085,20260811_u_085,page_view,智能问答,v2,desktop
2026-08-11,u_085,20260811_u_085,prompt_submit,智能问答,v2,desktop
2026-08-11,u_085,20260811_u_085,generation_success,智能问答,v2,desktop
2026-08-11,u_085,20260811_u_085,result_adopt,智能问答,v2,desktop
2026-08-11,u_085,20260811_u_085,feature_click,智能问答,v2,desktop
2026-08-11,u_087,20260811_u_087,page_view,表格分析,v1,desktop
2026-08-11,u_089,20260811_u_089,page_view,文案生成,v2,web
2026-08-11,u_089,20260811_u_089,prompt_submit,文案生成,v2,web
2026-08-11,u_089,20260811_u_089,generation_success,文案生成,v2,web
2026-08-11,u_089,20260811_u_089,feature_click,文案生成,v2,web
2026-08-11,u_091,20260811_u_091,page_view,文案生成,v2,desktop
2026-08-11,u_091,20260811_u_091,prompt_submit,文案生成,v2,desktop
2026-08-11,u_091,20260811_u_091,generation_success,文案生成,v2,desktop
2026-08-11,u_091,20260811_u_091,result_adopt,文案生成,v2,desktop
2026-08-11,u_091,20260811_u_091,feature_click,文案生成,v2,desktop
2026-08-11,u_093,20260811_u_093,page_view,文案生成,v2,desktop
2026-08-11,u_093,20260811_u_093,prompt_submit,文案生成,v2,desktop
2026-08-11,u_093,20260811_u_093,generation_success,文案生成,v2,desktop
2026-08-11,u_094,20260811_u_094,page_view,表格分析,v2,web
2026-08-11,u_094,20260811_u_094,prompt_submit,表格分析,v2,web
2026-08-11,u_094,20260811_u_094,generation_success,表格分析,v2,web
2026-08-11,u_096,20260811_u_096,page_view,文案生成,v1,web
2026-08-11,u_102,20260811_u_102,page_view,智能问答,v1,web
2026-08-11,u_102,20260811_u_102,prompt_submit,智能问答,v1,web
2026-08-11,u_102,20260811_u_102,generation_success,智能问答,v1,web
2026-08-11,u_102,20260811_u_102,result_adopt,智能问答,v1,web
2026-08-11,u_104,20260811_u_104,page_view,表格分析,v2,web
2026-08-11,u_104,20260811_u_104,prompt_submit,表格分析,v2,web
2026-08-11,u_104,20260811_u_104,generation_success,表格分析,v2,web
2026-08-11,u_104,20260811_u_104,result_adopt,表格分析,v2,web
2026-08-11,u_106,20260811_u_106,page_view,智能问答,v2,desktop
2026-08-11,u_106,20260811_u_106,prompt_submit,智能问答,v2,desktop
2026-08-11,u_106,20260811_u_106,generation_success,智能问答,v2,desktop
2026-08-11,u_106,20260811_u_106,result_adopt,智能问答,v2,desktop
2026-08-11,u_106,20260811_u_106,feature_click,智能问答,v2,desktop
2026-08-11,u_110,20260811_u_110,page_view,智能问答,v1,desktop
2026-08-11,u_111,20260811_u_111,page_view,智能问答,v2,web
2026-08-11,u_113,20260811_u_113,page_view,智能问答,v1,desktop
2026-08-11,u_113,20260811_u_113,prompt_submit,智能问答,v1,desktop
2026-08-11,u_113,20260811_u_113,generation_success,智能问答,v1,desktop
2026-08-11,u_113,20260811_u_113,result_adopt,智能问答,v1,desktop
2026-08-11,u_115,20260811_u_115,page_view,表格分析,v1,desktop
2026-08-11,u_115,20260811_u_115,prompt_submit,表格分析,v1,desktop
2026-08-11,u_115,20260811_u_115,generation_success,表格分析,v1,desktop
2026-08-11,u_115,20260811_u_115,result_adopt,表格分析,v1,desktop
2026-08-11,u_115,20260811_u_115,feature_click,表格分析,v1,desktop
2026-08-11,u_116,20260811_u_116,page_view,文案生成,v1,desktop
2026-08-11,u_116,20260811_u_116,prompt_submit,文案生成,v1,desktop
2026-08-11,u_116,20260811_u_116,generation_success,文案生成,v1,desktop
2026-08-11,u_116,20260811_u_116,feature_click,文案生成,v1,desktop
2026-08-11,u_117,20260811_u_117,page_view,表格分析,v1,desktop
2026-08-11,u_117,20260811_u_117,prompt_submit,表格分析,v1,desktop
2026-08-11,u_117,20260811_u_117,generation_success,表格分析,v1,desktop
2026-08-11,u_117,20260811_u_117,result_adopt,表格分析,v1,desktop
2026-08-11,u_117,20260811_u_117,feature_click,表格分析,v1,desktop
2026-08-11,u_118,20260811_u_118,page_view,表格分析,v1,desktop
2026-08-11,u_118,20260811_u_118,prompt_submit,表格分析,v1,desktop
2026-08-11,u_118,20260811_u_118,generation_success,表格分析,v1,desktop
2026-08-11,u_120,20260811_u_120,page_view,表格分析,v1,desktop
2026-08-11,u_120,20260811_u_120,prompt_submit,表格分析,v1,desktop
2026-08-11,u_120,20260811_u_120,generation_success,表格分析,v1,desktop
2026-08-11,u_122,20260811_u_122,page_view,表格分析,v1,web
2026-08-11,u_122,20260811_u_122,prompt_submit,表格分析,v1,web
2026-08-11,u_122,20260811_u_122,generation_success,表格分析,v1,web
2026-08-11,u_122,20260811_u_122,feature_click,表格分析,v1,web
2026-08-11,u_124,20260811_u_124,page_view,文案生成,v1,desktop
2026-08-11,u_124,20260811_u_124,prompt_submit,文案生成,v1,desktop
2026-08-11,u_124,20260811_u_124,generation_success,文案生成,v1,desktop
2026-08-11,u_124,20260811_u_124,feature_click,文案生成,v1,desktop
2026-08-11,u_125,20260811_u_125,page_view,智能问答,v1,web
2026-08-11,u_125,20260811_u_125,prompt_submit,智能问答,v1,web
2026-08-11,u_125,20260811_u_125,generation_success,智能问答,v1,web
2026-08-11,u_125,20260811_u_125,result_adopt,智能问答,v1,web
2026-08-11,u_125,20260811_u_125,feature_click,智能问答,v1,web
2026-08-11,u_128,20260811_u_128,page_view,文案生成,v2,web
2026-08-11,u_128,20260811_u_128,prompt_submit,文案生成,v2,web
2026-08-11,u_128,20260811_u_128,generation_success,文案生成,v2,web
2026-08-11,u_128,20260811_u_128,result_adopt,文案生成,v2,web
2026-08-11,u_128,20260811_u_128,feature_click,文案生成,v2,web
2026-08-11,u_132,20260811_u_132,page_view,文案生成,v1,web
2026-08-11,u_132,20260811_u_132,prompt_submit,文案生成,v1,web
2026-08-11,u_134,20260811_u_134,page_view,文案生成,v2,desktop
2026-08-11,u_134,20260811_u_134,prompt_submit,文案生成,v2,desktop
2026-08-11,u_134,20260811_u_134,generation_success,文案生成,v2,desktop
2026-08-11,u_134,20260811_u_134,feature_click,文案生成,v2,desktop
2026-08-11,u_135,20260811_u_135,page_view,文案生成,v2,web
2026-08-11,u_135,20260811_u_135,prompt_submit,文案生成,v2,web
2026-08-11,u_135,20260811_u_135,generation_success,文案生成,v2,web
2026-08-11,u_136,20260811_u_136,page_view,文案生成,v1,web
2026-08-11,u_136,20260811_u_136,prompt_submit,文案生成,v1,web
2026-08-11,u_136,20260811_u_136,generation_success,文案生成,v1,web
2026-08-11,u_138,20260811_u_138,page_view,智能问答,v1,desktop
2026-08-11,u_138,20260811_u_138,prompt_submit,智能问答,v1,desktop
2026-08-11,u_138,20260811_u_138,generation_success,智能问答,v1,desktop
2026-08-11,u_138,20260811_u_138,feature_click,智能问答,v1,desktop
2026-08-11,u_141,20260811_u_141,page_view,表格分析,v2,web
2026-08-11,u_141,20260811_u_141,prompt_submit,表格分析,v2,web
2026-08-11,u_141,20260811_u_141,generation_success,表格分析,v2,web
2026-08-11,u_141,20260811_u_141,result_adopt,表格分析,v2,web
2026-08-11,u_144,20260811_u_144,page_view,文案生成,v1,web
2026-08-11,u_144,20260811_u_144,prompt_submit,文案生成,v1,web
2026-08-11,u_144,20260811_u_144,generation_success,文案生成,v1,web
2026-08-11,u_144,20260811_u_144,result_adopt,文案生成,v1,web
2026-08-11,u_145,20260811_u_145,page_view,文案生成,v2,web
2026-08-11,u_145,20260811_u_145,prompt_submit,文案生成,v2,web
2026-08-11,u_145,20260811_u_145,generation_success,文案生成,v2,web
2026-08-11,u_145,20260811_u_145,result_adopt,文案生成,v2,web
2026-08-11,u_145,20260811_u_145,feature_click,文案生成,v2,web
2026-08-11,u_146,20260811_u_146,page_view,表格分析,v1,desktop
2026-08-11,u_146,20260811_u_146,prompt_submit,表格分析,v1,desktop
2026-08-11,u_146,20260811_u_146,generation_success,表格分析,v1,desktop
2026-08-11,u_146,20260811_u_146,result_adopt,表格分析,v1,desktop
2026-08-11,u_147,20260811_u_147,page_view,智能问答,v1,web
2026-08-11,u_147,20260811_u_147,prompt_submit,智能问答,v1,web
2026-08-11,u_147,20260811_u_147,generation_success,智能问答,v1,web
2026-08-11,u_147,20260811_u_147,result_adopt,智能问答,v1,web
2026-08-11,u_148,20260811_u_148,page_view,文案生成,v1,desktop
2026-08-11,u_148,20260811_u_148,prompt_submit,文案生成,v1,desktop
2026-08-11,u_148,20260811_u_148,generation_success,文案生成,v1,desktop
2026-08-11,u_152,20260811_u_152,page_view,表格分析,v2,desktop
2026-08-11,u_152,20260811_u_152,prompt_submit,表格分析,v2,desktop
2026-08-11,u_152,20260811_u_152,generation_success,表格分析,v2,desktop
2026-08-11,u_152,20260811_u_152,result_adopt,表格分析,v2,desktop
2026-08-11,u_152,20260811_u_152,feature_click,表格分析,v2,desktop
2026-08-11,u_153,20260811_u_153,page_view,文案生成,v1,web
2026-08-11,u_153,20260811_u_153,prompt_submit,文案生成,v1,web
2026-08-11,u_153,20260811_u_153,generation_success,文案生成,v1,web
2026-08-11,u_154,20260811_u_154,page_view,表格分析,v1,desktop
2026-08-11,u_155,20260811_u_155,page_view,文案生成,v1,desktop
2026-08-11,u_155,20260811_u_155,prompt_submit,文案生成,v1,desktop
2026-08-11,u_155,20260811_u_155,generation_success,文案生成,v1,desktop
2026-08-11,u_156,20260811_u_156,page_view,表格分析,v1,desktop
2026-08-11,u_156,20260811_u_156,prompt_submit,表格分析,v1,desktop
2026-08-11,u_156,20260811_u_156,generation_success,表格分析,v1,desktop
2026-08-11,u_156,20260811_u_156,feature_click,表格分析,v1,desktop
2026-08-11,u_159,20260811_u_159,page_view,文案生成,v1,desktop
2026-08-11,u_160,20260811_u_160,page_view,表格分析,v2,desktop
2026-08-11,u_161,20260811_u_161,page_view,表格分析,v1,desktop
2026-08-11,u_162,20260811_u_162,page_view,文案生成,v2,desktop
2026-08-11,u_162,20260811_u_162,prompt_submit,文案生成,v2,desktop
2026-08-11,u_162,20260811_u_162,generation_success,文案生成,v2,desktop
2026-08-11,u_166,20260811_u_166,page_view,智能问答,v2,web
2026-08-11,u_166,20260811_u_166,prompt_submit,智能问答,v2,web
2026-08-11,u_166,20260811_u_166,generation_success,智能问答,v2,web
2026-08-11,u_166,20260811_u_166,feature_click,智能问答,v2,web
2026-08-11,u_167,20260811_u_167,page_view,智能问答,v1,desktop
2026-08-11,u_167,20260811_u_167,prompt_submit,智能问答,v1,desktop
2026-08-11,u_167,20260811_u_167,generation_success,智能问答,v1,desktop
2026-08-11,u_167,20260811_u_167,feature_click,智能问答,v1,desktop
2026-08-11,u_169,20260811_u_169,page_view,文案生成,v2,desktop
2026-08-11,u_169,20260811_u_169,prompt_submit,文案生成,v2,desktop
2026-08-11,u_169,20260811_u_169,generation_success,文案生成,v2,desktop
2026-08-11,u_169,20260811_u_169,result_adopt,文案生成,v2,desktop
2026-08-11,u_173,20260811_u_173,page_view,智能问答,v1,web
2026-08-11,u_174,20260811_u_174,page_view,文案生成,v2,desktop
2026-08-11,u_174,20260811_u_174,prompt_submit,文案生成,v2,desktop
2026-08-11,u_174,20260811_u_174,generation_success,文案生成,v2,desktop
2026-08-11,u_175,20260811_u_175,page_view,文案生成,v2,desktop
2026-08-11,u_175,20260811_u_175,prompt_submit,文案生成,v2,desktop
2026-08-11,u_175,20260811_u_175,generation_success,文案生成,v2,desktop
2026-08-11,u_175,20260811_u_175,result_adopt,文案生成,v2,desktop
2026-08-11,u_176,20260811_u_176,page_view,智能问答,v1,desktop
2026-08-11,u_178,20260811_u_178,page_view,智能问答,v2,desktop
2026-08-11,u_179,20260811_u_179,page_view,文案生成,v2,desktop
2026-08-11,u_179,20260811_u_179,prompt_submit,文案生成,v2,desktop
2026-08-11,u_179,20260811_u_179,generation_success,文案生成,v2,desktop
2026-08-11,u_179,20260811_u_179,feature_click,文案生成,v2,desktop
2026-08-12,u_001,20260812_u_001,page_view,智能问答,v1,desktop
2026-08-12,u_002,20260812_u_002,page_view,表格分析,v1,desktop
2026-08-12,u_002,20260812_u_002,prompt_submit,表格分析,v1,desktop
2026-08-12,u_002,20260812_u_002,generation_success,表格分析,v1,desktop
2026-08-12,u_002,20260812_u_002,result_adopt,表格分析,v1,desktop
2026-08-12,u_002,20260812_u_002,feature_click,表格分析,v1,desktop
2026-08-12,u_003,20260812_u_003,page_view,文案生成,v2,desktop
2026-08-12,u_003,20260812_u_003,prompt_submit,文案生成,v2,desktop
2026-08-12,u_003,20260812_u_003,generation_success,文案生成,v2,desktop
2026-08-12,u_003,20260812_u_003,result_adopt,文案生成,v2,desktop
2026-08-12,u_003,20260812_u_003,feature_click,文案生成,v2,desktop
2026-08-12,u_005,20260812_u_005,page_view,表格分析,v2,web
2026-08-12,u_006,20260812_u_006,page_view,表格分析,v1,web
2026-08-12,u_007,20260812_u_007,page_view,文案生成,v1,web
2026-08-12,u_010,20260812_u_010,page_view,表格分析,v1,web
2026-08-12,u_010,20260812_u_010,prompt_submit,表格分析,v1,web
2026-08-12,u_010,20260812_u_010,generation_success,表格分析,v1,web
2026-08-12,u_010,20260812_u_010,result_adopt,表格分析,v1,web
2026-08-12,u_012,20260812_u_012,page_view,表格分析,v2,desktop
2026-08-12,u_012,20260812_u_012,prompt_submit,表格分析,v2,desktop
2026-08-12,u_012,20260812_u_012,generation_success,表格分析,v2,desktop
2026-08-12,u_012,20260812_u_012,feature_click,表格分析,v2,desktop
2026-08-12,u_017,20260812_u_017,page_view,表格分析,v2,desktop
2026-08-12,u_017,20260812_u_017,prompt_submit,表格分析,v2,desktop
2026-08-12,u_019,20260812_u_019,page_view,表格分析,v1,desktop
2026-08-12,u_019,20260812_u_019,prompt_submit,表格分析,v1,desktop
2026-08-12,u_021,20260812_u_021,page_view,文案生成,v1,desktop
2026-08-12,u_021,20260812_u_021,prompt_submit,文案生成,v1,desktop
2026-08-12,u_021,20260812_u_021,generation_success,文案生成,v1,desktop
2026-08-12,u_021,20260812_u_021,result_adopt,文案生成,v1,desktop
2026-08-12,u_023,20260812_u_023,page_view,表格分析,v1,web
2026-08-12,u_024,20260812_u_024,page_view,智能问答,v1,web
2026-08-12,u_024,20260812_u_024,prompt_submit,智能问答,v1,web
2026-08-12,u_024,20260812_u_024,generation_success,智能问答,v1,web
2026-08-12,u_026,20260812_u_026,page_view,表格分析,v2,web
2026-08-12,u_027,20260812_u_027,page_view,文案生成,v1,web
2026-08-12,u_028,20260812_u_028,page_view,文案生成,v2,web
2026-08-12,u_028,20260812_u_028,prompt_submit,文案生成,v2,web
2026-08-12,u_028,20260812_u_028,generation_success,文案生成,v2,web
2026-08-12,u_028,20260812_u_028,feature_click,文案生成,v2,web
2026-08-12,u_030,20260812_u_030,page_view,表格分析,v1,web
2026-08-12,u_030,20260812_u_030,prompt_submit,表格分析,v1,web
2026-08-12,u_031,20260812_u_031,page_view,智能问答,v2,web
2026-08-12,u_031,20260812_u_031,prompt_submit,智能问答,v2,web
2026-08-12,u_031,20260812_u_031,generation_success,智能问答,v2,web
2026-08-12,u_032,20260812_u_032,page_view,表格分析,v2,web
2026-08-12,u_032,20260812_u_032,prompt_submit,表格分析,v2,web
2026-08-12,u_035,20260812_u_035,page_view,文案生成,v2,web
2026-08-12,u_035,20260812_u_035,prompt_submit,文案生成,v2,web
2026-08-12,u_035,20260812_u_035,generation_success,文案生成,v2,web
2026-08-12,u_035,20260812_u_035,feature_click,文案生成,v2,web
2026-08-12,u_036,20260812_u_036,page_view,智能问答,v2,web
2026-08-12,u_036,20260812_u_036,prompt_submit,智能问答,v2,web
2026-08-12,u_036,20260812_u_036,generation_success,智能问答,v2,web
2026-08-12,u_036,20260812_u_036,feature_click,智能问答,v2,web
2026-08-12,u_037,20260812_u_037,page_view,文案生成,v2,web
2026-08-12,u_037,20260812_u_037,prompt_submit,文案生成,v2,web
2026-08-12,u_037,20260812_u_037,generation_success,文案生成,v2,web
2026-08-12,u_037,20260812_u_037,feature_click,文案生成,v2,web
2026-08-12,u_038,20260812_u_038,page_view,智能问答,v1,desktop
2026-08-12,u_038,20260812_u_038,prompt_submit,智能问答,v1,desktop
2026-08-12,u_038,20260812_u_038,generation_success,智能问答,v1,desktop
2026-08-12,u_040,20260812_u_040,page_view,文案生成,v1,desktop
2026-08-12,u_040,20260812_u_040,prompt_submit,文案生成,v1,desktop
2026-08-12,u_040,20260812_u_040,generation_success,文案生成,v1,desktop
2026-08-12,u_040,20260812_u_040,result_adopt,文案生成,v1,desktop
2026-08-12,u_040,20260812_u_040,feature_click,文案生成,v1,desktop
2026-08-12,u_042,20260812_u_042,page_view,智能问答,v2,web
2026-08-12,u_042,20260812_u_042,prompt_submit,智能问答,v2,web
2026-08-12,u_042,20260812_u_042,generation_success,智能问答,v2,web
2026-08-12,u_042,20260812_u_042,result_adopt,智能问答,v2,web
2026-08-12,u_046,20260812_u_046,page_view,表格分析,v1,desktop
2026-08-12,u_046,20260812_u_046,prompt_submit,表格分析,v1,desktop
2026-08-12,u_047,20260812_u_047,page_view,文案生成,v2,web
2026-08-12,u_047,20260812_u_047,prompt_submit,文案生成,v2,web
2026-08-12,u_047,20260812_u_047,generation_success,文案生成,v2,web
2026-08-12,u_048,20260812_u_048,page_view,智能问答,v1,web
2026-08-12,u_049,20260812_u_049,page_view,智能问答,v2,web
2026-08-12,u_049,20260812_u_049,prompt_submit,智能问答,v2,web
2026-08-12,u_049,20260812_u_049,generation_success,智能问答,v2,web
2026-08-12,u_049,20260812_u_049,feature_click,智能问答,v2,web
2026-08-12,u_050,20260812_u_050,page_view,表格分析,v2,desktop
2026-08-12,u_050,20260812_u_050,prompt_submit,表格分析,v2,desktop
2026-08-12,u_050,20260812_u_050,generation_success,表格分析,v2,desktop
2026-08-12,u_052,20260812_u_052,page_view,智能问答,v2,web
2026-08-12,u_054,20260812_u_054,page_view,智能问答,v1,desktop
2026-08-12,u_054,20260812_u_054,prompt_submit,智能问答,v1,desktop
2026-08-12,u_054,20260812_u_054,generation_success,智能问答,v1,desktop
2026-08-12,u_054,20260812_u_054,result_adopt,智能问答,v1,desktop
2026-08-12,u_054,20260812_u_054,feature_click,智能问答,v1,desktop
2026-08-12,u_057,20260812_u_057,page_view,智能问答,v2,web
2026-08-12,u_057,20260812_u_057,prompt_submit,智能问答,v2,web
2026-08-12,u_057,20260812_u_057,generation_success,智能问答,v2,web
2026-08-12,u_059,20260812_u_059,page_view,智能问答,v1,desktop
2026-08-12,u_060,20260812_u_060,page_view,表格分析,v2,desktop
2026-08-12,u_060,20260812_u_060,prompt_submit,表格分析,v2,desktop
2026-08-12,u_062,20260812_u_062,page_view,文案生成,v2,web
2026-08-12,u_064,20260812_u_064,page_view,表格分析,v1,web
2026-08-12,u_064,20260812_u_064,prompt_submit,表格分析,v1,web
2026-08-12,u_064,20260812_u_064,generation_success,表格分析,v1,web
2026-08-12,u_064,20260812_u_064,feature_click,表格分析,v1,web
2026-08-12,u_068,20260812_u_068,page_view,表格分析,v1,desktop
2026-08-12,u_069,20260812_u_069,page_view,表格分析,v1,web
2026-08-12,u_069,20260812_u_069,prompt_submit,表格分析,v1,web
2026-08-12,u_069,20260812_u_069,generation_success,表格分析,v1,web
2026-08-12,u_069,20260812_u_069,feature_click,表格分析,v1,web
2026-08-12,u_073,20260812_u_073,page_view,文案生成,v2,desktop
2026-08-12,u_073,20260812_u_073,prompt_submit,文案生成,v2,desktop
2026-08-12,u_073,20260812_u_073,generation_success,文案生成,v2,desktop
2026-08-12,u_073,20260812_u_073,result_adopt,文案生成,v2,desktop
2026-08-12,u_073,20260812_u_073,feature_click,文案生成,v2,desktop
2026-08-12,u_082,20260812_u_082,page_view,文案生成,v2,web
2026-08-12,u_082,20260812_u_082,prompt_submit,文案生成,v2,web
2026-08-12,u_082,20260812_u_082,generation_success,文案生成,v2,web
2026-08-12,u_082,20260812_u_082,result_adopt,文案生成,v2,web
2026-08-12,u_085,20260812_u_085,page_view,智能问答,v1,desktop
2026-08-12,u_086,20260812_u_086,page_view,智能问答,v2,web
2026-08-12,u_086,20260812_u_086,prompt_submit,智能问答,v2,web
2026-08-12,u_086,20260812_u_086,generation_success,智能问答,v2,web
2026-08-12,u_088,20260812_u_088,page_view,表格分析,v1,web
2026-08-12,u_088,20260812_u_088,prompt_submit,表格分析,v1,web
2026-08-12,u_088,20260812_u_088,generation_success,表格分析,v1,web
2026-08-12,u_090,20260812_u_090,page_view,智能问答,v1,desktop
2026-08-12,u_090,20260812_u_090,prompt_submit,智能问答,v1,desktop
2026-08-12,u_090,20260812_u_090,generation_success,智能问答,v1,desktop
2026-08-12,u_092,20260812_u_092,page_view,表格分析,v2,desktop
2026-08-12,u_092,20260812_u_092,prompt_submit,表格分析,v2,desktop
2026-08-12,u_092,20260812_u_092,generation_success,表格分析,v2,desktop
2026-08-12,u_092,20260812_u_092,feature_click,表格分析,v2,desktop
2026-08-12,u_094,20260812_u_094,page_view,智能问答,v2,web
2026-08-12,u_094,20260812_u_094,prompt_submit,智能问答,v2,web
2026-08-12,u_094,20260812_u_094,generation_success,智能问答,v2,web
2026-08-12,u_094,20260812_u_094,feature_click,智能问答,v2,web
2026-08-12,u_095,20260812_u_095,page_view,表格分析,v1,desktop
2026-08-12,u_095,20260812_u_095,prompt_submit,表格分析,v1,desktop
2026-08-12,u_095,20260812_u_095,generation_success,表格分析,v1,desktop
2026-08-12,u_097,20260812_u_097,page_view,表格分析,v2,web
2026-08-12,u_097,20260812_u_097,prompt_submit,表格分析,v2,web
2026-08-12,u_097,20260812_u_097,generation_success,表格分析,v2,web
2026-08-12,u_097,20260812_u_097,result_adopt,表格分析,v2,web
2026-08-12,u_101,20260812_u_101,page_view,文案生成,v1,desktop
2026-08-12,u_101,20260812_u_101,prompt_submit,文案生成,v1,desktop
2026-08-12,u_101,20260812_u_101,generation_success,文案生成,v1,desktop
2026-08-12,u_101,20260812_u_101,feature_click,文案生成,v1,desktop
2026-08-12,u_103,20260812_u_103,page_view,智能问答,v1,web
2026-08-12,u_103,20260812_u_103,prompt_submit,智能问答,v1,web
2026-08-12,u_103,20260812_u_103,generation_success,智能问答,v1,web
2026-08-12,u_104,20260812_u_104,page_view,智能问答,v2,web
2026-08-12,u_104,20260812_u_104,prompt_submit,智能问答,v2,web
2026-08-12,u_104,20260812_u_104,generation_success,智能问答,v2,web
2026-08-12,u_104,20260812_u_104,feature_click,智能问答,v2,web
2026-08-12,u_105,20260812_u_105,page_view,文案生成,v2,web
2026-08-12,u_105,20260812_u_105,prompt_submit,文案生成,v2,web
2026-08-12,u_105,20260812_u_105,generation_success,文案生成,v2,web
2026-08-12,u_105,20260812_u_105,result_adopt,文案生成,v2,web
2026-08-12,u_105,20260812_u_105,feature_click,文案生成,v2,web
2026-08-12,u_107,20260812_u_107,page_view,文案生成,v2,web
2026-08-12,u_107,20260812_u_107,prompt_submit,文案生成,v2,web
2026-08-12,u_107,20260812_u_107,generation_success,文案生成,v2,web
2026-08-12,u_109,20260812_u_109,page_view,表格分析,v1,desktop
2026-08-12,u_109,20260812_u_109,prompt_submit,表格分析,v1,desktop
2026-08-12,u_109,20260812_u_109,generation_success,表格分析,v1,desktop
2026-08-12,u_109,20260812_u_109,feature_click,表格分析,v1,desktop
2026-08-12,u_113,20260812_u_113,page_view,表格分析,v1,web
2026-08-12,u_113,20260812_u_113,prompt_submit,表格分析,v1,web
2026-08-12,u_113,20260812_u_113,generation_success,表格分析,v1,web
2026-08-12,u_113,20260812_u_113,result_adopt,表格分析,v1,web
2026-08-12,u_116,20260812_u_116,page_view,表格分析,v1,desktop
2026-08-12,u_116,20260812_u_116,prompt_submit,表格分析,v1,desktop
2026-08-12,u_116,20260812_u_116,generation_success,表格分析,v1,desktop
2026-08-12,u_116,20260812_u_116,feature_click,表格分析,v1,desktop
2026-08-12,u_118,20260812_u_118,page_view,智能问答,v1,desktop
2026-08-12,u_118,20260812_u_118,prompt_submit,智能问答,v1,desktop
2026-08-12,u_118,20260812_u_118,generation_success,智能问答,v1,desktop
2026-08-12,u_120,20260812_u_120,page_view,智能问答,v1,desktop
2026-08-12,u_121,20260812_u_121,page_view,智能问答,v2,desktop
2026-08-12,u_121,20260812_u_121,prompt_submit,智能问答,v2,desktop
2026-08-12,u_121,20260812_u_121,generation_success,智能问答,v2,desktop
2026-08-12,u_121,20260812_u_121,feature_click,智能问答,v2,desktop
2026-08-12,u_122,20260812_u_122,page_view,智能问答,v1,web
2026-08-12,u_122,20260812_u_122,prompt_submit,智能问答,v1,web
2026-08-12,u_122,20260812_u_122,generation_success,智能问答,v1,web
2026-08-12,u_122,20260812_u_122,feature_click,智能问答,v1,web
2026-08-12,u_124,20260812_u_124,page_view,文案生成,v2,desktop
2026-08-12,u_124,20260812_u_124,prompt_submit,文案生成,v2,desktop
2026-08-12,u_124,20260812_u_124,generation_success,文案生成,v2,desktop
2026-08-12,u_124,20260812_u_124,result_adopt,文案生成,v2,desktop
2026-08-12,u_124,20260812_u_124,feature_click,文案生成,v2,desktop
2026-08-12,u_125,20260812_u_125,page_view,智能问答,v2,desktop
2026-08-12,u_125,20260812_u_125,prompt_submit,智能问答,v2,desktop
2026-08-12,u_125,20260812_u_125,generation_success,智能问答,v2,desktop
2026-08-12,u_125,20260812_u_125,feature_click,智能问答,v2,desktop
2026-08-12,u_126,20260812_u_126,page_view,文案生成,v1,web
2026-08-12,u_126,20260812_u_126,prompt_submit,文案生成,v1,web
2026-08-12,u_126,20260812_u_126,generation_success,文案生成,v1,web
2026-08-12,u_126,20260812_u_126,result_adopt,文案生成,v1,web
2026-08-12,u_128,20260812_u_128,page_view,文案生成,v2,desktop
2026-08-12,u_129,20260812_u_129,page_view,表格分析,v1,desktop
2026-08-12,u_129,20260812_u_129,prompt_submit,表格分析,v1,desktop
2026-08-12,u_129,20260812_u_129,generation_success,表格分析,v1,desktop
2026-08-12,u_129,20260812_u_129,result_adopt,表格分析,v1,desktop
2026-08-12,u_129,20260812_u_129,feature_click,表格分析,v1,desktop
2026-08-12,u_130,20260812_u_130,page_view,智能问答,v1,desktop
2026-08-12,u_130,20260812_u_130,prompt_submit,智能问答,v1,desktop
2026-08-12,u_130,20260812_u_130,generation_success,智能问答,v1,desktop
2026-08-12,u_130,20260812_u_130,result_adopt,智能问答,v1,desktop
2026-08-12,u_132,20260812_u_132,page_view,智能问答,v2,desktop
2026-08-12,u_132,20260812_u_132,prompt_submit,智能问答,v2,desktop
2026-08-12,u_132,20260812_u_132,generation_success,智能问答,v2,desktop
2026-08-12,u_132,20260812_u_132,result_adopt,智能问答,v2,desktop
2026-08-12,u_132,20260812_u_132,feature_click,智能问答,v2,desktop
2026-08-12,u_133,20260812_u_133,page_view,智能问答,v1,web
2026-08-12,u_134,20260812_u_134,page_view,智能问答,v2,desktop
2026-08-12,u_135,20260812_u_135,page_view,智能问答,v2,desktop
2026-08-12,u_135,20260812_u_135,prompt_submit,智能问答,v2,desktop
2026-08-12,u_135,20260812_u_135,generation_success,智能问答,v2,desktop
2026-08-12,u_135,20260812_u_135,feature_click,智能问答,v2,desktop
2026-08-12,u_140,20260812_u_140,page_view,表格分析,v2,desktop
2026-08-12,u_140,20260812_u_140,prompt_submit,表格分析,v2,desktop
2026-08-12,u_140,20260812_u_140,generation_success,表格分析,v2,desktop
2026-08-12,u_140,20260812_u_140,result_adopt,表格分析,v2,desktop
2026-08-12,u_142,20260812_u_142,page_view,表格分析,v2,web
2026-08-12,u_142,20260812_u_142,prompt_submit,表格分析,v2,web
2026-08-12,u_142,20260812_u_142,generation_success,表格分析,v2,web
2026-08-12,u_142,20260812_u_142,result_adopt,表格分析,v2,web
2026-08-12,u_143,20260812_u_143,page_view,表格分析,v2,desktop
2026-08-12,u_144,20260812_u_144,page_view,表格分析,v1,web
2026-08-12,u_146,20260812_u_146,page_view,表格分析,v1,web
2026-08-12,u_146,20260812_u_146,prompt_submit,表格分析,v1,web
2026-08-12,u_146,20260812_u_146,generation_success,表格分析,v1,web
2026-08-12,u_146,20260812_u_146,result_adopt,表格分析,v1,web
2026-08-12,u_147,20260812_u_147,page_view,表格分析,v1,web
2026-08-12,u_147,20260812_u_147,prompt_submit,表格分析,v1,web
2026-08-12,u_147,20260812_u_147,generation_success,表格分析,v1,web
2026-08-12,u_147,20260812_u_147,result_adopt,表格分析,v1,web
2026-08-12,u_147,20260812_u_147,feature_click,表格分析,v1,web
2026-08-12,u_148,20260812_u_148,page_view,智能问答,v1,web
2026-08-12,u_148,20260812_u_148,prompt_submit,智能问答,v1,web
2026-08-12,u_148,20260812_u_148,generation_success,智能问答,v1,web
2026-08-12,u_148,20260812_u_148,result_adopt,智能问答,v1,web
2026-08-12,u_149,20260812_u_149,page_view,文案生成,v2,desktop
2026-08-12,u_149,20260812_u_149,prompt_submit,文案生成,v2,desktop
2026-08-12,u_149,20260812_u_149,generation_success,文案生成,v2,desktop
2026-08-12,u_149,20260812_u_149,result_adopt,文案生成,v2,desktop
2026-08-12,u_149,20260812_u_149,feature_click,文案生成,v2,desktop
2026-08-12,u_154,20260812_u_154,page_view,文案生成,v2,web
2026-08-12,u_154,20260812_u_154,prompt_submit,文案生成,v2,web
2026-08-12,u_154,20260812_u_154,generation_success,文案生成,v2,web
2026-08-12,u_154,20260812_u_154,feature_click,文案生成,v2,web
2026-08-12,u_155,20260812_u_155,page_view,智能问答,v1,web
2026-08-12,u_155,20260812_u_155,prompt_submit,智能问答,v1,web
2026-08-12,u_155,20260812_u_155,generation_success,智能问答,v1,web
2026-08-12,u_157,20260812_u_157,page_view,智能问答,v1,desktop
2026-08-12,u_157,20260812_u_157,prompt_submit,智能问答,v1,desktop
2026-08-12,u_157,20260812_u_157,generation_success,智能问答,v1,desktop
2026-08-12,u_157,20260812_u_157,result_adopt,智能问答,v1,desktop
2026-08-12,u_157,20260812_u_157,feature_click,智能问答,v1,desktop
2026-08-12,u_158,20260812_u_158,page_view,智能问答,v1,web
2026-08-12,u_158,20260812_u_158,prompt_submit,智能问答,v1,web
2026-08-12,u_158,20260812_u_158,generation_success,智能问答,v1,web
2026-08-12,u_158,20260812_u_158,feature_click,智能问答,v1,web
2026-08-12,u_160,20260812_u_160,page_view,表格分析,v1,web
2026-08-12,u_162,20260812_u_162,page_view,智能问答,v2,desktop
2026-08-12,u_162,20260812_u_162,prompt_submit,智能问答,v2,desktop
2026-08-12,u_162,20260812_u_162,generation_success,智能问答,v2,desktop
2026-08-12,u_164,20260812_u_164,page_view,表格分析,v1,desktop
2026-08-12,u_165,20260812_u_165,page_view,智能问答,v1,web
2026-08-12,u_165,20260812_u_165,prompt_submit,智能问答,v1,web
2026-08-12,u_165,20260812_u_165,generation_success,智能问答,v1,web
2026-08-12,u_165,20260812_u_165,feature_click,智能问答,v1,web
2026-08-12,u_166,20260812_u_166,page_view,表格分析,v1,web
2026-08-12,u_169,20260812_u_169,page_view,表格分析,v2,web
2026-08-12,u_170,20260812_u_170,page_view,智能问答,v1,web
2026-08-12,u_170,20260812_u_170,prompt_submit,智能问答,v1,web
2026-08-12,u_170,20260812_u_170,generation_success,智能问答,v1,web
2026-08-12,u_171,20260812_u_171,page_view,智能问答,v2,web
2026-08-12,u_171,20260812_u_171,prompt_submit,智能问答,v2,web
2026-08-12,u_171,20260812_u_171,generation_success,智能问答,v2,web
2026-08-12,u_171,20260812_u_171,result_adopt,智能问答,v2,web
2026-08-12,u_171,20260812_u_171,feature_click,智能问答,v2,web
2026-08-12,u_172,20260812_u_172,page_view,文案生成,v2,desktop
2026-08-12,u_172,20260812_u_172,prompt_submit,文案生成,v2,desktop
2026-08-12,u_172,20260812_u_172,generation_success,文案生成,v2,desktop
2026-08-12,u_172,20260812_u_172,feature_click,文案生成,v2,desktop
2026-08-12,u_174,20260812_u_174,page_view,智能问答,v2,web
2026-08-12,u_177,20260812_u_177,page_view,文案生成,v2,web
2026-08-12,u_178,20260812_u_178,page_view,表格分析,v1,desktop
2026-08-12,u_178,20260812_u_178,prompt_submit,表格分析,v1,desktop
2026-08-12,u_178,20260812_u_178,generation_success,表格分析,v1,desktop
2026-08-12,u_179,20260812_u_179,page_view,智能问答,v2,web
2026-08-13,u_003,20260813_u_003,page_view,智能问答,v1,desktop
2026-08-13,u_003,20260813_u_003,prompt_submit,智能问答,v1,desktop
2026-08-13,u_003,20260813_u_003,generation_success,智能问答,v1,desktop
2026-08-13,u_003,20260813_u_003,result_adopt,智能问答,v1,desktop
2026-08-13,u_005,20260813_u_005,page_view,表格分析,v1,web
2026-08-13,u_005,20260813_u_005,prompt_submit,表格分析,v1,web
2026-08-13,u_005,20260813_u_005,generation_success,表格分析,v1,web
2026-08-13,u_005,20260813_u_005,result_adopt,表格分析,v1,web
2026-08-13,u_005,20260813_u_005,feature_click,表格分析,v1,web
2026-08-13,u_006,20260813_u_006,page_view,表格分析,v1,web
2026-08-13,u_006,20260813_u_006,prompt_submit,表格分析,v1,web
2026-08-13,u_006,20260813_u_006,generation_success,表格分析,v1,web
2026-08-13,u_006,20260813_u_006,feature_click,表格分析,v1,web
2026-08-13,u_007,20260813_u_007,page_view,表格分析,v2,web
2026-08-13,u_009,20260813_u_009,page_view,文案生成,v1,desktop
2026-08-13,u_010,20260813_u_010,page_view,表格分析,v1,desktop
2026-08-13,u_010,20260813_u_010,prompt_submit,表格分析,v1,desktop
2026-08-13,u_010,20260813_u_010,generation_success,表格分析,v1,desktop
2026-08-13,u_013,20260813_u_013,page_view,文案生成,v1,desktop
2026-08-13,u_013,20260813_u_013,prompt_submit,文案生成,v1,desktop
2026-08-13,u_013,20260813_u_013,generation_success,文案生成,v1,desktop
2026-08-13,u_013,20260813_u_013,result_adopt,文案生成,v1,desktop
2026-08-13,u_013,20260813_u_013,feature_click,文案生成,v1,desktop
2026-08-13,u_016,20260813_u_016,page_view,文案生成,v2,desktop
2026-08-13,u_016,20260813_u_016,prompt_submit,文案生成,v2,desktop
2026-08-13,u_016,20260813_u_016,generation_success,文案生成,v2,desktop
2026-08-13,u_016,20260813_u_016,feature_click,文案生成,v2,desktop
2026-08-13,u_017,20260813_u_017,page_view,表格分析,v1,desktop
2026-08-13,u_017,20260813_u_017,prompt_submit,表格分析,v1,desktop
2026-08-13,u_017,20260813_u_017,generation_success,表格分析,v1,desktop
2026-08-13,u_017,20260813_u_017,result_adopt,表格分析,v1,desktop
2026-08-13,u_017,20260813_u_017,feature_click,表格分析,v1,desktop
2026-08-13,u_018,20260813_u_018,page_view,文案生成,v1,web
2026-08-13,u_021,20260813_u_021,page_view,表格分析,v2,desktop
2026-08-13,u_021,20260813_u_021,prompt_submit,表格分析,v2,desktop
2026-08-13,u_022,20260813_u_022,page_view,表格分析,v2,desktop
2026-08-13,u_022,20260813_u_022,prompt_submit,表格分析,v2,desktop
2026-08-13,u_022,20260813_u_022,generation_success,表格分析,v2,desktop
2026-08-13,u_022,20260813_u_022,result_adopt,表格分析,v2,desktop
2026-08-13,u_023,20260813_u_023,page_view,智能问答,v2,desktop
2026-08-13,u_023,20260813_u_023,prompt_submit,智能问答,v2,desktop
2026-08-13,u_023,20260813_u_023,generation_success,智能问答,v2,desktop
2026-08-13,u_025,20260813_u_025,page_view,表格分析,v2,desktop
2026-08-13,u_026,20260813_u_026,page_view,表格分析,v2,desktop
2026-08-13,u_026,20260813_u_026,prompt_submit,表格分析,v2,desktop
2026-08-13,u_026,20260813_u_026,generation_success,表格分析,v2,desktop
2026-08-13,u_028,20260813_u_028,page_view,智能问答,v2,desktop
2026-08-13,u_031,20260813_u_031,page_view,文案生成,v1,web
2026-08-13,u_031,20260813_u_031,prompt_submit,文案生成,v1,web
2026-08-13,u_031,20260813_u_031,generation_success,文案生成,v1,web
2026-08-13,u_032,20260813_u_032,page_view,表格分析,v1,web
2026-08-13,u_032,20260813_u_032,prompt_submit,表格分析,v1,web
2026-08-13,u_032,20260813_u_032,generation_success,表格分析,v1,web
2026-08-13,u_034,20260813_u_034,page_view,文案生成,v1,desktop
2026-08-13,u_034,20260813_u_034,prompt_submit,文案生成,v1,desktop
2026-08-13,u_034,20260813_u_034,generation_success,文案生成,v1,desktop
2026-08-13,u_035,20260813_u_035,page_view,表格分析,v2,web
2026-08-13,u_036,20260813_u_036,page_view,表格分析,v2,desktop
2026-08-13,u_036,20260813_u_036,prompt_submit,表格分析,v2,desktop
2026-08-13,u_036,20260813_u_036,generation_success,表格分析,v2,desktop
2026-08-13,u_037,20260813_u_037,page_view,文案生成,v2,web
2026-08-13,u_037,20260813_u_037,prompt_submit,文案生成,v2,web
2026-08-13,u_037,20260813_u_037,generation_success,文案生成,v2,web
2026-08-13,u_037,20260813_u_037,feature_click,文案生成,v2,web
2026-08-13,u_038,20260813_u_038,page_view,表格分析,v1,web
2026-08-13,u_038,20260813_u_038,prompt_submit,表格分析,v1,web
2026-08-13,u_038,20260813_u_038,generation_success,表格分析,v1,web
2026-08-13,u_038,20260813_u_038,feature_click,表格分析,v1,web
2026-08-13,u_039,20260813_u_039,page_view,智能问答,v1,desktop
2026-08-13,u_039,20260813_u_039,prompt_submit,智能问答,v1,desktop
2026-08-13,u_039,20260813_u_039,generation_success,智能问答,v1,desktop
2026-08-13,u_041,20260813_u_041,page_view,智能问答,v2,web
2026-08-13,u_043,20260813_u_043,page_view,智能问答,v2,desktop
2026-08-13,u_043,20260813_u_043,prompt_submit,智能问答,v2,desktop
2026-08-13,u_044,20260813_u_044,page_view,文案生成,v2,desktop
2026-08-13,u_045,20260813_u_045,page_view,表格分析,v2,web
2026-08-13,u_045,20260813_u_045,prompt_submit,表格分析,v2,web
2026-08-13,u_045,20260813_u_045,generation_success,表格分析,v2,web
2026-08-13,u_045,20260813_u_045,feature_click,表格分析,v2,web
2026-08-13,u_047,20260813_u_047,page_view,智能问答,v1,desktop
2026-08-13,u_047,20260813_u_047,prompt_submit,智能问答,v1,desktop
2026-08-13,u_047,20260813_u_047,generation_success,智能问答,v1,desktop
2026-08-13,u_047,20260813_u_047,result_adopt,智能问答,v1,desktop
2026-08-13,u_049,20260813_u_049,page_view,文案生成,v1,web
2026-08-13,u_049,20260813_u_049,prompt_submit,文案生成,v1,web
2026-08-13,u_049,20260813_u_049,generation_success,文案生成,v1,web
2026-08-13,u_050,20260813_u_050,page_view,智能问答,v2,desktop
2026-08-13,u_050,20260813_u_050,prompt_submit,智能问答,v2,desktop
2026-08-13,u_050,20260813_u_050,generation_success,智能问答,v2,desktop
2026-08-13,u_050,20260813_u_050,feature_click,智能问答,v2,desktop
2026-08-13,u_051,20260813_u_051,page_view,文案生成,v2,web
2026-08-13,u_051,20260813_u_051,prompt_submit,文案生成,v2,web
2026-08-13,u_051,20260813_u_051,generation_success,文案生成,v2,web
2026-08-13,u_051,20260813_u_051,feature_click,文案生成,v2,web
2026-08-13,u_052,20260813_u_052,page_view,文案生成,v2,web
2026-08-13,u_052,20260813_u_052,prompt_submit,文案生成,v2,web
2026-08-13,u_052,20260813_u_052,generation_success,文案生成,v2,web
2026-08-13,u_052,20260813_u_052,result_adopt,文案生成,v2,web
2026-08-13,u_052,20260813_u_052,feature_click,文案生成,v2,web
2026-08-13,u_058,20260813_u_058,page_view,表格分析,v2,desktop
2026-08-13,u_060,20260813_u_060,page_view,智能问答,v1,web
2026-08-13,u_061,20260813_u_061,page_view,文案生成,v1,web
2026-08-13,u_063,20260813_u_063,page_view,智能问答,v1,web
2026-08-13,u_064,20260813_u_064,page_view,智能问答,v1,desktop
2026-08-13,u_064,20260813_u_064,prompt_submit,智能问答,v1,desktop
2026-08-13,u_065,20260813_u_065,page_view,文案生成,v2,desktop
2026-08-13,u_065,20260813_u_065,prompt_submit,文案生成,v2,desktop
2026-08-13,u_065,20260813_u_065,generation_success,文案生成,v2,desktop
2026-08-13,u_066,20260813_u_066,page_view,表格分析,v2,desktop
2026-08-13,u_067,20260813_u_067,page_view,智能问答,v2,desktop
2026-08-13,u_067,20260813_u_067,prompt_submit,智能问答,v2,desktop
2026-08-13,u_067,20260813_u_067,generation_success,智能问答,v2,desktop
2026-08-13,u_067,20260813_u_067,result_adopt,智能问答,v2,desktop
2026-08-13,u_067,20260813_u_067,feature_click,智能问答,v2,desktop
2026-08-13,u_070,20260813_u_070,page_view,文案生成,v1,web
2026-08-13,u_072,20260813_u_072,page_view,表格分析,v1,desktop
2026-08-13,u_072,20260813_u_072,prompt_submit,表格分析,v1,desktop
2026-08-13,u_072,20260813_u_072,generation_success,表格分析,v1,desktop
2026-08-13,u_072,20260813_u_072,result_adopt,表格分析,v1,desktop
2026-08-13,u_072,20260813_u_072,feature_click,表格分析,v1,desktop
2026-08-13,u_075,20260813_u_075,page_view,文案生成,v1,web
2026-08-13,u_075,20260813_u_075,prompt_submit,文案生成,v1,web
2026-08-13,u_075,20260813_u_075,generation_success,文案生成,v1,web
2026-08-13,u_075,20260813_u_075,result_adopt,文案生成,v1,web
2026-08-13,u_075,20260813_u_075,feature_click,文案生成,v1,web
2026-08-13,u_076,20260813_u_076,page_view,文案生成,v2,web
2026-08-13,u_076,20260813_u_076,prompt_submit,文案生成,v2,web
2026-08-13,u_076,20260813_u_076,generation_success,文案生成,v2,web
2026-08-13,u_076,20260813_u_076,result_adopt,文案生成,v2,web
2026-08-13,u_078,20260813_u_078,page_view,智能问答,v2,desktop
2026-08-13,u_079,20260813_u_079,page_view,文案生成,v2,desktop
2026-08-13,u_079,20260813_u_079,prompt_submit,文案生成,v2,desktop
2026-08-13,u_079,20260813_u_079,generation_success,文案生成,v2,desktop
2026-08-13,u_079,20260813_u_079,result_adopt,文案生成,v2,desktop
2026-08-13,u_082,20260813_u_082,page_view,表格分析,v2,web
2026-08-13,u_082,20260813_u_082,prompt_submit,表格分析,v2,web
2026-08-13,u_082,20260813_u_082,generation_success,表格分析,v2,web
2026-08-13,u_085,20260813_u_085,page_view,文案生成,v2,desktop
2026-08-13,u_085,20260813_u_085,prompt_submit,文案生成,v2,desktop
2026-08-13,u_085,20260813_u_085,generation_success,文案生成,v2,desktop
2026-08-13,u_085,20260813_u_085,result_adopt,文案生成,v2,desktop
2026-08-13,u_085,20260813_u_085,feature_click,文案生成,v2,desktop
2026-08-13,u_086,20260813_u_086,page_view,表格分析,v2,desktop
2026-08-13,u_088,20260813_u_088,page_view,表格分析,v1,web
2026-08-13,u_088,20260813_u_088,prompt_submit,表格分析,v1,web
2026-08-13,u_088,20260813_u_088,generation_success,表格分析,v1,web
2026-08-13,u_088,20260813_u_088,feature_click,表格分析,v1,web
2026-08-13,u_089,20260813_u_089,page_view,表格分析,v1,desktop
2026-08-13,u_091,20260813_u_091,page_view,文案生成,v1,desktop
2026-08-13,u_091,20260813_u_091,prompt_submit,文案生成,v1,desktop
2026-08-13,u_091,20260813_u_091,generation_success,文案生成,v1,desktop
2026-08-13,u_091,20260813_u_091,result_adopt,文案生成,v1,desktop
2026-08-13,u_091,20260813_u_091,feature_click,文案生成,v1,desktop
2026-08-13,u_092,20260813_u_092,page_view,智能问答,v2,web
2026-08-13,u_092,20260813_u_092,prompt_submit,智能问答,v2,web
2026-08-13,u_092,20260813_u_092,generation_success,智能问答,v2,web
2026-08-13,u_093,20260813_u_093,page_view,智能问答,v2,desktop
2026-08-13,u_093,20260813_u_093,prompt_submit,智能问答,v2,desktop
2026-08-13,u_094,20260813_u_094,page_view,智能问答,v2,web
2026-08-13,u_094,20260813_u_094,prompt_submit,智能问答,v2,web
2026-08-13,u_094,20260813_u_094,generation_success,智能问答,v2,web
2026-08-13,u_094,20260813_u_094,result_adopt,智能问答,v2,web
2026-08-13,u_095,20260813_u_095,page_view,文案生成,v2,desktop
2026-08-13,u_097,20260813_u_097,page_view,表格分析,v2,web
2026-08-13,u_097,20260813_u_097,prompt_submit,表格分析,v2,web
2026-08-13,u_097,20260813_u_097,generation_success,表格分析,v2,web
2026-08-13,u_097,20260813_u_097,result_adopt,表格分析,v2,web
2026-08-13,u_098,20260813_u_098,page_view,智能问答,v2,desktop
2026-08-13,u_098,20260813_u_098,prompt_submit,智能问答,v2,desktop
2026-08-13,u_098,20260813_u_098,generation_success,智能问答,v2,desktop
2026-08-13,u_098,20260813_u_098,result_adopt,智能问答,v2,desktop
2026-08-13,u_098,20260813_u_098,feature_click,智能问答,v2,desktop
2026-08-13,u_100,20260813_u_100,page_view,智能问答,v1,web
2026-08-13,u_100,20260813_u_100,prompt_submit,智能问答,v1,web
2026-08-13,u_100,20260813_u_100,generation_success,智能问答,v1,web
2026-08-13,u_100,20260813_u_100,feature_click,智能问答,v1,web
2026-08-13,u_101,20260813_u_101,page_view,智能问答,v2,desktop
2026-08-13,u_101,20260813_u_101,prompt_submit,智能问答,v2,desktop
2026-08-13,u_101,20260813_u_101,generation_success,智能问答,v2,desktop
2026-08-13,u_101,20260813_u_101,result_adopt,智能问答,v2,desktop
2026-08-13,u_101,20260813_u_101,feature_click,智能问答,v2,desktop
2026-08-13,u_103,20260813_u_103,page_view,智能问答,v1,desktop
2026-08-13,u_103,20260813_u_103,prompt_submit,智能问答,v1,desktop
2026-08-13,u_104,20260813_u_104,page_view,文案生成,v1,web
2026-08-13,u_104,20260813_u_104,prompt_submit,文案生成,v1,web
2026-08-13,u_104,20260813_u_104,generation_success,文案生成,v1,web
2026-08-13,u_104,20260813_u_104,result_adopt,文案生成,v1,web
2026-08-13,u_104,20260813_u_104,feature_click,文案生成,v1,web
2026-08-13,u_105,20260813_u_105,page_view,文案生成,v1,desktop
2026-08-13,u_105,20260813_u_105,prompt_submit,文案生成,v1,desktop
2026-08-13,u_105,20260813_u_105,generation_success,文案生成,v1,desktop
2026-08-13,u_105,20260813_u_105,result_adopt,文案生成,v1,desktop
2026-08-13,u_105,20260813_u_105,feature_click,文案生成,v1,desktop
2026-08-13,u_106,20260813_u_106,page_view,智能问答,v2,desktop
2026-08-13,u_107,20260813_u_107,page_view,智能问答,v2,desktop
2026-08-13,u_107,20260813_u_107,prompt_submit,智能问答,v2,desktop
2026-08-13,u_107,20260813_u_107,generation_success,智能问答,v2,desktop
2026-08-13,u_108,20260813_u_108,page_view,表格分析,v2,web
2026-08-13,u_108,20260813_u_108,prompt_submit,表格分析,v2,web
2026-08-13,u_108,20260813_u_108,generation_success,表格分析,v2,web
2026-08-13,u_109,20260813_u_109,page_view,文案生成,v2,desktop
2026-08-13,u_109,20260813_u_109,prompt_submit,文案生成,v2,desktop
2026-08-13,u_109,20260813_u_109,generation_success,文案生成,v2,desktop
2026-08-13,u_109,20260813_u_109,result_adopt,文案生成,v2,desktop
2026-08-13,u_110,20260813_u_110,page_view,智能问答,v2,web
2026-08-13,u_111,20260813_u_111,page_view,文案生成,v1,desktop
2026-08-13,u_111,20260813_u_111,prompt_submit,文案生成,v1,desktop
2026-08-13,u_111,20260813_u_111,generation_success,文案生成,v1,desktop
2026-08-13,u_111,20260813_u_111,feature_click,文案生成,v1,desktop
2026-08-13,u_112,20260813_u_112,page_view,文案生成,v2,desktop
2026-08-13,u_112,20260813_u_112,prompt_submit,文案生成,v2,desktop
2026-08-13,u_112,20260813_u_112,generation_success,文案生成,v2,desktop
2026-08-13,u_112,20260813_u_112,feature_click,文案生成,v2,desktop
2026-08-13,u_114,20260813_u_114,page_view,文案生成,v2,web
2026-08-13,u_114,20260813_u_114,prompt_submit,文案生成,v2,web
2026-08-13,u_114,20260813_u_114,generation_success,文案生成,v2,web
2026-08-13,u_115,20260813_u_115,page_view,文案生成,v2,web
2026-08-13,u_115,20260813_u_115,prompt_submit,文案生成,v2,web
2026-08-13,u_115,20260813_u_115,generation_success,文案生成,v2,web
2026-08-13,u_115,20260813_u_115,feature_click,文案生成,v2,web
2026-08-13,u_116,20260813_u_116,page_view,智能问答,v1,web
2026-08-13,u_120,20260813_u_120,page_view,文案生成,v1,web
2026-08-13,u_120,20260813_u_120,prompt_submit,文案生成,v1,web
2026-08-13,u_120,20260813_u_120,generation_success,文案生成,v1,web
2026-08-13,u_120,20260813_u_120,result_adopt,文案生成,v1,web
2026-08-13,u_120,20260813_u_120,feature_click,文案生成,v1,web
2026-08-13,u_121,20260813_u_121,page_view,文案生成,v2,web
2026-08-13,u_125,20260813_u_125,page_view,表格分析,v1,web
2026-08-13,u_125,20260813_u_125,prompt_submit,表格分析,v1,web
2026-08-13,u_126,20260813_u_126,page_view,文案生成,v2,web
2026-08-13,u_126,20260813_u_126,prompt_submit,文案生成,v2,web
2026-08-13,u_126,20260813_u_126,generation_success,文案生成,v2,web
2026-08-13,u_126,20260813_u_126,result_adopt,文案生成,v2,web
2026-08-13,u_126,20260813_u_126,feature_click,文案生成,v2,web
2026-08-13,u_128,20260813_u_128,page_view,智能问答,v2,web
2026-08-13,u_129,20260813_u_129,page_view,智能问答,v1,web
2026-08-13,u_129,20260813_u_129,prompt_submit,智能问答,v1,web
2026-08-13,u_129,20260813_u_129,generation_success,智能问答,v1,web
2026-08-13,u_131,20260813_u_131,page_view,智能问答,v2,web
2026-08-13,u_135,20260813_u_135,page_view,表格分析,v2,desktop
2026-08-13,u_135,20260813_u_135,prompt_submit,表格分析,v2,desktop
2026-08-13,u_135,20260813_u_135,generation_success,表格分析,v2,desktop
2026-08-13,u_136,20260813_u_136,page_view,智能问答,v2,web
2026-08-13,u_136,20260813_u_136,prompt_submit,智能问答,v2,web
2026-08-13,u_136,20260813_u_136,generation_success,智能问答,v2,web
2026-08-13,u_140,20260813_u_140,page_view,文案生成,v1,desktop
2026-08-13,u_140,20260813_u_140,prompt_submit,文案生成,v1,desktop
2026-08-13,u_140,20260813_u_140,generation_success,文案生成,v1,desktop
2026-08-13,u_140,20260813_u_140,result_adopt,文案生成,v1,desktop
2026-08-13,u_141,20260813_u_141,page_view,文案生成,v2,desktop
2026-08-13,u_141,20260813_u_141,prompt_submit,文案生成,v2,desktop
2026-08-13,u_142,20260813_u_142,page_view,文案生成,v1,web
2026-08-13,u_142,20260813_u_142,prompt_submit,文案生成,v1,web
2026-08-13,u_142,20260813_u_142,generation_success,文案生成,v1,web
2026-08-13,u_146,20260813_u_146,page_view,表格分析,v2,desktop
2026-08-13,u_150,20260813_u_150,page_view,智能问答,v1,web
2026-08-13,u_150,20260813_u_150,prompt_submit,智能问答,v1,web
2026-08-13,u_150,20260813_u_150,generation_success,智能问答,v1,web
2026-08-13,u_150,20260813_u_150,result_adopt,智能问答,v1,web
2026-08-13,u_151,20260813_u_151,page_view,智能问答,v2,desktop
2026-08-13,u_152,20260813_u_152,page_view,表格分析,v1,web
2026-08-13,u_152,20260813_u_152,prompt_submit,表格分析,v1,web
2026-08-13,u_152,20260813_u_152,generation_success,表格分析,v1,web
2026-08-13,u_152,20260813_u_152,result_adopt,表格分析,v1,web
2026-08-13,u_153,20260813_u_153,page_view,文案生成,v1,desktop
2026-08-13,u_153,20260813_u_153,prompt_submit,文案生成,v1,desktop
2026-08-13,u_153,20260813_u_153,generation_success,文案生成,v1,desktop
2026-08-13,u_153,20260813_u_153,result_adopt,文案生成,v1,desktop
2026-08-13,u_154,20260813_u_154,page_view,表格分析,v1,desktop
2026-08-13,u_154,20260813_u_154,prompt_submit,表格分析,v1,desktop
2026-08-13,u_157,20260813_u_157,page_view,文案生成,v2,web
2026-08-13,u_157,20260813_u_157,prompt_submit,文案生成,v2,web
2026-08-13,u_157,20260813_u_157,generation_success,文案生成,v2,web
2026-08-13,u_158,20260813_u_158,page_view,文案生成,v1,desktop
2026-08-13,u_159,20260813_u_159,page_view,智能问答,v2,desktop
2026-08-13,u_160,20260813_u_160,page_view,文案生成,v2,web
2026-08-13,u_160,20260813_u_160,prompt_submit,文案生成,v2,web
2026-08-13,u_160,20260813_u_160,generation_success,文案生成,v2,web
2026-08-13,u_160,20260813_u_160,feature_click,文案生成,v2,web
2026-08-13,u_161,20260813_u_161,page_view,智能问答,v1,web
2026-08-13,u_161,20260813_u_161,prompt_submit,智能问答,v1,web
2026-08-13,u_161,20260813_u_161,generation_success,智能问答,v1,web
2026-08-13,u_161,20260813_u_161,feature_click,智能问答,v1,web
2026-08-13,u_162,20260813_u_162,page_view,文案生成,v2,desktop
2026-08-13,u_162,20260813_u_162,prompt_submit,文案生成,v2,desktop
2026-08-13,u_162,20260813_u_162,generation_success,文案生成,v2,desktop
2026-08-13,u_162,20260813_u_162,result_adopt,文案生成,v2,desktop
2026-08-13,u_163,20260813_u_163,page_view,文案生成,v2,web
2026-08-13,u_163,20260813_u_163,prompt_submit,文案生成,v2,web
2026-08-13,u_163,20260813_u_163,generation_success,文案生成,v2,web
2026-08-13,u_163,20260813_u_163,result_adopt,文案生成,v2,web
2026-08-13,u_163,20260813_u_163,feature_click,文案生成,v2,web
2026-08-13,u_165,20260813_u_165,page_view,文案生成,v2,desktop
2026-08-13,u_165,20260813_u_165,prompt_submit,文案生成,v2,desktop
2026-08-13,u_165,20260813_u_165,generation_success,文案生成,v2,desktop
2026-08-13,u_166,20260813_u_166,page_view,智能问答,v2,desktop
2026-08-13,u_166,20260813_u_166,prompt_submit,智能问答,v2,desktop
2026-08-13,u_166,20260813_u_166,generation_success,智能问答,v2,desktop
2026-08-13,u_166,20260813_u_166,feature_click,智能问答,v2,desktop
2026-08-13,u_168,20260813_u_168,page_view,文案生成,v1,web
2026-08-13,u_170,20260813_u_170,page_view,文案生成,v2,web
2026-08-13,u_170,20260813_u_170,prompt_submit,文案生成,v2,web
2026-08-13,u_170,20260813_u_170,generation_success,文案生成,v2,web
2026-08-13,u_170,20260813_u_170,result_adopt,文案生成,v2,web
2026-08-13,u_170,20260813_u_170,feature_click,文案生成,v2,web
2026-08-13,u_171,20260813_u_171,page_view,文案生成,v2,desktop
2026-08-13,u_172,20260813_u_172,page_view,表格分析,v1,desktop
2026-08-13,u_172,20260813_u_172,prompt_submit,表格分析,v1,desktop
2026-08-13,u_172,20260813_u_172,generation_success,表格分析,v1,desktop
2026-08-13,u_172,20260813_u_172,result_adopt,表格分析,v1,desktop
2026-08-13,u_172,20260813_u_172,feature_click,表格分析,v1,desktop
2026-08-13,u_174,20260813_u_174,page_view,表格分析,v2,desktop
2026-08-13,u_176,20260813_u_176,page_view,文案生成,v2,desktop
2026-08-13,u_177,20260813_u_177,page_view,文案生成,v1,desktop
2026-08-13,u_177,20260813_u_177,prompt_submit,文案生成,v1,desktop
2026-08-13,u_177,20260813_u_177,generation_success,文案生成,v1,desktop
2026-08-13,u_177,20260813_u_177,feature_click,文案生成,v1,desktop
2026-08-13,u_178,20260813_u_178,page_view,智能问答,v1,desktop
2026-08-13,u_178,20260813_u_178,prompt_submit,智能问答,v1,desktop
2026-08-13,u_178,20260813_u_178,generation_success,智能问答,v1,desktop
2026-08-13,u_178,20260813_u_178,result_adopt,智能问答,v1,desktop
2026-08-13,u_178,20260813_u_178,feature_click,智能问答,v1,desktop
2026-08-13,u_179,20260813_u_179,page_view,文案生成,v1,desktop
2026-08-13,u_179,20260813_u_179,prompt_submit,文案生成,v1,desktop
2026-08-13,u_179,20260813_u_179,generation_success,文案生成,v1,desktop
2026-08-13,u_179,20260813_u_179,result_adopt,文案生成,v1,desktop
2026-08-13,u_179,20260813_u_179,feature_click,文案生成,v1,desktop
2026-08-13,u_180,20260813_u_180,page_view,文案生成,v1,desktop
2026-08-13,u_180,20260813_u_180,prompt_submit,文案生成,v1,desktop
2026-08-13,u_180,20260813_u_180,generation_success,文案生成,v1,desktop
2026-08-13,u_180,20260813_u_180,feature_click,文案生成,v1,desktop
2026-08-14,u_001,20260814_u_001,page_view,文案生成,v1,desktop
2026-08-14,u_001,20260814_u_001,prompt_submit,文案生成,v1,desktop
2026-08-14,u_001,20260814_u_001,generation_success,文案生成,v1,desktop
2026-08-14,u_001,20260814_u_001,result_adopt,文案生成,v1,desktop
2026-08-14,u_003,20260814_u_003,page_view,文案生成,v2,desktop
2026-08-14,u_003,20260814_u_003,prompt_submit,文案生成,v2,desktop
2026-08-14,u_003,20260814_u_003,generation_success,文案生成,v2,desktop
2026-08-14,u_005,20260814_u_005,page_view,表格分析,v2,web
2026-08-14,u_005,20260814_u_005,prompt_submit,表格分析,v2,web
2026-08-14,u_005,20260814_u_005,generation_success,表格分析,v2,web
2026-08-14,u_005,20260814_u_005,result_adopt,表格分析,v2,web
2026-08-14,u_006,20260814_u_006,page_view,智能问答,v2,web
2026-08-14,u_006,20260814_u_006,prompt_submit,智能问答,v2,web
2026-08-14,u_006,20260814_u_006,generation_success,智能问答,v2,web
2026-08-14,u_006,20260814_u_006,result_adopt,智能问答,v2,web
2026-08-14,u_006,20260814_u_006,feature_click,智能问答,v2,web
2026-08-14,u_009,20260814_u_009,page_view,表格分析,v2,web
2026-08-14,u_009,20260814_u_009,prompt_submit,表格分析,v2,web
2026-08-14,u_009,20260814_u_009,generation_success,表格分析,v2,web
2026-08-14,u_009,20260814_u_009,result_adopt,表格分析,v2,web
2026-08-14,u_010,20260814_u_010,page_view,表格分析,v2,web
2026-08-14,u_012,20260814_u_012,page_view,文案生成,v1,web
2026-08-14,u_012,20260814_u_012,prompt_submit,文案生成,v1,web
2026-08-14,u_012,20260814_u_012,generation_success,文案生成,v1,web
2026-08-14,u_012,20260814_u_012,result_adopt,文案生成,v1,web
2026-08-14,u_016,20260814_u_016,page_view,智能问答,v1,desktop
2026-08-14,u_016,20260814_u_016,prompt_submit,智能问答,v1,desktop
2026-08-14,u_016,20260814_u_016,generation_success,智能问答,v1,desktop
2026-08-14,u_018,20260814_u_018,page_view,表格分析,v1,web
2026-08-14,u_023,20260814_u_023,page_view,表格分析,v2,desktop
2026-08-14,u_023,20260814_u_023,prompt_submit,表格分析,v2,desktop
2026-08-14,u_023,20260814_u_023,generation_success,表格分析,v2,desktop
2026-08-14,u_023,20260814_u_023,feature_click,表格分析,v2,desktop
2026-08-14,u_026,20260814_u_026,page_view,智能问答,v1,desktop
2026-08-14,u_030,20260814_u_030,page_view,文案生成,v1,desktop
2026-08-14,u_030,20260814_u_030,prompt_submit,文案生成,v1,desktop
2026-08-14,u_030,20260814_u_030,generation_success,文案生成,v1,desktop
2026-08-14,u_030,20260814_u_030,result_adopt,文案生成,v1,desktop
2026-08-14,u_031,20260814_u_031,page_view,文案生成,v1,web
2026-08-14,u_031,20260814_u_031,prompt_submit,文案生成,v1,web
2026-08-14,u_031,20260814_u_031,generation_success,文案生成,v1,web
2026-08-14,u_031,20260814_u_031,feature_click,文案生成,v1,web
2026-08-14,u_032,20260814_u_032,page_view,智能问答,v1,web
2026-08-14,u_033,20260814_u_033,page_view,文案生成,v1,web
2026-08-14,u_038,20260814_u_038,page_view,智能问答,v1,desktop
2026-08-14,u_038,20260814_u_038,prompt_submit,智能问答,v1,desktop
2026-08-14,u_038,20260814_u_038,generation_success,智能问答,v1,desktop
2026-08-14,u_038,20260814_u_038,feature_click,智能问答,v1,desktop
2026-08-14,u_039,20260814_u_039,page_view,文案生成,v2,desktop
2026-08-14,u_039,20260814_u_039,prompt_submit,文案生成,v2,desktop
2026-08-14,u_039,20260814_u_039,generation_success,文案生成,v2,desktop
2026-08-14,u_039,20260814_u_039,feature_click,文案生成,v2,desktop
2026-08-14,u_041,20260814_u_041,page_view,表格分析,v1,web
2026-08-14,u_041,20260814_u_041,prompt_submit,表格分析,v1,web
2026-08-14,u_041,20260814_u_041,generation_success,表格分析,v1,web
2026-08-14,u_041,20260814_u_041,result_adopt,表格分析,v1,web
2026-08-14,u_042,20260814_u_042,page_view,智能问答,v2,desktop
2026-08-14,u_042,20260814_u_042,prompt_submit,智能问答,v2,desktop
2026-08-14,u_042,20260814_u_042,generation_success,智能问答,v2,desktop
2026-08-14,u_042,20260814_u_042,feature_click,智能问答,v2,desktop
2026-08-14,u_043,20260814_u_043,page_view,表格分析,v2,web
2026-08-14,u_044,20260814_u_044,page_view,文案生成,v1,web
2026-08-14,u_044,20260814_u_044,prompt_submit,文案生成,v1,web
2026-08-14,u_044,20260814_u_044,generation_success,文案生成,v1,web
2026-08-14,u_044,20260814_u_044,result_adopt,文案生成,v1,web
2026-08-14,u_047,20260814_u_047,page_view,智能问答,v1,web
2026-08-14,u_047,20260814_u_047,prompt_submit,智能问答,v1,web
2026-08-14,u_047,20260814_u_047,generation_success,智能问答,v1,web
2026-08-14,u_047,20260814_u_047,result_adopt,智能问答,v1,web
2026-08-14,u_047,20260814_u_047,feature_click,智能问答,v1,web
2026-08-14,u_048,20260814_u_048,page_view,表格分析,v2,desktop
2026-08-14,u_048,20260814_u_048,prompt_submit,表格分析,v2,desktop
2026-08-14,u_048,20260814_u_048,generation_success,表格分析,v2,desktop
2026-08-14,u_049,20260814_u_049,page_view,表格分析,v2,web
2026-08-14,u_049,20260814_u_049,prompt_submit,表格分析,v2,web
2026-08-14,u_049,20260814_u_049,generation_success,表格分析,v2,web
2026-08-14,u_049,20260814_u_049,result_adopt,表格分析,v2,web
2026-08-14,u_050,20260814_u_050,page_view,表格分析,v1,web
2026-08-14,u_050,20260814_u_050,prompt_submit,表格分析,v1,web
2026-08-14,u_050,20260814_u_050,generation_success,表格分析,v1,web
2026-08-14,u_050,20260814_u_050,feature_click,表格分析,v1,web
2026-08-14,u_051,20260814_u_051,page_view,文案生成,v1,web
2026-08-14,u_051,20260814_u_051,prompt_submit,文案生成,v1,web
2026-08-14,u_051,20260814_u_051,generation_success,文案生成,v1,web
2026-08-14,u_051,20260814_u_051,result_adopt,文案生成,v1,web
2026-08-14,u_051,20260814_u_051,feature_click,文案生成,v1,web
2026-08-14,u_052,20260814_u_052,page_view,智能问答,v1,web
2026-08-14,u_052,20260814_u_052,prompt_submit,智能问答,v1,web
2026-08-14,u_052,20260814_u_052,generation_success,智能问答,v1,web
2026-08-14,u_052,20260814_u_052,result_adopt,智能问答,v1,web
2026-08-14,u_053,20260814_u_053,page_view,表格分析,v1,web
2026-08-14,u_053,20260814_u_053,prompt_submit,表格分析,v1,web
2026-08-14,u_053,20260814_u_053,generation_success,表格分析,v1,web
2026-08-14,u_053,20260814_u_053,result_adopt,表格分析,v1,web
2026-08-14,u_056,20260814_u_056,page_view,文案生成,v1,desktop
2026-08-14,u_057,20260814_u_057,page_view,表格分析,v2,web
2026-08-14,u_058,20260814_u_058,page_view,表格分析,v1,web
2026-08-14,u_059,20260814_u_059,page_view,文案生成,v1,desktop
2026-08-14,u_059,20260814_u_059,prompt_submit,文案生成,v1,desktop
2026-08-14,u_059,20260814_u_059,generation_success,文案生成,v1,desktop
2026-08-14,u_059,20260814_u_059,feature_click,文案生成,v1,desktop
2026-08-14,u_061,20260814_u_061,page_view,文案生成,v2,web
2026-08-14,u_061,20260814_u_061,prompt_submit,文案生成,v2,web
2026-08-14,u_061,20260814_u_061,generation_success,文案生成,v2,web
2026-08-14,u_062,20260814_u_062,page_view,智能问答,v2,desktop
2026-08-14,u_063,20260814_u_063,page_view,文案生成,v1,desktop
2026-08-14,u_065,20260814_u_065,page_view,表格分析,v2,desktop
2026-08-14,u_065,20260814_u_065,prompt_submit,表格分析,v2,desktop
2026-08-14,u_065,20260814_u_065,generation_success,表格分析,v2,desktop
2026-08-14,u_065,20260814_u_065,result_adopt,表格分析,v2,desktop
2026-08-14,u_068,20260814_u_068,page_view,智能问答,v1,web
2026-08-14,u_070,20260814_u_070,page_view,文案生成,v1,web
2026-08-14,u_070,20260814_u_070,prompt_submit,文案生成,v1,web
2026-08-14,u_071,20260814_u_071,page_view,表格分析,v2,web
2026-08-14,u_073,20260814_u_073,page_view,表格分析,v2,desktop
2026-08-14,u_073,20260814_u_073,prompt_submit,表格分析,v2,desktop
2026-08-14,u_073,20260814_u_073,generation_success,表格分析,v2,desktop
2026-08-14,u_073,20260814_u_073,result_adopt,表格分析,v2,desktop
2026-08-14,u_073,20260814_u_073,feature_click,表格分析,v2,desktop
2026-08-14,u_076,20260814_u_076,page_view,表格分析,v1,web
2026-08-14,u_076,20260814_u_076,prompt_submit,表格分析,v1,web
2026-08-14,u_076,20260814_u_076,generation_success,表格分析,v1,web
2026-08-14,u_077,20260814_u_077,page_view,表格分析,v2,web
2026-08-14,u_077,20260814_u_077,prompt_submit,表格分析,v2,web
2026-08-14,u_077,20260814_u_077,generation_success,表格分析,v2,web
2026-08-14,u_080,20260814_u_080,page_view,智能问答,v1,web
2026-08-14,u_080,20260814_u_080,prompt_submit,智能问答,v1,web
2026-08-14,u_080,20260814_u_080,generation_success,智能问答,v1,web
2026-08-14,u_081,20260814_u_081,page_view,表格分析,v2,desktop
2026-08-14,u_085,20260814_u_085,page_view,文案生成,v1,desktop
2026-08-14,u_085,20260814_u_085,prompt_submit,文案生成,v1,desktop
2026-08-14,u_085,20260814_u_085,generation_success,文案生成,v1,desktop
2026-08-14,u_088,20260814_u_088,page_view,表格分析,v1,desktop
2026-08-14,u_089,20260814_u_089,page_view,智能问答,v1,web
2026-08-14,u_090,20260814_u_090,page_view,智能问答,v1,desktop
2026-08-14,u_090,20260814_u_090,prompt_submit,智能问答,v1,desktop
2026-08-14,u_090,20260814_u_090,generation_success,智能问答,v1,desktop
2026-08-14,u_092,20260814_u_092,page_view,智能问答,v1,desktop
2026-08-14,u_092,20260814_u_092,prompt_submit,智能问答,v1,desktop
2026-08-14,u_092,20260814_u_092,generation_success,智能问答,v1,desktop
2026-08-14,u_092,20260814_u_092,result_adopt,智能问答,v1,desktop
2026-08-14,u_092,20260814_u_092,feature_click,智能问答,v1,desktop
2026-08-14,u_093,20260814_u_093,page_view,智能问答,v1,web
2026-08-14,u_093,20260814_u_093,prompt_submit,智能问答,v1,web
2026-08-14,u_099,20260814_u_099,page_view,文案生成,v2,web
2026-08-14,u_099,20260814_u_099,prompt_submit,文案生成,v2,web
2026-08-14,u_099,20260814_u_099,generation_success,文案生成,v2,web
2026-08-14,u_099,20260814_u_099,feature_click,文案生成,v2,web
2026-08-14,u_100,20260814_u_100,page_view,表格分析,v1,desktop
2026-08-14,u_100,20260814_u_100,prompt_submit,表格分析,v1,desktop
2026-08-14,u_103,20260814_u_103,page_view,表格分析,v1,web
2026-08-14,u_103,20260814_u_103,prompt_submit,表格分析,v1,web
2026-08-14,u_106,20260814_u_106,page_view,智能问答,v2,web
2026-08-14,u_106,20260814_u_106,prompt_submit,智能问答,v2,web
2026-08-14,u_106,20260814_u_106,generation_success,智能问答,v2,web
2026-08-14,u_106,20260814_u_106,result_adopt,智能问答,v2,web
2026-08-14,u_109,20260814_u_109,page_view,表格分析,v1,desktop
2026-08-14,u_109,20260814_u_109,prompt_submit,表格分析,v1,desktop
2026-08-14,u_109,20260814_u_109,generation_success,表格分析,v1,desktop
2026-08-14,u_109,20260814_u_109,feature_click,表格分析,v1,desktop
2026-08-14,u_110,20260814_u_110,page_view,表格分析,v1,desktop
2026-08-14,u_111,20260814_u_111,page_view,智能问答,v1,web
2026-08-14,u_111,20260814_u_111,prompt_submit,智能问答,v1,web
2026-08-14,u_111,20260814_u_111,generation_success,智能问答,v1,web
2026-08-14,u_111,20260814_u_111,feature_click,智能问答,v1,web
2026-08-14,u_117,20260814_u_117,page_view,文案生成,v2,desktop
2026-08-14,u_117,20260814_u_117,prompt_submit,文案生成,v2,desktop
2026-08-14,u_117,20260814_u_117,generation_success,文案生成,v2,desktop
2026-08-14,u_117,20260814_u_117,result_adopt,文案生成,v2,desktop
2026-08-14,u_119,20260814_u_119,page_view,文案生成,v1,web
2026-08-14,u_120,20260814_u_120,page_view,智能问答,v2,web
2026-08-14,u_120,20260814_u_120,prompt_submit,智能问答,v2,web
2026-08-14,u_120,20260814_u_120,generation_success,智能问答,v2,web
2026-08-14,u_120,20260814_u_120,result_adopt,智能问答,v2,web
2026-08-14,u_121,20260814_u_121,page_view,表格分析,v1,web
2026-08-14,u_121,20260814_u_121,prompt_submit,表格分析,v1,web
2026-08-14,u_121,20260814_u_121,generation_success,表格分析,v1,web
2026-08-14,u_122,20260814_u_122,page_view,表格分析,v2,web
2026-08-14,u_122,20260814_u_122,prompt_submit,表格分析,v2,web
2026-08-14,u_122,20260814_u_122,generation_success,表格分析,v2,web
2026-08-14,u_122,20260814_u_122,feature_click,表格分析,v2,web
2026-08-14,u_123,20260814_u_123,page_view,表格分析,v2,desktop
2026-08-14,u_124,20260814_u_124,page_view,智能问答,v1,web
2026-08-14,u_127,20260814_u_127,page_view,智能问答,v1,desktop
2026-08-14,u_127,20260814_u_127,prompt_submit,智能问答,v1,desktop
2026-08-14,u_127,20260814_u_127,generation_success,智能问答,v1,desktop
2026-08-14,u_127,20260814_u_127,result_adopt,智能问答,v1,desktop
2026-08-14,u_127,20260814_u_127,feature_click,智能问答,v1,desktop
2026-08-14,u_130,20260814_u_130,page_view,智能问答,v2,desktop
2026-08-14,u_130,20260814_u_130,prompt_submit,智能问答,v2,desktop
2026-08-14,u_130,20260814_u_130,generation_success,智能问答,v2,desktop
2026-08-14,u_131,20260814_u_131,page_view,智能问答,v1,desktop
2026-08-14,u_131,20260814_u_131,prompt_submit,智能问答,v1,desktop
2026-08-14,u_131,20260814_u_131,generation_success,智能问答,v1,desktop
2026-08-14,u_133,20260814_u_133,page_view,智能问答,v1,desktop
2026-08-14,u_134,20260814_u_134,page_view,表格分析,v2,web
2026-08-14,u_134,20260814_u_134,prompt_submit,表格分析,v2,web
2026-08-14,u_134,20260814_u_134,generation_success,表格分析,v2,web
2026-08-14,u_136,20260814_u_136,page_view,文案生成,v1,web
2026-08-14,u_136,20260814_u_136,prompt_submit,文案生成,v1,web
2026-08-14,u_136,20260814_u_136,generation_success,文案生成,v1,web
2026-08-14,u_136,20260814_u_136,result_adopt,文案生成,v1,web
2026-08-14,u_137,20260814_u_137,page_view,智能问答,v2,web
2026-08-14,u_138,20260814_u_138,page_view,智能问答,v2,desktop
2026-08-14,u_140,20260814_u_140,page_view,表格分析,v1,web
2026-08-14,u_140,20260814_u_140,prompt_submit,表格分析,v1,web
2026-08-14,u_140,20260814_u_140,generation_success,表格分析,v1,web
2026-08-14,u_140,20260814_u_140,feature_click,表格分析,v1,web
2026-08-14,u_145,20260814_u_145,page_view,智能问答,v1,web
2026-08-14,u_145,20260814_u_145,prompt_submit,智能问答,v1,web
2026-08-14,u_145,20260814_u_145,generation_success,智能问答,v1,web
2026-08-14,u_145,20260814_u_145,result_adopt,智能问答,v1,web
2026-08-14,u_145,20260814_u_145,feature_click,智能问答,v1,web
2026-08-14,u_146,20260814_u_146,page_view,文案生成,v1,web
2026-08-14,u_147,20260814_u_147,page_view,智能问答,v2,web
2026-08-14,u_147,20260814_u_147,prompt_submit,智能问答,v2,web
2026-08-14,u_149,20260814_u_149,page_view,文案生成,v2,desktop
2026-08-14,u_149,20260814_u_149,prompt_submit,文案生成,v2,desktop
2026-08-14,u_149,20260814_u_149,generation_success,文案生成,v2,desktop
2026-08-14,u_150,20260814_u_150,page_view,智能问答,v2,desktop
2026-08-14,u_150,20260814_u_150,prompt_submit,智能问答,v2,desktop
2026-08-14,u_150,20260814_u_150,generation_success,智能问答,v2,desktop
2026-08-14,u_155,20260814_u_155,page_view,表格分析,v1,desktop
2026-08-14,u_155,20260814_u_155,prompt_submit,表格分析,v1,desktop
2026-08-14,u_155,20260814_u_155,generation_success,表格分析,v1,desktop
2026-08-14,u_155,20260814_u_155,feature_click,表格分析,v1,desktop
2026-08-14,u_156,20260814_u_156,page_view,文案生成,v2,web
2026-08-14,u_156,20260814_u_156,prompt_submit,文案生成,v2,web
2026-08-14,u_156,20260814_u_156,generation_success,文案生成,v2,web
2026-08-14,u_156,20260814_u_156,result_adopt,文案生成,v2,web
2026-08-14,u_156,20260814_u_156,feature_click,文案生成,v2,web
2026-08-14,u_158,20260814_u_158,page_view,智能问答,v1,web
2026-08-14,u_159,20260814_u_159,page_view,文案生成,v1,web
2026-08-14,u_159,20260814_u_159,prompt_submit,文案生成,v1,web
2026-08-14,u_159,20260814_u_159,generation_success,文案生成,v1,web
2026-08-14,u_159,20260814_u_159,result_adopt,文案生成,v1,web
2026-08-14,u_160,20260814_u_160,page_view,智能问答,v1,web
2026-08-14,u_162,20260814_u_162,page_view,智能问答,v2,web
2026-08-14,u_162,20260814_u_162,prompt_submit,智能问答,v2,web
2026-08-14,u_162,20260814_u_162,generation_success,智能问答,v2,web
2026-08-14,u_162,20260814_u_162,feature_click,智能问答,v2,web
2026-08-14,u_164,20260814_u_164,page_view,表格分析,v2,web
2026-08-14,u_164,20260814_u_164,prompt_submit,表格分析,v2,web
2026-08-14,u_164,20260814_u_164,generation_success,表格分析,v2,web
2026-08-14,u_164,20260814_u_164,result_adopt,表格分析,v2,web
2026-08-14,u_164,20260814_u_164,feature_click,表格分析,v2,web
2026-08-14,u_165,20260814_u_165,page_view,表格分析,v2,desktop
2026-08-14,u_165,20260814_u_165,prompt_submit,表格分析,v2,desktop
2026-08-14,u_165,20260814_u_165,generation_success,表格分析,v2,desktop
2026-08-14,u_165,20260814_u_165,feature_click,表格分析,v2,desktop
2026-08-14,u_166,20260814_u_166,page_view,智能问答,v1,web
2026-08-14,u_166,20260814_u_166,prompt_submit,智能问答,v1,web
2026-08-14,u_166,20260814_u_166,generation_success,智能问答,v1,web
2026-08-14,u_166,20260814_u_166,result_adopt,智能问答,v1,web
2026-08-14,u_166,20260814_u_166,feature_click,智能问答,v1,web
2026-08-14,u_167,20260814_u_167,page_view,文案生成,v1,web
2026-08-14,u_167,20260814_u_167,prompt_submit,文案生成,v1,web
2026-08-14,u_167,20260814_u_167,generation_success,文案生成,v1,web
2026-08-14,u_168,20260814_u_168,page_view,文案生成,v1,desktop
2026-08-14,u_168,20260814_u_168,prompt_submit,文案生成,v1,desktop
2026-08-14,u_168,20260814_u_168,generation_success,文案生成,v1,desktop
2026-08-14,u_169,20260814_u_169,page_view,文案生成,v1,web
2026-08-14,u_169,20260814_u_169,prompt_submit,文案生成,v1,web
2026-08-14,u_169,20260814_u_169,generation_success,文案生成,v1,web
2026-08-14,u_170,20260814_u_170,page_view,智能问答,v2,web
2026-08-14,u_170,20260814_u_170,prompt_submit,智能问答,v2,web
2026-08-14,u_170,20260814_u_170,generation_success,智能问答,v2,web
2026-08-14,u_173,20260814_u_173,page_view,表格分析,v1,web
2026-08-14,u_173,20260814_u_173,prompt_submit,表格分析,v1,web
2026-08-14,u_173,20260814_u_173,generation_success,表格分析,v1,web
2026-08-14,u_173,20260814_u_173,feature_click,表格分析,v1,web
2026-08-14,u_174,20260814_u_174,page_view,智能问答,v1,web
2026-08-14,u_177,20260814_u_177,page_view,文案生成,v1,desktop
2026-08-14,u_177,20260814_u_177,prompt_submit,文案生成,v1,desktop
2026-08-14,u_177,20260814_u_177,generation_success,文案生成,v1,desktop
2026-08-14,u_177,20260814_u_177,result_adopt,文案生成,v1,desktop
2026-08-14,u_177,20260814_u_177,feature_click,文案生成,v1,desktop
2026-08-14,u_178,20260814_u_178,page_view,表格分析,v1,web
2026-08-14,u_178,20260814_u_178,prompt_submit,表格分析,v1,web
2026-08-14,u_178,20260814_u_178,generation_success,表格分析,v1,web
2026-08-14,u_178,20260814_u_178,result_adopt,表格分析,v1,web
2026-08-14,u_178,20260814_u_178,feature_click,表格分析,v1,web
2026-08-15,u_001,20260815_u_001,page_view,智能问答,v1,web
2026-08-15,u_001,20260815_u_001,prompt_submit,智能问答,v1,web
2026-08-15,u_001,20260815_u_001,generation_success,智能问答,v1,web
2026-08-15,u_001,20260815_u_001,result_adopt,智能问答,v1,web
2026-08-15,u_002,20260815_u_002,page_view,表格分析,v1,web
2026-08-15,u_002,20260815_u_002,prompt_submit,表格分析,v1,web
2026-08-15,u_002,20260815_u_002,generation_success,表格分析,v1,web
2026-08-15,u_002,20260815_u_002,result_adopt,表格分析,v1,web
2026-08-15,u_002,20260815_u_002,feature_click,表格分析,v1,web
2026-08-15,u_004,20260815_u_004,page_view,文案生成,v1,web
2026-08-15,u_004,20260815_u_004,prompt_submit,文案生成,v1,web
2026-08-15,u_004,20260815_u_004,generation_success,文案生成,v1,web
2026-08-15,u_004,20260815_u_004,feature_click,文案生成,v1,web
2026-08-15,u_007,20260815_u_007,page_view,文案生成,v2,desktop
2026-08-15,u_010,20260815_u_010,page_view,智能问答,v1,web
2026-08-15,u_012,20260815_u_012,page_view,表格分析,v2,web
2026-08-15,u_012,20260815_u_012,prompt_submit,表格分析,v2,web
2026-08-15,u_012,20260815_u_012,generation_success,表格分析,v2,web
2026-08-15,u_012,20260815_u_012,feature_click,表格分析,v2,web
2026-08-15,u_013,20260815_u_013,page_view,智能问答,v2,desktop
2026-08-15,u_013,20260815_u_013,prompt_submit,智能问答,v2,desktop
2026-08-15,u_013,20260815_u_013,generation_success,智能问答,v2,desktop
2026-08-15,u_014,20260815_u_014,page_view,文案生成,v1,desktop
2026-08-15,u_014,20260815_u_014,prompt_submit,文案生成,v1,desktop
2026-08-15,u_014,20260815_u_014,generation_success,文案生成,v1,desktop
2026-08-15,u_014,20260815_u_014,feature_click,文案生成,v1,desktop
2026-08-15,u_015,20260815_u_015,page_view,表格分析,v2,web
2026-08-15,u_015,20260815_u_015,prompt_submit,表格分析,v2,web
2026-08-15,u_015,20260815_u_015,generation_success,表格分析,v2,web
2026-08-15,u_015,20260815_u_015,feature_click,表格分析,v2,web
2026-08-15,u_016,20260815_u_016,page_view,智能问答,v1,desktop
2026-08-15,u_016,20260815_u_016,prompt_submit,智能问答,v1,desktop
2026-08-15,u_016,20260815_u_016,generation_success,智能问答,v1,desktop
2026-08-15,u_016,20260815_u_016,feature_click,智能问答,v1,desktop
2026-08-15,u_017,20260815_u_017,page_view,文案生成,v2,web
2026-08-15,u_017,20260815_u_017,prompt_submit,文案生成,v2,web
2026-08-15,u_017,20260815_u_017,generation_success,文案生成,v2,web
2026-08-15,u_017,20260815_u_017,feature_click,文案生成,v2,web
2026-08-15,u_022,20260815_u_022,page_view,智能问答,v1,web
2026-08-15,u_022,20260815_u_022,prompt_submit,智能问答,v1,web
2026-08-15,u_022,20260815_u_022,generation_success,智能问答,v1,web
2026-08-15,u_022,20260815_u_022,result_adopt,智能问答,v1,web
2026-08-15,u_022,20260815_u_022,feature_click,智能问答,v1,web
2026-08-15,u_023,20260815_u_023,page_view,文案生成,v2,desktop
2026-08-15,u_023,20260815_u_023,prompt_submit,文案生成,v2,desktop
2026-08-15,u_025,20260815_u_025,page_view,智能问答,v2,web
2026-08-15,u_026,20260815_u_026,page_view,智能问答,v2,desktop
2026-08-15,u_026,20260815_u_026,prompt_submit,智能问答,v2,desktop
2026-08-15,u_026,20260815_u_026,generation_success,智能问答,v2,desktop
2026-08-15,u_027,20260815_u_027,page_view,表格分析,v2,web
2026-08-15,u_027,20260815_u_027,prompt_submit,表格分析,v2,web
2026-08-15,u_027,20260815_u_027,generation_success,表格分析,v2,web
2026-08-15,u_028,20260815_u_028,page_view,文案生成,v1,desktop
2026-08-15,u_029,20260815_u_029,page_view,表格分析,v1,desktop
2026-08-15,u_029,20260815_u_029,prompt_submit,表格分析,v1,desktop
2026-08-15,u_029,20260815_u_029,generation_success,表格分析,v1,desktop
2026-08-15,u_029,20260815_u_029,feature_click,表格分析,v1,desktop
2026-08-15,u_031,20260815_u_031,page_view,智能问答,v2,desktop
2026-08-15,u_032,20260815_u_032,page_view,文案生成,v1,desktop
2026-08-15,u_034,20260815_u_034,page_view,文案生成,v2,desktop
2026-08-15,u_034,20260815_u_034,prompt_submit,文案生成,v2,desktop
2026-08-15,u_034,20260815_u_034,generation_success,文案生成,v2,desktop
2026-08-15,u_034,20260815_u_034,result_adopt,文案生成,v2,desktop
2026-08-15,u_036,20260815_u_036,page_view,文案生成,v1,web
2026-08-15,u_036,20260815_u_036,prompt_submit,文案生成,v1,web
2026-08-15,u_036,20260815_u_036,generation_success,文案生成,v1,web
2026-08-15,u_036,20260815_u_036,result_adopt,文案生成,v1,web
2026-08-15,u_036,20260815_u_036,feature_click,文案生成,v1,web
2026-08-15,u_039,20260815_u_039,page_view,智能问答,v2,desktop
2026-08-15,u_039,20260815_u_039,prompt_submit,智能问答,v2,desktop
2026-08-15,u_039,20260815_u_039,generation_success,智能问答,v2,desktop
2026-08-15,u_040,20260815_u_040,page_view,表格分析,v2,web
2026-08-15,u_040,20260815_u_040,prompt_submit,表格分析,v2,web
2026-08-15,u_040,20260815_u_040,generation_success,表格分析,v2,web
2026-08-15,u_040,20260815_u_040,result_adopt,表格分析,v2,web
2026-08-15,u_040,20260815_u_040,feature_click,表格分析,v2,web
2026-08-15,u_042,20260815_u_042,page_view,智能问答,v2,desktop
2026-08-15,u_042,20260815_u_042,prompt_submit,智能问答,v2,desktop
2026-08-15,u_042,20260815_u_042,generation_success,智能问答,v2,desktop
2026-08-15,u_042,20260815_u_042,feature_click,智能问答,v2,desktop
2026-08-15,u_043,20260815_u_043,page_view,文案生成,v2,web
2026-08-15,u_043,20260815_u_043,prompt_submit,文案生成,v2,web
2026-08-15,u_043,20260815_u_043,generation_success,文案生成,v2,web
2026-08-15,u_043,20260815_u_043,result_adopt,文案生成,v2,web
2026-08-15,u_043,20260815_u_043,feature_click,文案生成,v2,web
2026-08-15,u_047,20260815_u_047,page_view,表格分析,v1,desktop
2026-08-15,u_052,20260815_u_052,page_view,智能问答,v1,desktop
2026-08-15,u_052,20260815_u_052,prompt_submit,智能问答,v1,desktop
2026-08-15,u_052,20260815_u_052,generation_success,智能问答,v1,desktop
2026-08-15,u_052,20260815_u_052,feature_click,智能问答,v1,desktop
2026-08-15,u_053,20260815_u_053,page_view,智能问答,v1,desktop
2026-08-15,u_054,20260815_u_054,page_view,表格分析,v2,desktop
2026-08-15,u_054,20260815_u_054,prompt_submit,表格分析,v2,desktop
2026-08-15,u_054,20260815_u_054,generation_success,表格分析,v2,desktop
2026-08-15,u_054,20260815_u_054,feature_click,表格分析,v2,desktop
2026-08-15,u_056,20260815_u_056,page_view,表格分析,v1,web
2026-08-15,u_057,20260815_u_057,page_view,表格分析,v2,desktop
2026-08-15,u_057,20260815_u_057,prompt_submit,表格分析,v2,desktop
2026-08-15,u_057,20260815_u_057,generation_success,表格分析,v2,desktop
2026-08-15,u_057,20260815_u_057,feature_click,表格分析,v2,desktop
2026-08-15,u_059,20260815_u_059,page_view,文案生成,v1,desktop
2026-08-15,u_059,20260815_u_059,prompt_submit,文案生成,v1,desktop
2026-08-15,u_059,20260815_u_059,generation_success,文案生成,v1,desktop
2026-08-15,u_059,20260815_u_059,feature_click,文案生成,v1,desktop
2026-08-15,u_061,20260815_u_061,page_view,智能问答,v2,desktop
2026-08-15,u_061,20260815_u_061,prompt_submit,智能问答,v2,desktop
2026-08-15,u_061,20260815_u_061,generation_success,智能问答,v2,desktop
2026-08-15,u_061,20260815_u_061,result_adopt,智能问答,v2,desktop
2026-08-15,u_061,20260815_u_061,feature_click,智能问答,v2,desktop
2026-08-15,u_062,20260815_u_062,page_view,文案生成,v1,web
2026-08-15,u_063,20260815_u_063,page_view,文案生成,v1,desktop
2026-08-15,u_065,20260815_u_065,page_view,表格分析,v1,desktop
2026-08-15,u_065,20260815_u_065,prompt_submit,表格分析,v1,desktop
2026-08-15,u_065,20260815_u_065,generation_success,表格分析,v1,desktop
2026-08-15,u_067,20260815_u_067,page_view,文案生成,v2,web
2026-08-15,u_070,20260815_u_070,page_view,文案生成,v2,web
2026-08-15,u_070,20260815_u_070,prompt_submit,文案生成,v2,web
2026-08-15,u_070,20260815_u_070,generation_success,文案生成,v2,web
2026-08-15,u_070,20260815_u_070,result_adopt,文案生成,v2,web
2026-08-15,u_071,20260815_u_071,page_view,表格分析,v2,web
2026-08-15,u_071,20260815_u_071,prompt_submit,表格分析,v2,web
2026-08-15,u_071,20260815_u_071,generation_success,表格分析,v2,web
2026-08-15,u_071,20260815_u_071,feature_click,表格分析,v2,web
2026-08-15,u_072,20260815_u_072,page_view,表格分析,v2,web
2026-08-15,u_072,20260815_u_072,prompt_submit,表格分析,v2,web
2026-08-15,u_072,20260815_u_072,generation_success,表格分析,v2,web
2026-08-15,u_072,20260815_u_072,result_adopt,表格分析,v2,web
2026-08-15,u_072,20260815_u_072,feature_click,表格分析,v2,web
2026-08-15,u_074,20260815_u_074,page_view,文案生成,v1,web
2026-08-15,u_074,20260815_u_074,prompt_submit,文案生成,v1,web
2026-08-15,u_074,20260815_u_074,generation_success,文案生成,v1,web
2026-08-15,u_074,20260815_u_074,result_adopt,文案生成,v1,web
2026-08-15,u_074,20260815_u_074,feature_click,文案生成,v1,web
2026-08-15,u_076,20260815_u_076,page_view,智能问答,v1,desktop
2026-08-15,u_076,20260815_u_076,prompt_submit,智能问答,v1,desktop
2026-08-15,u_076,20260815_u_076,generation_success,智能问答,v1,desktop
2026-08-15,u_076,20260815_u_076,feature_click,智能问答,v1,desktop
2026-08-15,u_078,20260815_u_078,page_view,智能问答,v1,web
2026-08-15,u_078,20260815_u_078,prompt_submit,智能问答,v1,web
2026-08-15,u_078,20260815_u_078,generation_success,智能问答,v1,web
2026-08-15,u_078,20260815_u_078,result_adopt,智能问答,v1,web
2026-08-15,u_079,20260815_u_079,page_view,智能问答,v1,web
2026-08-15,u_079,20260815_u_079,prompt_submit,智能问答,v1,web
2026-08-15,u_079,20260815_u_079,generation_success,智能问答,v1,web
2026-08-15,u_080,20260815_u_080,page_view,表格分析,v1,desktop
2026-08-15,u_080,20260815_u_080,prompt_submit,表格分析,v1,desktop
2026-08-15,u_080,20260815_u_080,generation_success,表格分析,v1,desktop
2026-08-15,u_080,20260815_u_080,result_adopt,表格分析,v1,desktop
2026-08-15,u_080,20260815_u_080,feature_click,表格分析,v1,desktop
2026-08-15,u_081,20260815_u_081,page_view,文案生成,v1,web
2026-08-15,u_081,20260815_u_081,prompt_submit,文案生成,v1,web
2026-08-15,u_082,20260815_u_082,page_view,文案生成,v2,desktop
2026-08-15,u_082,20260815_u_082,prompt_submit,文案生成,v2,desktop
2026-08-15,u_082,20260815_u_082,generation_success,文案生成,v2,desktop
2026-08-15,u_083,20260815_u_083,page_view,智能问答,v1,desktop
2026-08-15,u_083,20260815_u_083,prompt_submit,智能问答,v1,desktop
2026-08-15,u_083,20260815_u_083,generation_success,智能问答,v1,desktop
2026-08-15,u_083,20260815_u_083,result_adopt,智能问答,v1,desktop
2026-08-15,u_083,20260815_u_083,feature_click,智能问答,v1,desktop
2026-08-15,u_084,20260815_u_084,page_view,智能问答,v1,desktop
2026-08-15,u_084,20260815_u_084,prompt_submit,智能问答,v1,desktop
2026-08-15,u_084,20260815_u_084,generation_success,智能问答,v1,desktop
2026-08-15,u_084,20260815_u_084,result_adopt,智能问答,v1,desktop
2026-08-15,u_086,20260815_u_086,page_view,文案生成,v1,desktop
2026-08-15,u_086,20260815_u_086,prompt_submit,文案生成,v1,desktop
2026-08-15,u_086,20260815_u_086,generation_success,文案生成,v1,desktop
2026-08-15,u_086,20260815_u_086,result_adopt,文案生成,v1,desktop
2026-08-15,u_088,20260815_u_088,page_view,表格分析,v2,desktop
2026-08-15,u_088,20260815_u_088,prompt_submit,表格分析,v2,desktop
2026-08-15,u_088,20260815_u_088,generation_success,表格分析,v2,desktop
2026-08-15,u_090,20260815_u_090,page_view,文案生成,v2,desktop
2026-08-15,u_090,20260815_u_090,prompt_submit,文案生成,v2,desktop
2026-08-15,u_090,20260815_u_090,generation_success,文案生成,v2,desktop
2026-08-15,u_090,20260815_u_090,result_adopt,文案生成,v2,desktop
2026-08-15,u_092,20260815_u_092,page_view,智能问答,v2,web
2026-08-15,u_092,20260815_u_092,prompt_submit,智能问答,v2,web
2026-08-15,u_093,20260815_u_093,page_view,文案生成,v1,desktop
2026-08-15,u_093,20260815_u_093,prompt_submit,文案生成,v1,desktop
2026-08-15,u_093,20260815_u_093,generation_success,文案生成,v1,desktop
2026-08-15,u_094,20260815_u_094,page_view,表格分析,v1,desktop
2026-08-15,u_094,20260815_u_094,prompt_submit,表格分析,v1,desktop
2026-08-15,u_094,20260815_u_094,generation_success,表格分析,v1,desktop
2026-08-15,u_097,20260815_u_097,page_view,文案生成,v2,desktop
2026-08-15,u_097,20260815_u_097,prompt_submit,文案生成,v2,desktop
2026-08-15,u_097,20260815_u_097,generation_success,文案生成,v2,desktop
2026-08-15,u_098,20260815_u_098,page_view,文案生成,v2,web
2026-08-15,u_098,20260815_u_098,prompt_submit,文案生成,v2,web
2026-08-15,u_098,20260815_u_098,generation_success,文案生成,v2,web
2026-08-15,u_098,20260815_u_098,result_adopt,文案生成,v2,web
2026-08-15,u_098,20260815_u_098,feature_click,文案生成,v2,web
2026-08-15,u_099,20260815_u_099,page_view,文案生成,v2,web
2026-08-15,u_099,20260815_u_099,prompt_submit,文案生成,v2,web
2026-08-15,u_099,20260815_u_099,generation_success,文案生成,v2,web
2026-08-15,u_100,20260815_u_100,page_view,表格分析,v1,web
2026-08-15,u_101,20260815_u_101,page_view,文案生成,v2,web
2026-08-15,u_102,20260815_u_102,page_view,文案生成,v2,desktop
2026-08-15,u_102,20260815_u_102,prompt_submit,文案生成,v2,desktop
2026-08-15,u_102,20260815_u_102,generation_success,文案生成,v2,desktop
2026-08-15,u_102,20260815_u_102,result_adopt,文案生成,v2,desktop
2026-08-15,u_102,20260815_u_102,feature_click,文案生成,v2,desktop
2026-08-15,u_103,20260815_u_103,page_view,文案生成,v1,web
2026-08-15,u_103,20260815_u_103,prompt_submit,文案生成,v1,web
2026-08-15,u_103,20260815_u_103,generation_success,文案生成,v1,web
2026-08-15,u_103,20260815_u_103,result_adopt,文案生成,v1,web
2026-08-15,u_104,20260815_u_104,page_view,文案生成,v1,web
2026-08-15,u_105,20260815_u_105,page_view,表格分析,v1,desktop
2026-08-15,u_105,20260815_u_105,prompt_submit,表格分析,v1,desktop
2026-08-15,u_105,20260815_u_105,generation_success,表格分析,v1,desktop
2026-08-15,u_106,20260815_u_106,page_view,表格分析,v1,desktop
2026-08-15,u_106,20260815_u_106,prompt_submit,表格分析,v1,desktop
2026-08-15,u_106,20260815_u_106,generation_success,表格分析,v1,desktop
2026-08-15,u_106,20260815_u_106,result_adopt,表格分析,v1,desktop
2026-08-15,u_106,20260815_u_106,feature_click,表格分析,v1,desktop
2026-08-15,u_107,20260815_u_107,page_view,表格分析,v1,desktop
2026-08-15,u_107,20260815_u_107,prompt_submit,表格分析,v1,desktop
2026-08-15,u_107,20260815_u_107,generation_success,表格分析,v1,desktop
2026-08-15,u_108,20260815_u_108,page_view,表格分析,v2,desktop
2026-08-15,u_110,20260815_u_110,page_view,智能问答,v2,web
2026-08-15,u_110,20260815_u_110,prompt_submit,智能问答,v2,web
2026-08-15,u_110,20260815_u_110,generation_success,智能问答,v2,web
2026-08-15,u_110,20260815_u_110,result_adopt,智能问答,v2,web
2026-08-15,u_111,20260815_u_111,page_view,文案生成,v1,desktop
2026-08-15,u_111,20260815_u_111,prompt_submit,文案生成,v1,desktop
2026-08-15,u_111,20260815_u_111,generation_success,文案生成,v1,desktop
2026-08-15,u_111,20260815_u_111,result_adopt,文案生成,v1,desktop
2026-08-15,u_112,20260815_u_112,page_view,文案生成,v1,desktop
2026-08-15,u_112,20260815_u_112,prompt_submit,文案生成,v1,desktop
2026-08-15,u_113,20260815_u_113,page_view,智能问答,v2,desktop
2026-08-15,u_115,20260815_u_115,page_view,智能问答,v1,desktop
2026-08-15,u_116,20260815_u_116,page_view,文案生成,v1,desktop
2026-08-15,u_117,20260815_u_117,page_view,表格分析,v1,web
2026-08-15,u_117,20260815_u_117,prompt_submit,表格分析,v1,web
2026-08-15,u_117,20260815_u_117,generation_success,表格分析,v1,web
2026-08-15,u_117,20260815_u_117,result_adopt,表格分析,v1,web
2026-08-15,u_117,20260815_u_117,feature_click,表格分析,v1,web
2026-08-15,u_121,20260815_u_121,page_view,文案生成,v2,web
2026-08-15,u_121,20260815_u_121,prompt_submit,文案生成,v2,web
2026-08-15,u_121,20260815_u_121,generation_success,文案生成,v2,web
2026-08-15,u_121,20260815_u_121,result_adopt,文案生成,v2,web
2026-08-15,u_122,20260815_u_122,page_view,文案生成,v1,web
2026-08-15,u_122,20260815_u_122,prompt_submit,文案生成,v1,web
2026-08-15,u_122,20260815_u_122,generation_success,文案生成,v1,web
2026-08-15,u_122,20260815_u_122,result_adopt,文案生成,v1,web
2026-08-15,u_122,20260815_u_122,feature_click,文案生成,v1,web
2026-08-15,u_123,20260815_u_123,page_view,表格分析,v2,desktop
2026-08-15,u_123,20260815_u_123,prompt_submit,表格分析,v2,desktop
2026-08-15,u_123,20260815_u_123,generation_success,表格分析,v2,desktop
2026-08-15,u_123,20260815_u_123,feature_click,表格分析,v2,desktop
2026-08-15,u_124,20260815_u_124,page_view,表格分析,v2,web
2026-08-15,u_124,20260815_u_124,prompt_submit,表格分析,v2,web
2026-08-15,u_124,20260815_u_124,generation_success,表格分析,v2,web
2026-08-15,u_124,20260815_u_124,result_adopt,表格分析,v2,web
2026-08-15,u_124,20260815_u_124,feature_click,表格分析,v2,web
2026-08-15,u_128,20260815_u_128,page_view,表格分析,v1,desktop
2026-08-15,u_128,20260815_u_128,prompt_submit,表格分析,v1,desktop
2026-08-15,u_128,20260815_u_128,generation_success,表格分析,v1,desktop
2026-08-15,u_128,20260815_u_128,feature_click,表格分析,v1,desktop
2026-08-15,u_129,20260815_u_129,page_view,文案生成,v2,web
2026-08-15,u_130,20260815_u_130,page_view,智能问答,v1,desktop
2026-08-15,u_131,20260815_u_131,page_view,智能问答,v2,web
2026-08-15,u_134,20260815_u_134,page_view,表格分析,v1,desktop
2026-08-15,u_135,20260815_u_135,page_view,文案生成,v1,web
2026-08-15,u_135,20260815_u_135,prompt_submit,文案生成,v1,web
2026-08-15,u_135,20260815_u_135,generation_success,文案生成,v1,web
2026-08-15,u_135,20260815_u_135,feature_click,文案生成,v1,web
2026-08-15,u_136,20260815_u_136,page_view,文案生成,v2,web
2026-08-15,u_136,20260815_u_136,prompt_submit,文案生成,v2,web
2026-08-15,u_136,20260815_u_136,generation_success,文案生成,v2,web
2026-08-15,u_136,20260815_u_136,feature_click,文案生成,v2,web
2026-08-15,u_137,20260815_u_137,page_view,表格分析,v1,web
2026-08-15,u_137,20260815_u_137,prompt_submit,表格分析,v1,web
2026-08-15,u_137,20260815_u_137,generation_success,表格分析,v1,web
2026-08-15,u_138,20260815_u_138,page_view,智能问答,v2,desktop
2026-08-15,u_139,20260815_u_139,page_view,表格分析,v1,desktop
2026-08-15,u_139,20260815_u_139,prompt_submit,表格分析,v1,desktop
2026-08-15,u_139,20260815_u_139,generation_success,表格分析,v1,desktop
2026-08-15,u_139,20260815_u_139,result_adopt,表格分析,v1,desktop
2026-08-15,u_140,20260815_u_140,page_view,表格分析,v1,web
2026-08-15,u_140,20260815_u_140,prompt_submit,表格分析,v1,web
2026-08-15,u_140,20260815_u_140,generation_success,表格分析,v1,web
2026-08-15,u_140,20260815_u_140,result_adopt,表格分析,v1,web
2026-08-15,u_140,20260815_u_140,feature_click,表格分析,v1,web
2026-08-15,u_142,20260815_u_142,page_view,智能问答,v1,web
2026-08-15,u_142,20260815_u_142,prompt_submit,智能问答,v1,web
2026-08-15,u_142,20260815_u_142,generation_success,智能问答,v1,web
2026-08-15,u_142,20260815_u_142,result_adopt,智能问答,v1,web
2026-08-15,u_143,20260815_u_143,page_view,文案生成,v1,desktop
2026-08-15,u_143,20260815_u_143,prompt_submit,文案生成,v1,desktop
2026-08-15,u_143,20260815_u_143,generation_success,文案生成,v1,desktop
2026-08-15,u_143,20260815_u_143,feature_click,文案生成,v1,desktop
2026-08-15,u_146,20260815_u_146,page_view,智能问答,v2,desktop
2026-08-15,u_146,20260815_u_146,prompt_submit,智能问答,v2,desktop
2026-08-15,u_146,20260815_u_146,generation_success,智能问答,v2,desktop
2026-08-15,u_146,20260815_u_146,result_adopt,智能问答,v2,desktop
2026-08-15,u_146,20260815_u_146,feature_click,智能问答,v2,desktop
2026-08-15,u_151,20260815_u_151,page_view,表格分析,v1,web
2026-08-15,u_151,20260815_u_151,prompt_submit,表格分析,v1,web
2026-08-15,u_151,20260815_u_151,generation_success,表格分析,v1,web
2026-08-15,u_151,20260815_u_151,result_adopt,表格分析,v1,web
2026-08-15,u_152,20260815_u_152,page_view,智能问答,v2,desktop
2026-08-15,u_153,20260815_u_153,page_view,表格分析,v1,desktop
2026-08-15,u_153,20260815_u_153,prompt_submit,表格分析,v1,desktop
2026-08-15,u_153,20260815_u_153,generation_success,表格分析,v1,desktop
2026-08-15,u_153,20260815_u_153,feature_click,表格分析,v1,desktop
2026-08-15,u_154,20260815_u_154,page_view,表格分析,v2,desktop
2026-08-15,u_154,20260815_u_154,prompt_submit,表格分析,v2,desktop
2026-08-15,u_154,20260815_u_154,generation_success,表格分析,v2,desktop
2026-08-15,u_157,20260815_u_157,page_view,表格分析,v2,web
2026-08-15,u_159,20260815_u_159,page_view,文案生成,v1,desktop
2026-08-15,u_159,20260815_u_159,prompt_submit,文案生成,v1,desktop
2026-08-15,u_159,20260815_u_159,generation_success,文案生成,v1,desktop
2026-08-15,u_159,20260815_u_159,result_adopt,文案生成,v1,desktop
2026-08-15,u_159,20260815_u_159,feature_click,文案生成,v1,desktop
2026-08-15,u_160,20260815_u_160,page_view,智能问答,v2,desktop
2026-08-15,u_160,20260815_u_160,prompt_submit,智能问答,v2,desktop
2026-08-15,u_160,20260815_u_160,generation_success,智能问答,v2,desktop
2026-08-15,u_160,20260815_u_160,feature_click,智能问答,v2,desktop
2026-08-15,u_161,20260815_u_161,page_view,表格分析,v2,desktop
2026-08-15,u_161,20260815_u_161,prompt_submit,表格分析,v2,desktop
2026-08-15,u_161,20260815_u_161,generation_success,表格分析,v2,desktop
2026-08-15,u_163,20260815_u_163,page_view,表格分析,v1,web
2026-08-15,u_163,20260815_u_163,prompt_submit,表格分析,v1,web
2026-08-15,u_163,20260815_u_163,generation_success,表格分析,v1,web
2026-08-15,u_163,20260815_u_163,feature_click,表格分析,v1,web
2026-08-15,u_171,20260815_u_171,page_view,文案生成,v2,web
2026-08-15,u_172,20260815_u_172,page_view,文案生成,v1,web
2026-08-15,u_172,20260815_u_172,prompt_submit,文案生成,v1,web
2026-08-15,u_172,20260815_u_172,generation_success,文案生成,v1,web
2026-08-15,u_172,20260815_u_172,result_adopt,文案生成,v1,web
2026-08-15,u_173,20260815_u_173,page_view,智能问答,v2,web
2026-08-15,u_173,20260815_u_173,prompt_submit,智能问答,v2,web
2026-08-15,u_173,20260815_u_173,generation_success,智能问答,v2,web
2026-08-15,u_173,20260815_u_173,result_adopt,智能问答,v2,web
2026-08-16,u_001,20260816_u_001,page_view,文案生成,v1,web
2026-08-16,u_001,20260816_u_001,prompt_submit,文案生成,v1,web
2026-08-16,u_001,20260816_u_001,generation_success,文案生成,v1,web
2026-08-16,u_001,20260816_u_001,result_adopt,文案生成,v1,web
2026-08-16,u_001,20260816_u_001,feature_click,文案生成,v1,web
2026-08-16,u_002,20260816_u_002,page_view,表格分析,v2,desktop
2026-08-16,u_002,20260816_u_002,prompt_submit,表格分析,v2,desktop
2026-08-16,u_002,20260816_u_002,generation_success,表格分析,v2,desktop
2026-08-16,u_002,20260816_u_002,feature_click,表格分析,v2,desktop
2026-08-16,u_004,20260816_u_004,page_view,表格分析,v1,web
2026-08-16,u_006,20260816_u_006,page_view,智能问答,v2,web
2026-08-16,u_006,20260816_u_006,prompt_submit,智能问答,v2,web
2026-08-16,u_006,20260816_u_006,generation_success,智能问答,v2,web
2026-08-16,u_006,20260816_u_006,feature_click,智能问答,v2,web
2026-08-16,u_007,20260816_u_007,page_view,文案生成,v1,desktop
2026-08-16,u_007,20260816_u_007,prompt_submit,文案生成,v1,desktop
2026-08-16,u_007,20260816_u_007,generation_success,文案生成,v1,desktop
2026-08-16,u_007,20260816_u_007,result_adopt,文案生成,v1,desktop
2026-08-16,u_007,20260816_u_007,feature_click,文案生成,v1,desktop
2026-08-16,u_010,20260816_u_010,page_view,文案生成,v2,web
2026-08-16,u_010,20260816_u_010,prompt_submit,文案生成,v2,web
2026-08-16,u_011,20260816_u_011,page_view,智能问答,v2,desktop
2026-08-16,u_011,20260816_u_011,prompt_submit,智能问答,v2,desktop
2026-08-16,u_012,20260816_u_012,page_view,文案生成,v2,web
2026-08-16,u_012,20260816_u_012,prompt_submit,文案生成,v2,web
2026-08-16,u_012,20260816_u_012,generation_success,文案生成,v2,web
2026-08-16,u_012,20260816_u_012,result_adopt,文案生成,v2,web
2026-08-16,u_014,20260816_u_014,page_view,文案生成,v1,desktop
2026-08-16,u_014,20260816_u_014,prompt_submit,文案生成,v1,desktop
2026-08-16,u_014,20260816_u_014,generation_success,文案生成,v1,desktop
2026-08-16,u_014,20260816_u_014,result_adopt,文案生成,v1,desktop
2026-08-16,u_014,20260816_u_014,feature_click,文案生成,v1,desktop
2026-08-16,u_017,20260816_u_017,page_view,文案生成,v2,desktop
2026-08-16,u_017,20260816_u_017,prompt_submit,文案生成,v2,desktop
2026-08-16,u_017,20260816_u_017,generation_success,文案生成,v2,desktop
2026-08-16,u_017,20260816_u_017,result_adopt,文案生成,v2,desktop
2026-08-16,u_019,20260816_u_019,page_view,文案生成,v2,web
2026-08-16,u_019,20260816_u_019,prompt_submit,文案生成,v2,web
2026-08-16,u_019,20260816_u_019,generation_success,文案生成,v2,web
2026-08-16,u_020,20260816_u_020,page_view,文案生成,v1,web
2026-08-16,u_022,20260816_u_022,page_view,文案生成,v2,desktop
2026-08-16,u_022,20260816_u_022,prompt_submit,文案生成,v2,desktop
2026-08-16,u_022,20260816_u_022,generation_success,文案生成,v2,desktop
2026-08-16,u_022,20260816_u_022,result_adopt,文案生成,v2,desktop
2026-08-16,u_022,20260816_u_022,feature_click,文案生成,v2,desktop
2026-08-16,u_024,20260816_u_024,page_view,智能问答,v2,web
2026-08-16,u_024,20260816_u_024,prompt_submit,智能问答,v2,web
2026-08-16,u_024,20260816_u_024,generation_success,智能问答,v2,web
2026-08-16,u_024,20260816_u_024,result_adopt,智能问答,v2,web
2026-08-16,u_026,20260816_u_026,page_view,表格分析,v2,web
2026-08-16,u_026,20260816_u_026,prompt_submit,表格分析,v2,web
2026-08-16,u_026,20260816_u_026,generation_success,表格分析,v2,web
2026-08-16,u_026,20260816_u_026,result_adopt,表格分析,v2,web
2026-08-16,u_026,20260816_u_026,feature_click,表格分析,v2,web
2026-08-16,u_027,20260816_u_027,page_view,智能问答,v2,web
2026-08-16,u_027,20260816_u_027,prompt_submit,智能问答,v2,web
2026-08-16,u_027,20260816_u_027,generation_success,智能问答,v2,web
2026-08-16,u_027,20260816_u_027,result_adopt,智能问答,v2,web
2026-08-16,u_027,20260816_u_027,feature_click,智能问答,v2,web
2026-08-16,u_028,20260816_u_028,page_view,智能问答,v2,desktop
2026-08-16,u_028,20260816_u_028,prompt_submit,智能问答,v2,desktop
2026-08-16,u_028,20260816_u_028,generation_success,智能问答,v2,desktop
2026-08-16,u_028,20260816_u_028,feature_click,智能问答,v2,desktop
2026-08-16,u_029,20260816_u_029,page_view,文案生成,v1,web
2026-08-16,u_030,20260816_u_030,page_view,文案生成,v2,web
2026-08-16,u_030,20260816_u_030,prompt_submit,文案生成,v2,web
2026-08-16,u_030,20260816_u_030,generation_success,文案生成,v2,web
2026-08-16,u_030,20260816_u_030,result_adopt,文案生成,v2,web
2026-08-16,u_030,20260816_u_030,feature_click,文案生成,v2,web
2026-08-16,u_031,20260816_u_031,page_view,智能问答,v1,desktop
2026-08-16,u_031,20260816_u_031,prompt_submit,智能问答,v1,desktop
2026-08-16,u_031,20260816_u_031,generation_success,智能问答,v1,desktop
2026-08-16,u_032,20260816_u_032,page_view,表格分析,v1,web
2026-08-16,u_032,20260816_u_032,prompt_submit,表格分析,v1,web
2026-08-16,u_032,20260816_u_032,generation_success,表格分析,v1,web
2026-08-16,u_032,20260816_u_032,feature_click,表格分析,v1,web
2026-08-16,u_035,20260816_u_035,page_view,智能问答,v1,desktop
2026-08-16,u_035,20260816_u_035,prompt_submit,智能问答,v1,desktop
2026-08-16,u_035,20260816_u_035,generation_success,智能问答,v1,desktop
2026-08-16,u_037,20260816_u_037,page_view,智能问答,v1,desktop
2026-08-16,u_037,20260816_u_037,prompt_submit,智能问答,v1,desktop
2026-08-16,u_037,20260816_u_037,generation_success,智能问答,v1,desktop
2026-08-16,u_037,20260816_u_037,feature_click,智能问答,v1,desktop
2026-08-16,u_038,20260816_u_038,page_view,表格分析,v2,desktop
2026-08-16,u_038,20260816_u_038,prompt_submit,表格分析,v2,desktop
2026-08-16,u_039,20260816_u_039,page_view,智能问答,v2,web
2026-08-16,u_040,20260816_u_040,page_view,智能问答,v2,web
2026-08-16,u_040,20260816_u_040,prompt_submit,智能问答,v2,web
2026-08-16,u_040,20260816_u_040,generation_success,智能问答,v2,web
2026-08-16,u_043,20260816_u_043,page_view,智能问答,v1,desktop
2026-08-16,u_044,20260816_u_044,page_view,文案生成,v2,web
2026-08-16,u_045,20260816_u_045,page_view,智能问答,v2,web
2026-08-16,u_050,20260816_u_050,page_view,智能问答,v1,web
2026-08-16,u_050,20260816_u_050,prompt_submit,智能问答,v1,web
2026-08-16,u_050,20260816_u_050,generation_success,智能问答,v1,web
2026-08-16,u_053,20260816_u_053,page_view,文案生成,v1,desktop
2026-08-16,u_055,20260816_u_055,page_view,表格分析,v2,desktop
2026-08-16,u_056,20260816_u_056,page_view,文案生成,v2,desktop
2026-08-16,u_059,20260816_u_059,page_view,文案生成,v2,desktop
2026-08-16,u_062,20260816_u_062,page_view,智能问答,v2,desktop
2026-08-16,u_062,20260816_u_062,prompt_submit,智能问答,v2,desktop
2026-08-16,u_062,20260816_u_062,generation_success,智能问答,v2,desktop
2026-08-16,u_062,20260816_u_062,result_adopt,智能问答,v2,desktop
2026-08-16,u_063,20260816_u_063,page_view,表格分析,v2,web
2026-08-16,u_063,20260816_u_063,prompt_submit,表格分析,v2,web
2026-08-16,u_063,20260816_u_063,generation_success,表格分析,v2,web
2026-08-16,u_063,20260816_u_063,result_adopt,表格分析,v2,web
2026-08-16,u_064,20260816_u_064,page_view,表格分析,v1,desktop
2026-08-16,u_064,20260816_u_064,prompt_submit,表格分析,v1,desktop
2026-08-16,u_064,20260816_u_064,generation_success,表格分析,v1,desktop
2026-08-16,u_064,20260816_u_064,feature_click,表格分析,v1,desktop
2026-08-16,u_065,20260816_u_065,page_view,表格分析,v1,web
2026-08-16,u_065,20260816_u_065,prompt_submit,表格分析,v1,web
2026-08-16,u_065,20260816_u_065,generation_success,表格分析,v1,web
2026-08-16,u_065,20260816_u_065,result_adopt,表格分析,v1,web
2026-08-16,u_066,20260816_u_066,page_view,智能问答,v2,web
2026-08-16,u_067,20260816_u_067,page_view,文案生成,v1,desktop
2026-08-16,u_067,20260816_u_067,prompt_submit,文案生成,v1,desktop
2026-08-16,u_067,20260816_u_067,generation_success,文案生成,v1,desktop
2026-08-16,u_067,20260816_u_067,result_adopt,文案生成,v1,desktop
2026-08-16,u_067,20260816_u_067,feature_click,文案生成,v1,desktop
2026-08-16,u_070,20260816_u_070,page_view,文案生成,v1,web
2026-08-16,u_071,20260816_u_071,page_view,文案生成,v1,web
2026-08-16,u_071,20260816_u_071,prompt_submit,文案生成,v1,web
2026-08-16,u_071,20260816_u_071,generation_success,文案生成,v1,web
2026-08-16,u_072,20260816_u_072,page_view,文案生成,v1,web
2026-08-16,u_072,20260816_u_072,prompt_submit,文案生成,v1,web
2026-08-16,u_072,20260816_u_072,generation_success,文案生成,v1,web
2026-08-16,u_072,20260816_u_072,result_adopt,文案生成,v1,web
2026-08-16,u_072,20260816_u_072,feature_click,文案生成,v1,web
2026-08-16,u_074,20260816_u_074,page_view,文案生成,v1,web
2026-08-16,u_077,20260816_u_077,page_view,智能问答,v2,desktop
2026-08-16,u_077,20260816_u_077,prompt_submit,智能问答,v2,desktop
2026-08-16,u_077,20260816_u_077,generation_success,智能问答,v2,desktop
2026-08-16,u_077,20260816_u_077,result_adopt,智能问答,v2,desktop
2026-08-16,u_077,20260816_u_077,feature_click,智能问答,v2,desktop
2026-08-16,u_079,20260816_u_079,page_view,文案生成,v2,desktop
2026-08-16,u_079,20260816_u_079,prompt_submit,文案生成,v2,desktop
2026-08-16,u_079,20260816_u_079,generation_success,文案生成,v2,desktop
2026-08-16,u_079,20260816_u_079,result_adopt,文案生成,v2,desktop
2026-08-16,u_079,20260816_u_079,feature_click,文案生成,v2,desktop
2026-08-16,u_080,20260816_u_080,page_view,文案生成,v2,desktop
2026-08-16,u_080,20260816_u_080,prompt_submit,文案生成,v2,desktop
2026-08-16,u_080,20260816_u_080,generation_success,文案生成,v2,desktop
2026-08-16,u_080,20260816_u_080,feature_click,文案生成,v2,desktop
2026-08-16,u_082,20260816_u_082,page_view,文案生成,v1,web
2026-08-16,u_082,20260816_u_082,prompt_submit,文案生成,v1,web
2026-08-16,u_082,20260816_u_082,generation_success,文案生成,v1,web
2026-08-16,u_082,20260816_u_082,result_adopt,文案生成,v1,web
2026-08-16,u_082,20260816_u_082,feature_click,文案生成,v1,web
2026-08-16,u_083,20260816_u_083,page_view,表格分析,v1,web
2026-08-16,u_083,20260816_u_083,prompt_submit,表格分析,v1,web
2026-08-16,u_083,20260816_u_083,generation_success,表格分析,v1,web
2026-08-16,u_083,20260816_u_083,result_adopt,表格分析,v1,web
2026-08-16,u_083,20260816_u_083,feature_click,表格分析,v1,web
2026-08-16,u_084,20260816_u_084,page_view,智能问答,v1,web
2026-08-16,u_086,20260816_u_086,page_view,文案生成,v2,web
2026-08-16,u_086,20260816_u_086,prompt_submit,文案生成,v2,web
2026-08-16,u_086,20260816_u_086,generation_success,文案生成,v2,web
2026-08-16,u_086,20260816_u_086,feature_click,文案生成,v2,web
2026-08-16,u_091,20260816_u_091,page_view,表格分析,v2,desktop
2026-08-16,u_091,20260816_u_091,prompt_submit,表格分析,v2,desktop
2026-08-16,u_091,20260816_u_091,generation_success,表格分析,v2,desktop
2026-08-16,u_091,20260816_u_091,result_adopt,表格分析,v2,desktop
2026-08-16,u_091,20260816_u_091,feature_click,表格分析,v2,desktop
2026-08-16,u_092,20260816_u_092,page_view,表格分析,v2,web
2026-08-16,u_092,20260816_u_092,prompt_submit,表格分析,v2,web
2026-08-16,u_092,20260816_u_092,generation_success,表格分析,v2,web
2026-08-16,u_092,20260816_u_092,result_adopt,表格分析,v2,web
2026-08-16,u_093,20260816_u_093,page_view,表格分析,v2,web
2026-08-16,u_099,20260816_u_099,page_view,表格分析,v2,web
2026-08-16,u_099,20260816_u_099,prompt_submit,表格分析,v2,web
2026-08-16,u_099,20260816_u_099,generation_success,表格分析,v2,web
2026-08-16,u_099,20260816_u_099,result_adopt,表格分析,v2,web
2026-08-16,u_099,20260816_u_099,feature_click,表格分析,v2,web
2026-08-16,u_100,20260816_u_100,page_view,智能问答,v1,desktop
2026-08-16,u_100,20260816_u_100,prompt_submit,智能问答,v1,desktop
2026-08-16,u_100,20260816_u_100,generation_success,智能问答,v1,desktop
2026-08-16,u_100,20260816_u_100,feature_click,智能问答,v1,desktop
2026-08-16,u_102,20260816_u_102,page_view,智能问答,v1,web
2026-08-16,u_102,20260816_u_102,prompt_submit,智能问答,v1,web
2026-08-16,u_102,20260816_u_102,generation_success,智能问答,v1,web
2026-08-16,u_102,20260816_u_102,result_adopt,智能问答,v1,web
2026-08-16,u_103,20260816_u_103,page_view,文案生成,v1,web
2026-08-16,u_103,20260816_u_103,prompt_submit,文案生成,v1,web
2026-08-16,u_103,20260816_u_103,generation_success,文案生成,v1,web
2026-08-16,u_103,20260816_u_103,result_adopt,文案生成,v1,web
2026-08-16,u_103,20260816_u_103,feature_click,文案生成,v1,web
2026-08-16,u_104,20260816_u_104,page_view,文案生成,v1,web
2026-08-16,u_105,20260816_u_105,page_view,智能问答,v1,desktop
2026-08-16,u_105,20260816_u_105,prompt_submit,智能问答,v1,desktop
2026-08-16,u_105,20260816_u_105,generation_success,智能问答,v1,desktop
2026-08-16,u_105,20260816_u_105,feature_click,智能问答,v1,desktop
2026-08-16,u_106,20260816_u_106,page_view,表格分析,v1,web
2026-08-16,u_106,20260816_u_106,prompt_submit,表格分析,v1,web
2026-08-16,u_107,20260816_u_107,page_view,智能问答,v1,web
2026-08-16,u_108,20260816_u_108,page_view,文案生成,v1,desktop
2026-08-16,u_108,20260816_u_108,prompt_submit,文案生成,v1,desktop
2026-08-16,u_108,20260816_u_108,generation_success,文案生成,v1,desktop
2026-08-16,u_108,20260816_u_108,result_adopt,文案生成,v1,desktop
2026-08-16,u_108,20260816_u_108,feature_click,文案生成,v1,desktop
2026-08-16,u_109,20260816_u_109,page_view,文案生成,v2,desktop
2026-08-16,u_109,20260816_u_109,prompt_submit,文案生成,v2,desktop
2026-08-16,u_109,20260816_u_109,generation_success,文案生成,v2,desktop
2026-08-16,u_109,20260816_u_109,feature_click,文案生成,v2,desktop
2026-08-16,u_110,20260816_u_110,page_view,表格分析,v2,desktop
2026-08-16,u_110,20260816_u_110,prompt_submit,表格分析,v2,desktop
2026-08-16,u_110,20260816_u_110,generation_success,表格分析,v2,desktop
2026-08-16,u_111,20260816_u_111,page_view,文案生成,v2,desktop
2026-08-16,u_111,20260816_u_111,prompt_submit,文案生成,v2,desktop
2026-08-16,u_111,20260816_u_111,generation_success,文案生成,v2,desktop
2026-08-16,u_111,20260816_u_111,feature_click,文案生成,v2,desktop
2026-08-16,u_112,20260816_u_112,page_view,文案生成,v1,web
2026-08-16,u_112,20260816_u_112,prompt_submit,文案生成,v1,web
2026-08-16,u_113,20260816_u_113,page_view,表格分析,v1,web
2026-08-16,u_113,20260816_u_113,prompt_submit,表格分析,v1,web
2026-08-16,u_113,20260816_u_113,generation_success,表格分析,v1,web
2026-08-16,u_113,20260816_u_113,result_adopt,表格分析,v1,web
2026-08-16,u_113,20260816_u_113,feature_click,表格分析,v1,web
2026-08-16,u_114,20260816_u_114,page_view,智能问答,v2,desktop
2026-08-16,u_114,20260816_u_114,prompt_submit,智能问答,v2,desktop
2026-08-16,u_114,20260816_u_114,generation_success,智能问答,v2,desktop
2026-08-16,u_115,20260816_u_115,page_view,文案生成,v1,web
2026-08-16,u_115,20260816_u_115,prompt_submit,文案生成,v1,web
2026-08-16,u_115,20260816_u_115,generation_success,文案生成,v1,web
2026-08-16,u_115,20260816_u_115,result_adopt,文案生成,v1,web
2026-08-16,u_117,20260816_u_117,page_view,表格分析,v2,web
2026-08-16,u_117,20260816_u_117,prompt_submit,表格分析,v2,web
2026-08-16,u_117,20260816_u_117,generation_success,表格分析,v2,web
2026-08-16,u_118,20260816_u_118,page_view,智能问答,v2,desktop
2026-08-16,u_118,20260816_u_118,prompt_submit,智能问答,v2,desktop
2026-08-16,u_119,20260816_u_119,page_view,文案生成,v1,web
2026-08-16,u_119,20260816_u_119,prompt_submit,文案生成,v1,web
2026-08-16,u_119,20260816_u_119,generation_success,文案生成,v1,web
2026-08-16,u_119,20260816_u_119,result_adopt,文案生成,v1,web
2026-08-16,u_119,20260816_u_119,feature_click,文案生成,v1,web
2026-08-16,u_121,20260816_u_121,page_view,智能问答,v1,desktop
2026-08-16,u_124,20260816_u_124,page_view,文案生成,v1,desktop
2026-08-16,u_125,20260816_u_125,page_view,智能问答,v1,web
2026-08-16,u_125,20260816_u_125,prompt_submit,智能问答,v1,web
2026-08-16,u_125,20260816_u_125,generation_success,智能问答,v1,web
2026-08-16,u_125,20260816_u_125,result_adopt,智能问答,v1,web
2026-08-16,u_125,20260816_u_125,feature_click,智能问答,v1,web
2026-08-16,u_127,20260816_u_127,page_view,智能问答,v2,web
2026-08-16,u_127,20260816_u_127,prompt_submit,智能问答,v2,web
2026-08-16,u_127,20260816_u_127,generation_success,智能问答,v2,web
2026-08-16,u_127,20260816_u_127,result_adopt,智能问答,v2,web
2026-08-16,u_127,20260816_u_127,feature_click,智能问答,v2,web
2026-08-16,u_128,20260816_u_128,page_view,智能问答,v2,desktop
2026-08-16,u_128,20260816_u_128,prompt_submit,智能问答,v2,desktop
2026-08-16,u_128,20260816_u_128,generation_success,智能问答,v2,desktop
2026-08-16,u_128,20260816_u_128,feature_click,智能问答,v2,desktop
2026-08-16,u_130,20260816_u_130,page_view,文案生成,v1,desktop
2026-08-16,u_130,20260816_u_130,prompt_submit,文案生成,v1,desktop
2026-08-16,u_130,20260816_u_130,generation_success,文案生成,v1,desktop
2026-08-16,u_130,20260816_u_130,feature_click,文案生成,v1,desktop
2026-08-16,u_132,20260816_u_132,page_view,智能问答,v1,web
2026-08-16,u_133,20260816_u_133,page_view,智能问答,v2,web
2026-08-16,u_134,20260816_u_134,page_view,文案生成,v2,web
2026-08-16,u_134,20260816_u_134,prompt_submit,文案生成,v2,web
2026-08-16,u_134,20260816_u_134,generation_success,文案生成,v2,web
2026-08-16,u_134,20260816_u_134,result_adopt,文案生成,v2,web
2026-08-16,u_134,20260816_u_134,feature_click,文案生成,v2,web
2026-08-16,u_135,20260816_u_135,page_view,文案生成,v2,web
2026-08-16,u_135,20260816_u_135,prompt_submit,文案生成,v2,web
2026-08-16,u_135,20260816_u_135,generation_success,文案生成,v2,web
2026-08-16,u_139,20260816_u_139,page_view,表格分析,v2,web
2026-08-16,u_140,20260816_u_140,page_view,表格分析,v2,desktop
2026-08-16,u_140,20260816_u_140,prompt_submit,表格分析,v2,desktop
2026-08-16,u_140,20260816_u_140,generation_success,表格分析,v2,desktop
2026-08-16,u_140,20260816_u_140,result_adopt,表格分析,v2,desktop
2026-08-16,u_140,20260816_u_140,feature_click,表格分析,v2,desktop
2026-08-16,u_142,20260816_u_142,page_view,文案生成,v2,web
2026-08-16,u_143,20260816_u_143,page_view,智能问答,v2,web
2026-08-16,u_143,20260816_u_143,prompt_submit,智能问答,v2,web
2026-08-16,u_148,20260816_u_148,page_view,文案生成,v2,web
2026-08-16,u_149,20260816_u_149,page_view,智能问答,v2,desktop
2026-08-16,u_149,20260816_u_149,prompt_submit,智能问答,v2,desktop
2026-08-16,u_149,20260816_u_149,generation_success,智能问答,v2,desktop
2026-08-16,u_149,20260816_u_149,result_adopt,智能问答,v2,desktop
2026-08-16,u_149,20260816_u_149,feature_click,智能问答,v2,desktop
2026-08-16,u_156,20260816_u_156,page_view,表格分析,v1,web
2026-08-16,u_156,20260816_u_156,prompt_submit,表格分析,v1,web
2026-08-16,u_156,20260816_u_156,generation_success,表格分析,v1,web
2026-08-16,u_156,20260816_u_156,feature_click,表格分析,v1,web
2026-08-16,u_157,20260816_u_157,page_view,智能问答,v1,desktop
2026-08-16,u_158,20260816_u_158,page_view,文案生成,v2,desktop
2026-08-16,u_158,20260816_u_158,prompt_submit,文案生成,v2,desktop
2026-08-16,u_158,20260816_u_158,generation_success,文案生成,v2,desktop
2026-08-16,u_159,20260816_u_159,page_view,表格分析,v1,web
2026-08-16,u_159,20260816_u_159,prompt_submit,表格分析,v1,web
2026-08-16,u_160,20260816_u_160,page_view,表格分析,v1,desktop
2026-08-16,u_160,20260816_u_160,prompt_submit,表格分析,v1,desktop
2026-08-16,u_160,20260816_u_160,generation_success,表格分析,v1,desktop
2026-08-16,u_160,20260816_u_160,result_adopt,表格分析,v1,desktop
2026-08-16,u_162,20260816_u_162,page_view,表格分析,v1,web
2026-08-16,u_162,20260816_u_162,prompt_submit,表格分析,v1,web
2026-08-16,u_162,20260816_u_162,generation_success,表格分析,v1,web
2026-08-16,u_162,20260816_u_162,feature_click,表格分析,v1,web
2026-08-16,u_170,20260816_u_170,page_view,文案生成,v1,web
2026-08-16,u_172,20260816_u_172,page_view,智能问答,v2,web
2026-08-16,u_174,20260816_u_174,page_view,文案生成,v2,desktop
2026-08-16,u_174,20260816_u_174,prompt_submit,文案生成,v2,desktop
2026-08-16,u_174,20260816_u_174,generation_success,文案生成,v2,desktop
2026-08-16,u_174,20260816_u_174,feature_click,文案生成,v2,desktop
2026-08-16,u_175,20260816_u_175,page_view,智能问答,v2,desktop
2026-08-16,u_175,20260816_u_175,prompt_submit,智能问答,v2,desktop
2026-08-16,u_175,20260816_u_175,generation_success,智能问答,v2,desktop
2026-08-16,u_175,20260816_u_175,result_adopt,智能问答,v2,desktop
2026-08-16,u_177,20260816_u_177,page_view,智能问答,v2,web
2026-08-17,u_003,20260817_u_003,page_view,表格分析,v1,desktop
2026-08-17,u_003,20260817_u_003,prompt_submit,表格分析,v1,desktop
2026-08-17,u_003,20260817_u_003,generation_success,表格分析,v1,desktop
2026-08-17,u_003,20260817_u_003,result_adopt,表格分析,v1,desktop
2026-08-17,u_005,20260817_u_005,page_view,表格分析,v2,desktop
2026-08-17,u_005,20260817_u_005,prompt_submit,表格分析,v2,desktop
2026-08-17,u_005,20260817_u_005,generation_success,表格分析,v2,desktop
2026-08-17,u_006,20260817_u_006,page_view,智能问答,v1,desktop
2026-08-17,u_006,20260817_u_006,prompt_submit,智能问答,v1,desktop
2026-08-17,u_006,20260817_u_006,generation_success,智能问答,v1,desktop
2026-08-17,u_006,20260817_u_006,result_adopt,智能问答,v1,desktop
2026-08-17,u_006,20260817_u_006,feature_click,智能问答,v1,desktop
2026-08-17,u_009,20260817_u_009,page_view,表格分析,v2,desktop
2026-08-17,u_010,20260817_u_010,page_view,表格分析,v1,web
2026-08-17,u_010,20260817_u_010,prompt_submit,表格分析,v1,web
2026-08-17,u_010,20260817_u_010,generation_success,表格分析,v1,web
2026-08-17,u_013,20260817_u_013,page_view,文案生成,v1,desktop
2026-08-17,u_013,20260817_u_013,prompt_submit,文案生成,v1,desktop
2026-08-17,u_013,20260817_u_013,generation_success,文案生成,v1,desktop
2026-08-17,u_013,20260817_u_013,feature_click,文案生成,v1,desktop
2026-08-17,u_014,20260817_u_014,page_view,智能问答,v1,web
2026-08-17,u_014,20260817_u_014,prompt_submit,智能问答,v1,web
2026-08-17,u_014,20260817_u_014,generation_success,智能问答,v1,web
2026-08-17,u_014,20260817_u_014,result_adopt,智能问答,v1,web
2026-08-17,u_015,20260817_u_015,page_view,智能问答,v1,desktop
2026-08-17,u_015,20260817_u_015,prompt_submit,智能问答,v1,desktop
2026-08-17,u_015,20260817_u_015,generation_success,智能问答,v1,desktop
2026-08-17,u_015,20260817_u_015,result_adopt,智能问答,v1,desktop
2026-08-17,u_015,20260817_u_015,feature_click,智能问答,v1,desktop
2026-08-17,u_016,20260817_u_016,page_view,智能问答,v1,desktop
2026-08-17,u_018,20260817_u_018,page_view,表格分析,v1,web
2026-08-17,u_019,20260817_u_019,page_view,文案生成,v1,desktop
2026-08-17,u_020,20260817_u_020,page_view,表格分析,v2,web
2026-08-17,u_020,20260817_u_020,prompt_submit,表格分析,v2,web
2026-08-17,u_020,20260817_u_020,generation_success,表格分析,v2,web
2026-08-17,u_020,20260817_u_020,result_adopt,表格分析,v2,web
2026-08-17,u_020,20260817_u_020,feature_click,表格分析,v2,web
2026-08-17,u_022,20260817_u_022,page_view,表格分析,v2,desktop
2026-08-17,u_022,20260817_u_022,prompt_submit,表格分析,v2,desktop
2026-08-17,u_023,20260817_u_023,page_view,文案生成,v1,desktop
2026-08-17,u_023,20260817_u_023,prompt_submit,文案生成,v1,desktop
2026-08-17,u_023,20260817_u_023,generation_success,文案生成,v1,desktop
2026-08-17,u_023,20260817_u_023,result_adopt,文案生成,v1,desktop
2026-08-17,u_023,20260817_u_023,feature_click,文案生成,v1,desktop
2026-08-17,u_025,20260817_u_025,page_view,表格分析,v1,desktop
2026-08-17,u_026,20260817_u_026,page_view,表格分析,v2,desktop
2026-08-17,u_026,20260817_u_026,prompt_submit,表格分析,v2,desktop
2026-08-17,u_026,20260817_u_026,generation_success,表格分析,v2,desktop
2026-08-17,u_026,20260817_u_026,feature_click,表格分析,v2,desktop
2026-08-17,u_027,20260817_u_027,page_view,表格分析,v2,web
2026-08-17,u_027,20260817_u_027,prompt_submit,表格分析,v2,web
2026-08-17,u_027,20260817_u_027,generation_success,表格分析,v2,web
2026-08-17,u_027,20260817_u_027,result_adopt,表格分析,v2,web
2026-08-17,u_028,20260817_u_028,page_view,智能问答,v1,desktop
2026-08-17,u_031,20260817_u_031,page_view,表格分析,v1,desktop
2026-08-17,u_033,20260817_u_033,page_view,表格分析,v2,web
2026-08-17,u_034,20260817_u_034,page_view,智能问答,v1,desktop
2026-08-17,u_034,20260817_u_034,prompt_submit,智能问答,v1,desktop
2026-08-17,u_034,20260817_u_034,generation_success,智能问答,v1,desktop
2026-08-17,u_034,20260817_u_034,feature_click,智能问答,v1,desktop
2026-08-17,u_038,20260817_u_038,page_view,智能问答,v1,web
2026-08-17,u_038,20260817_u_038,prompt_submit,智能问答,v1,web
2026-08-17,u_038,20260817_u_038,generation_success,智能问答,v1,web
2026-08-17,u_038,20260817_u_038,result_adopt,智能问答,v1,web
2026-08-17,u_038,20260817_u_038,feature_click,智能问答,v1,web
2026-08-17,u_039,20260817_u_039,page_view,智能问答,v1,desktop
2026-08-17,u_039,20260817_u_039,prompt_submit,智能问答,v1,desktop
2026-08-17,u_039,20260817_u_039,generation_success,智能问答,v1,desktop
2026-08-17,u_040,20260817_u_040,page_view,文案生成,v1,desktop
2026-08-17,u_040,20260817_u_040,prompt_submit,文案生成,v1,desktop
2026-08-17,u_040,20260817_u_040,generation_success,文案生成,v1,desktop
2026-08-17,u_040,20260817_u_040,result_adopt,文案生成,v1,desktop
2026-08-17,u_042,20260817_u_042,page_view,表格分析,v2,web
2026-08-17,u_042,20260817_u_042,prompt_submit,表格分析,v2,web
2026-08-17,u_042,20260817_u_042,generation_success,表格分析,v2,web
2026-08-17,u_042,20260817_u_042,feature_click,表格分析,v2,web
2026-08-17,u_043,20260817_u_043,page_view,文案生成,v1,desktop
2026-08-17,u_044,20260817_u_044,page_view,文案生成,v1,web
2026-08-17,u_044,20260817_u_044,prompt_submit,文案生成,v1,web
2026-08-17,u_044,20260817_u_044,generation_success,文案生成,v1,web
2026-08-17,u_044,20260817_u_044,result_adopt,文案生成,v1,web
2026-08-17,u_045,20260817_u_045,page_view,智能问答,v2,web
2026-08-17,u_045,20260817_u_045,prompt_submit,智能问答,v2,web
2026-08-17,u_045,20260817_u_045,generation_success,智能问答,v2,web
2026-08-17,u_045,20260817_u_045,feature_click,智能问答,v2,web
2026-08-17,u_046,20260817_u_046,page_view,表格分析,v1,web
2026-08-17,u_046,20260817_u_046,prompt_submit,表格分析,v1,web
2026-08-17,u_046,20260817_u_046,generation_success,表格分析,v1,web
2026-08-17,u_046,20260817_u_046,feature_click,表格分析,v1,web
2026-08-17,u_047,20260817_u_047,page_view,智能问答,v1,desktop
2026-08-17,u_047,20260817_u_047,prompt_submit,智能问答,v1,desktop
2026-08-17,u_047,20260817_u_047,generation_success,智能问答,v1,desktop
2026-08-17,u_047,20260817_u_047,result_adopt,智能问答,v1,desktop
2026-08-17,u_047,20260817_u_047,feature_click,智能问答,v1,desktop
2026-08-17,u_048,20260817_u_048,page_view,文案生成,v1,web
2026-08-17,u_048,20260817_u_048,prompt_submit,文案生成,v1,web
2026-08-17,u_048,20260817_u_048,generation_success,文案生成,v1,web
2026-08-17,u_049,20260817_u_049,page_view,文案生成,v1,desktop
2026-08-17,u_049,20260817_u_049,prompt_submit,文案生成,v1,desktop
2026-08-17,u_058,20260817_u_058,page_view,文案生成,v2,desktop
2026-08-17,u_058,20260817_u_058,prompt_submit,文案生成,v2,desktop
2026-08-17,u_058,20260817_u_058,generation_success,文案生成,v2,desktop
2026-08-17,u_058,20260817_u_058,result_adopt,文案生成,v2,desktop
2026-08-17,u_062,20260817_u_062,page_view,智能问答,v2,web
2026-08-17,u_064,20260817_u_064,page_view,智能问答,v1,web
2026-08-17,u_064,20260817_u_064,prompt_submit,智能问答,v1,web
2026-08-17,u_064,20260817_u_064,generation_success,智能问答,v1,web
2026-08-17,u_064,20260817_u_064,feature_click,智能问答,v1,web
2026-08-17,u_065,20260817_u_065,page_view,表格分析,v1,web
2026-08-17,u_065,20260817_u_065,prompt_submit,表格分析,v1,web
2026-08-17,u_066,20260817_u_066,page_view,表格分析,v2,web
2026-08-17,u_066,20260817_u_066,prompt_submit,表格分析,v2,web
2026-08-17,u_066,20260817_u_066,generation_success,表格分析,v2,web
2026-08-17,u_067,20260817_u_067,page_view,智能问答,v1,web
2026-08-17,u_068,20260817_u_068,page_view,文案生成,v1,web
2026-08-17,u_068,20260817_u_068,prompt_submit,文案生成,v1,web
2026-08-17,u_068,20260817_u_068,generation_success,文案生成,v1,web
2026-08-17,u_068,20260817_u_068,result_adopt,文案生成,v1,web
2026-08-17,u_068,20260817_u_068,feature_click,文案生成,v1,web
2026-08-17,u_070,20260817_u_070,page_view,文案生成,v1,web
2026-08-17,u_070,20260817_u_070,prompt_submit,文案生成,v1,web
2026-08-17,u_070,20260817_u_070,generation_success,文案生成,v1,web
2026-08-17,u_070,20260817_u_070,result_adopt,文案生成,v1,web
2026-08-17,u_070,20260817_u_070,feature_click,文案生成,v1,web
2026-08-17,u_073,20260817_u_073,page_view,表格分析,v2,web
2026-08-17,u_073,20260817_u_073,prompt_submit,表格分析,v2,web
2026-08-17,u_074,20260817_u_074,page_view,表格分析,v1,desktop
2026-08-17,u_074,20260817_u_074,prompt_submit,表格分析,v1,desktop
2026-08-17,u_074,20260817_u_074,generation_success,表格分析,v1,desktop
2026-08-17,u_074,20260817_u_074,result_adopt,表格分析,v1,desktop
2026-08-17,u_075,20260817_u_075,page_view,文案生成,v2,web
2026-08-17,u_075,20260817_u_075,prompt_submit,文案生成,v2,web
2026-08-17,u_075,20260817_u_075,generation_success,文案生成,v2,web
2026-08-17,u_075,20260817_u_075,result_adopt,文案生成,v2,web
2026-08-17,u_076,20260817_u_076,page_view,表格分析,v2,desktop
2026-08-17,u_076,20260817_u_076,prompt_submit,表格分析,v2,desktop
2026-08-17,u_076,20260817_u_076,generation_success,表格分析,v2,desktop
2026-08-17,u_076,20260817_u_076,result_adopt,表格分析,v2,desktop
2026-08-17,u_076,20260817_u_076,feature_click,表格分析,v2,desktop
2026-08-17,u_080,20260817_u_080,page_view,文案生成,v1,web
2026-08-17,u_083,20260817_u_083,page_view,表格分析,v1,desktop
2026-08-17,u_083,20260817_u_083,prompt_submit,表格分析,v1,desktop
2026-08-17,u_083,20260817_u_083,generation_success,表格分析,v1,desktop
2026-08-17,u_083,20260817_u_083,result_adopt,表格分析,v1,desktop
2026-08-17,u_084,20260817_u_084,page_view,表格分析,v1,desktop
2026-08-17,u_086,20260817_u_086,page_view,智能问答,v1,desktop
2026-08-17,u_086,20260817_u_086,prompt_submit,智能问答,v1,desktop
2026-08-17,u_086,20260817_u_086,generation_success,智能问答,v1,desktop
2026-08-17,u_087,20260817_u_087,page_view,表格分析,v1,web
2026-08-17,u_088,20260817_u_088,page_view,表格分析,v1,desktop
2026-08-17,u_089,20260817_u_089,page_view,智能问答,v1,desktop
2026-08-17,u_089,20260817_u_089,prompt_submit,智能问答,v1,desktop
2026-08-17,u_089,20260817_u_089,generation_success,智能问答,v1,desktop
2026-08-17,u_089,20260817_u_089,feature_click,智能问答,v1,desktop
2026-08-17,u_093,20260817_u_093,page_view,表格分析,v2,desktop
2026-08-17,u_093,20260817_u_093,prompt_submit,表格分析,v2,desktop
2026-08-17,u_093,20260817_u_093,generation_success,表格分析,v2,desktop
2026-08-17,u_093,20260817_u_093,feature_click,表格分析,v2,desktop
2026-08-17,u_094,20260817_u_094,page_view,文案生成,v1,desktop
2026-08-17,u_094,20260817_u_094,prompt_submit,文案生成,v1,desktop
2026-08-17,u_094,20260817_u_094,generation_success,文案生成,v1,desktop
2026-08-17,u_094,20260817_u_094,result_adopt,文案生成,v1,desktop
2026-08-17,u_094,20260817_u_094,feature_click,文案生成,v1,desktop
2026-08-17,u_095,20260817_u_095,page_view,文案生成,v1,web
2026-08-17,u_095,20260817_u_095,prompt_submit,文案生成,v1,web
2026-08-17,u_095,20260817_u_095,generation_success,文案生成,v1,web
2026-08-17,u_096,20260817_u_096,page_view,表格分析,v2,web
2026-08-17,u_096,20260817_u_096,prompt_submit,表格分析,v2,web
2026-08-17,u_096,20260817_u_096,generation_success,表格分析,v2,web
2026-08-17,u_096,20260817_u_096,feature_click,表格分析,v2,web
2026-08-17,u_100,20260817_u_100,page_view,文案生成,v1,web
2026-08-17,u_100,20260817_u_100,prompt_submit,文案生成,v1,web
2026-08-17,u_100,20260817_u_100,generation_success,文案生成,v1,web
2026-08-17,u_100,20260817_u_100,result_adopt,文案生成,v1,web
2026-08-17,u_101,20260817_u_101,page_view,文案生成,v2,desktop
2026-08-17,u_101,20260817_u_101,prompt_submit,文案生成,v2,desktop
2026-08-17,u_101,20260817_u_101,generation_success,文案生成,v2,desktop
2026-08-17,u_102,20260817_u_102,page_view,智能问答,v2,web
2026-08-17,u_102,20260817_u_102,prompt_submit,智能问答,v2,web
2026-08-17,u_102,20260817_u_102,generation_success,智能问答,v2,web
2026-08-17,u_102,20260817_u_102,result_adopt,智能问答,v2,web
2026-08-17,u_103,20260817_u_103,page_view,文案生成,v1,desktop
2026-08-17,u_105,20260817_u_105,page_view,表格分析,v2,desktop
2026-08-17,u_105,20260817_u_105,prompt_submit,表格分析,v2,desktop
2026-08-17,u_105,20260817_u_105,generation_success,表格分析,v2,desktop
2026-08-17,u_105,20260817_u_105,result_adopt,表格分析,v2,desktop
2026-08-17,u_106,20260817_u_106,page_view,表格分析,v2,web
2026-08-17,u_106,20260817_u_106,prompt_submit,表格分析,v2,web
2026-08-17,u_106,20260817_u_106,generation_success,表格分析,v2,web
2026-08-17,u_106,20260817_u_106,feature_click,表格分析,v2,web
2026-08-17,u_108,20260817_u_108,page_view,表格分析,v1,web
2026-08-17,u_109,20260817_u_109,page_view,文案生成,v1,desktop
2026-08-17,u_109,20260817_u_109,prompt_submit,文案生成,v1,desktop
2026-08-17,u_109,20260817_u_109,generation_success,文案生成,v1,desktop
2026-08-17,u_109,20260817_u_109,result_adopt,文案生成,v1,desktop
2026-08-17,u_110,20260817_u_110,page_view,文案生成,v2,web
2026-08-17,u_110,20260817_u_110,prompt_submit,文案生成,v2,web
2026-08-17,u_110,20260817_u_110,generation_success,文案生成,v2,web
2026-08-17,u_110,20260817_u_110,result_adopt,文案生成,v2,web
2026-08-17,u_111,20260817_u_111,page_view,表格分析,v1,desktop
2026-08-17,u_111,20260817_u_111,prompt_submit,表格分析,v1,desktop
2026-08-17,u_111,20260817_u_111,generation_success,表格分析,v1,desktop
2026-08-17,u_111,20260817_u_111,result_adopt,表格分析,v1,desktop
2026-08-17,u_112,20260817_u_112,page_view,表格分析,v2,web
2026-08-17,u_112,20260817_u_112,prompt_submit,表格分析,v2,web
2026-08-17,u_112,20260817_u_112,generation_success,表格分析,v2,web
2026-08-17,u_112,20260817_u_112,feature_click,表格分析,v2,web
2026-08-17,u_115,20260817_u_115,page_view,文案生成,v1,web
2026-08-17,u_116,20260817_u_116,page_view,表格分析,v1,desktop
2026-08-17,u_116,20260817_u_116,prompt_submit,表格分析,v1,desktop
2026-08-17,u_116,20260817_u_116,generation_success,表格分析,v1,desktop
2026-08-17,u_116,20260817_u_116,result_adopt,表格分析,v1,desktop
2026-08-17,u_117,20260817_u_117,page_view,文案生成,v2,desktop
2026-08-17,u_117,20260817_u_117,prompt_submit,文案生成,v2,desktop
2026-08-17,u_117,20260817_u_117,generation_success,文案生成,v2,desktop
2026-08-17,u_117,20260817_u_117,result_adopt,文案生成,v2,desktop
2026-08-17,u_117,20260817_u_117,feature_click,文案生成,v2,desktop
2026-08-17,u_118,20260817_u_118,page_view,表格分析,v2,web
2026-08-17,u_120,20260817_u_120,page_view,文案生成,v1,web
2026-08-17,u_120,20260817_u_120,prompt_submit,文案生成,v1,web
2026-08-17,u_120,20260817_u_120,generation_success,文案生成,v1,web
2026-08-17,u_120,20260817_u_120,result_adopt,文案生成,v1,web
2026-08-17,u_120,20260817_u_120,feature_click,文案生成,v1,web
2026-08-17,u_122,20260817_u_122,page_view,表格分析,v1,desktop
2026-08-17,u_123,20260817_u_123,page_view,文案生成,v2,web
2026-08-17,u_127,20260817_u_127,page_view,智能问答,v2,desktop
2026-08-17,u_129,20260817_u_129,page_view,智能问答,v1,web
2026-08-17,u_130,20260817_u_130,page_view,表格分析,v2,web
2026-08-17,u_131,20260817_u_131,page_view,文案生成,v1,web
2026-08-17,u_131,20260817_u_131,prompt_submit,文案生成,v1,web
2026-08-17,u_131,20260817_u_131,generation_success,文案生成,v1,web
2026-08-17,u_131,20260817_u_131,feature_click,文案生成,v1,web
2026-08-17,u_132,20260817_u_132,page_view,文案生成,v1,web
2026-08-17,u_132,20260817_u_132,prompt_submit,文案生成,v1,web
2026-08-17,u_132,20260817_u_132,generation_success,文案生成,v1,web
2026-08-17,u_132,20260817_u_132,result_adopt,文案生成,v1,web
2026-08-17,u_135,20260817_u_135,page_view,文案生成,v2,desktop
2026-08-17,u_135,20260817_u_135,prompt_submit,文案生成,v2,desktop
2026-08-17,u_137,20260817_u_137,page_view,智能问答,v2,desktop
2026-08-17,u_139,20260817_u_139,page_view,智能问答,v2,web
2026-08-17,u_139,20260817_u_139,prompt_submit,智能问答,v2,web
2026-08-17,u_139,20260817_u_139,generation_success,智能问答,v2,web
2026-08-17,u_139,20260817_u_139,result_adopt,智能问答,v2,web
2026-08-17,u_140,20260817_u_140,page_view,表格分析,v1,web
2026-08-17,u_141,20260817_u_141,page_view,智能问答,v1,web
2026-08-17,u_141,20260817_u_141,prompt_submit,智能问答,v1,web
2026-08-17,u_142,20260817_u_142,page_view,智能问答,v2,desktop
2026-08-17,u_142,20260817_u_142,prompt_submit,智能问答,v2,desktop
2026-08-17,u_142,20260817_u_142,generation_success,智能问答,v2,desktop
2026-08-17,u_143,20260817_u_143,page_view,文案生成,v1,desktop
2026-08-17,u_143,20260817_u_143,prompt_submit,文案生成,v1,desktop
2026-08-17,u_143,20260817_u_143,generation_success,文案生成,v1,desktop
2026-08-17,u_143,20260817_u_143,feature_click,文案生成,v1,desktop
2026-08-17,u_144,20260817_u_144,page_view,文案生成,v1,desktop
2026-08-17,u_145,20260817_u_145,page_view,表格分析,v1,web
2026-08-17,u_145,20260817_u_145,prompt_submit,表格分析,v1,web
2026-08-17,u_145,20260817_u_145,generation_success,表格分析,v1,web
2026-08-17,u_145,20260817_u_145,result_adopt,表格分析,v1,web
2026-08-17,u_145,20260817_u_145,feature_click,表格分析,v1,web
2026-08-17,u_149,20260817_u_149,page_view,智能问答,v2,web
2026-08-17,u_150,20260817_u_150,page_view,文案生成,v1,desktop
2026-08-17,u_151,20260817_u_151,page_view,智能问答,v2,web
2026-08-17,u_152,20260817_u_152,page_view,文案生成,v1,desktop
2026-08-17,u_154,20260817_u_154,page_view,表格分析,v2,desktop
2026-08-17,u_154,20260817_u_154,prompt_submit,表格分析,v2,desktop
2026-08-17,u_154,20260817_u_154,generation_success,表格分析,v2,desktop
2026-08-17,u_154,20260817_u_154,result_adopt,表格分析,v2,desktop
2026-08-17,u_155,20260817_u_155,page_view,智能问答,v2,web
2026-08-17,u_157,20260817_u_157,page_view,文案生成,v2,web
2026-08-17,u_157,20260817_u_157,prompt_submit,文案生成,v2,web
2026-08-17,u_157,20260817_u_157,generation_success,文案生成,v2,web
2026-08-17,u_157,20260817_u_157,result_adopt,文案生成,v2,web
2026-08-17,u_157,20260817_u_157,feature_click,文案生成,v2,web
2026-08-17,u_158,20260817_u_158,page_view,表格分析,v2,desktop
2026-08-17,u_159,20260817_u_159,page_view,表格分析,v1,desktop
2026-08-17,u_159,20260817_u_159,prompt_submit,表格分析,v1,desktop
2026-08-17,u_160,20260817_u_160,page_view,文案生成,v1,web
2026-08-17,u_160,20260817_u_160,prompt_submit,文案生成,v1,web
2026-08-17,u_160,20260817_u_160,generation_success,文案生成,v1,web
2026-08-17,u_160,20260817_u_160,result_adopt,文案生成,v1,web
2026-08-17,u_161,20260817_u_161,page_view,智能问答,v2,web
2026-08-17,u_161,20260817_u_161,prompt_submit,智能问答,v2,web
2026-08-17,u_161,20260817_u_161,generation_success,智能问答,v2,web
2026-08-17,u_161,20260817_u_161,feature_click,智能问答,v2,web
2026-08-17,u_162,20260817_u_162,page_view,表格分析,v1,desktop
2026-08-17,u_162,20260817_u_162,prompt_submit,表格分析,v1,desktop
2026-08-17,u_162,20260817_u_162,generation_success,表格分析,v1,desktop
2026-08-17,u_162,20260817_u_162,feature_click,表格分析,v1,desktop
2026-08-17,u_163,20260817_u_163,page_view,表格分析,v2,web
2026-08-17,u_163,20260817_u_163,prompt_submit,表格分析,v2,web
2026-08-17,u_163,20260817_u_163,generation_success,表格分析,v2,web
2026-08-17,u_163,20260817_u_163,result_adopt,表格分析,v2,web
2026-08-17,u_163,20260817_u_163,feature_click,表格分析,v2,web
2026-08-17,u_165,20260817_u_165,page_view,文案生成,v1,desktop
2026-08-17,u_165,20260817_u_165,prompt_submit,文案生成,v1,desktop
2026-08-17,u_165,20260817_u_165,generation_success,文案生成,v1,desktop
2026-08-17,u_165,20260817_u_165,feature_click,文案生成,v1,desktop
2026-08-17,u_167,20260817_u_167,page_view,文案生成,v1,desktop
2026-08-17,u_167,20260817_u_167,prompt_submit,文案生成,v1,desktop
2026-08-17,u_167,20260817_u_167,generation_success,文案生成,v1,desktop
2026-08-17,u_167,20260817_u_167,result_adopt,文案生成,v1,desktop
2026-08-17,u_167,20260817_u_167,feature_click,文案生成,v1,desktop
2026-08-17,u_170,20260817_u_170,page_view,表格分析,v1,web
2026-08-17,u_170,20260817_u_170,prompt_submit,表格分析,v1,web
2026-08-17,u_170,20260817_u_170,generation_success,表格分析,v1,web
2026-08-17,u_170,20260817_u_170,feature_click,表格分析,v1,web
2026-08-17,u_171,20260817_u_171,page_view,文案生成,v2,desktop
2026-08-17,u_171,20260817_u_171,prompt_submit,文案生成,v2,desktop
2026-08-17,u_171,20260817_u_171,generation_success,文案生成,v2,desktop
2026-08-17,u_173,20260817_u_173,page_view,智能问答,v1,desktop
2026-08-17,u_173,20260817_u_173,prompt_submit,智能问答,v1,desktop
2026-08-17,u_173,20260817_u_173,generation_success,智能问答,v1,desktop
2026-08-17,u_173,20260817_u_173,feature_click,智能问答,v1,desktop
2026-08-17,u_174,20260817_u_174,page_view,表格分析,v2,desktop
2026-08-17,u_174,20260817_u_174,prompt_submit,表格分析,v2,desktop
2026-08-17,u_174,20260817_u_174,generation_success,表格分析,v2,desktop
2026-08-17,u_174,20260817_u_174,result_adopt,表格分析,v2,desktop
2026-08-17,u_174,20260817_u_174,feature_click,表格分析,v2,desktop
2026-08-17,u_179,20260817_u_179,page_view,文案生成,v2,web
2026-08-17,u_179,20260817_u_179,prompt_submit,文案生成,v2,web
2026-08-17,u_179,20260817_u_179,generation_success,文案生成,v2,web
2026-08-17,u_179,20260817_u_179,result_adopt,文案生成,v2,web
2026-08-17,u_179,20260817_u_179,feature_click,文案生成,v2,web
2026-08-17,u_180,20260817_u_180,page_view,文案生成,v1,web
2026-08-17,u_180,20260817_u_180,prompt_submit,文案生成,v1,web
2026-08-17,u_180,20260817_u_180,generation_success,文案生成,v1,web
2026-08-17,u_180,20260817_u_180,feature_click,文案生成,v1,web
2026-08-18,u_004,20260818_u_004,page_view,表格分析,v2,web
2026-08-18,u_005,20260818_u_005,page_view,智能问答,v2,web
2026-08-18,u_005,20260818_u_005,prompt_submit,智能问答,v2,web
2026-08-18,u_005,20260818_u_005,generation_success,智能问答,v2,web
2026-08-18,u_006,20260818_u_006,page_view,文案生成,v2,web
2026-08-18,u_007,20260818_u_007,page_view,表格分析,v1,web
2026-08-18,u_007,20260818_u_007,prompt_submit,表格分析,v1,web
2026-08-18,u_007,20260818_u_007,generation_success,表格分析,v1,web
2026-08-18,u_007,20260818_u_007,feature_click,表格分析,v1,web
2026-08-18,u_008,20260818_u_008,page_view,表格分析,v1,desktop
2026-08-18,u_008,20260818_u_008,prompt_submit,表格分析,v1,desktop
2026-08-18,u_008,20260818_u_008,generation_success,表格分析,v1,desktop
2026-08-18,u_008,20260818_u_008,result_adopt,表格分析,v1,desktop
2026-08-18,u_008,20260818_u_008,feature_click,表格分析,v1,desktop
2026-08-18,u_010,20260818_u_010,page_view,文案生成,v2,web
2026-08-18,u_010,20260818_u_010,prompt_submit,文案生成,v2,web
2026-08-18,u_010,20260818_u_010,generation_success,文案生成,v2,web
2026-08-18,u_010,20260818_u_010,result_adopt,文案生成,v2,web
2026-08-18,u_010,20260818_u_010,feature_click,文案生成,v2,web
2026-08-18,u_011,20260818_u_011,page_view,文案生成,v2,desktop
2026-08-18,u_015,20260818_u_015,page_view,表格分析,v2,desktop
2026-08-18,u_016,20260818_u_016,page_view,智能问答,v2,desktop
2026-08-18,u_016,20260818_u_016,prompt_submit,智能问答,v2,desktop
2026-08-18,u_016,20260818_u_016,generation_success,智能问答,v2,desktop
2026-08-18,u_016,20260818_u_016,feature_click,智能问答,v2,desktop
2026-08-18,u_018,20260818_u_018,page_view,智能问答,v1,web
2026-08-18,u_019,20260818_u_019,page_view,智能问答,v2,web
2026-08-18,u_019,20260818_u_019,prompt_submit,智能问答,v2,web
2026-08-18,u_019,20260818_u_019,generation_success,智能问答,v2,web
2026-08-18,u_019,20260818_u_019,result_adopt,智能问答,v2,web
2026-08-18,u_019,20260818_u_019,feature_click,智能问答,v2,web
2026-08-18,u_021,20260818_u_021,page_view,智能问答,v1,desktop
2026-08-18,u_022,20260818_u_022,page_view,表格分析,v1,desktop
2026-08-18,u_022,20260818_u_022,prompt_submit,表格分析,v1,desktop
2026-08-18,u_022,20260818_u_022,generation_success,表格分析,v1,desktop
2026-08-18,u_022,20260818_u_022,result_adopt,表格分析,v1,desktop
2026-08-18,u_022,20260818_u_022,feature_click,表格分析,v1,desktop
2026-08-18,u_023,20260818_u_023,page_view,文案生成,v2,desktop
2026-08-18,u_024,20260818_u_024,page_view,文案生成,v1,desktop
2026-08-18,u_024,20260818_u_024,prompt_submit,文案生成,v1,desktop
2026-08-18,u_024,20260818_u_024,generation_success,文案生成,v1,desktop
2026-08-18,u_024,20260818_u_024,result_adopt,文案生成,v1,desktop
2026-08-18,u_025,20260818_u_025,page_view,智能问答,v2,web
2026-08-18,u_025,20260818_u_025,prompt_submit,智能问答,v2,web
2026-08-18,u_025,20260818_u_025,generation_success,智能问答,v2,web
2026-08-18,u_025,20260818_u_025,result_adopt,智能问答,v2,web
2026-08-18,u_026,20260818_u_026,page_view,智能问答,v2,web
2026-08-18,u_026,20260818_u_026,prompt_submit,智能问答,v2,web
2026-08-18,u_026,20260818_u_026,generation_success,智能问答,v2,web
2026-08-18,u_026,20260818_u_026,feature_click,智能问答,v2,web
2026-08-18,u_029,20260818_u_029,page_view,文案生成,v2,web
2026-08-18,u_029,20260818_u_029,prompt_submit,文案生成,v2,web
2026-08-18,u_029,20260818_u_029,generation_success,文案生成,v2,web
2026-08-18,u_029,20260818_u_029,feature_click,文案生成,v2,web
2026-08-18,u_032,20260818_u_032,page_view,表格分析,v2,web
2026-08-18,u_032,20260818_u_032,prompt_submit,表格分析,v2,web
2026-08-18,u_032,20260818_u_032,generation_success,表格分析,v2,web
2026-08-18,u_032,20260818_u_032,result_adopt,表格分析,v2,web
2026-08-18,u_034,20260818_u_034,page_view,文案生成,v2,web
2026-08-18,u_034,20260818_u_034,prompt_submit,文案生成,v2,web
2026-08-18,u_037,20260818_u_037,page_view,文案生成,v2,desktop
2026-08-18,u_037,20260818_u_037,prompt_submit,文案生成,v2,desktop
2026-08-18,u_037,20260818_u_037,generation_success,文案生成,v2,desktop
2026-08-18,u_037,20260818_u_037,result_adopt,文案生成,v2,desktop
2026-08-18,u_037,20260818_u_037,feature_click,文案生成,v2,desktop
2026-08-18,u_038,20260818_u_038,page_view,文案生成,v2,web
2026-08-18,u_038,20260818_u_038,prompt_submit,文案生成,v2,web
2026-08-18,u_038,20260818_u_038,generation_success,文案生成,v2,web
2026-08-18,u_038,20260818_u_038,result_adopt,文案生成,v2,web
2026-08-18,u_038,20260818_u_038,feature_click,文案生成,v2,web
2026-08-18,u_039,20260818_u_039,page_view,智能问答,v1,desktop
2026-08-18,u_039,20260818_u_039,prompt_submit,智能问答,v1,desktop
2026-08-18,u_039,20260818_u_039,generation_success,智能问答,v1,desktop
2026-08-18,u_042,20260818_u_042,page_view,表格分析,v1,web
2026-08-18,u_042,20260818_u_042,prompt_submit,表格分析,v1,web
2026-08-18,u_042,20260818_u_042,generation_success,表格分析,v1,web
2026-08-18,u_044,20260818_u_044,page_view,文案生成,v2,desktop
2026-08-18,u_045,20260818_u_045,page_view,表格分析,v2,web
2026-08-18,u_046,20260818_u_046,page_view,智能问答,v1,desktop
2026-08-18,u_047,20260818_u_047,page_view,文案生成,v1,desktop
2026-08-18,u_047,20260818_u_047,prompt_submit,文案生成,v1,desktop
2026-08-18,u_047,20260818_u_047,generation_success,文案生成,v1,desktop
2026-08-18,u_047,20260818_u_047,feature_click,文案生成,v1,desktop
2026-08-18,u_049,20260818_u_049,page_view,文案生成,v1,web
2026-08-18,u_050,20260818_u_050,page_view,文案生成,v1,web
2026-08-18,u_051,20260818_u_051,page_view,智能问答,v2,desktop
2026-08-18,u_051,20260818_u_051,prompt_submit,智能问答,v2,desktop
2026-08-18,u_051,20260818_u_051,generation_success,智能问答,v2,desktop
2026-08-18,u_051,20260818_u_051,feature_click,智能问答,v2,desktop
2026-08-18,u_053,20260818_u_053,page_view,文案生成,v1,web
2026-08-18,u_054,20260818_u_054,page_view,表格分析,v1,web
2026-08-18,u_054,20260818_u_054,prompt_submit,表格分析,v1,web
2026-08-18,u_054,20260818_u_054,generation_success,表格分析,v1,web
2026-08-18,u_054,20260818_u_054,result_adopt,表格分析,v1,web
2026-08-18,u_055,20260818_u_055,page_view,智能问答,v1,web
2026-08-18,u_055,20260818_u_055,prompt_submit,智能问答,v1,web
2026-08-18,u_055,20260818_u_055,generation_success,智能问答,v1,web
2026-08-18,u_055,20260818_u_055,result_adopt,智能问答,v1,web
2026-08-18,u_055,20260818_u_055,feature_click,智能问答,v1,web
2026-08-18,u_056,20260818_u_056,page_view,表格分析,v2,web
2026-08-18,u_056,20260818_u_056,prompt_submit,表格分析,v2,web
2026-08-18,u_056,20260818_u_056,generation_success,表格分析,v2,web
2026-08-18,u_056,20260818_u_056,result_adopt,表格分析,v2,web
2026-08-18,u_057,20260818_u_057,page_view,表格分析,v1,desktop
2026-08-18,u_058,20260818_u_058,page_view,文案生成,v2,desktop
2026-08-18,u_065,20260818_u_065,page_view,表格分析,v1,desktop
2026-08-18,u_065,20260818_u_065,prompt_submit,表格分析,v1,desktop
2026-08-18,u_065,20260818_u_065,generation_success,表格分析,v1,desktop
2026-08-18,u_065,20260818_u_065,result_adopt,表格分析,v1,desktop
2026-08-18,u_065,20260818_u_065,feature_click,表格分析,v1,desktop
2026-08-18,u_067,20260818_u_067,page_view,表格分析,v1,web
2026-08-18,u_067,20260818_u_067,prompt_submit,表格分析,v1,web
2026-08-18,u_067,20260818_u_067,generation_success,表格分析,v1,web
2026-08-18,u_067,20260818_u_067,feature_click,表格分析,v1,web
2026-08-18,u_069,20260818_u_069,page_view,表格分析,v1,desktop
2026-08-18,u_070,20260818_u_070,page_view,智能问答,v1,web
2026-08-18,u_070,20260818_u_070,prompt_submit,智能问答,v1,web
2026-08-18,u_070,20260818_u_070,generation_success,智能问答,v1,web
2026-08-18,u_070,20260818_u_070,result_adopt,智能问答,v1,web
2026-08-18,u_072,20260818_u_072,page_view,智能问答,v1,web
2026-08-18,u_072,20260818_u_072,prompt_submit,智能问答,v1,web
2026-08-18,u_072,20260818_u_072,generation_success,智能问答,v1,web
2026-08-18,u_072,20260818_u_072,result_adopt,智能问答,v1,web
2026-08-18,u_073,20260818_u_073,page_view,智能问答,v2,web
2026-08-18,u_073,20260818_u_073,prompt_submit,智能问答,v2,web
2026-08-18,u_073,20260818_u_073,generation_success,智能问答,v2,web
2026-08-18,u_073,20260818_u_073,result_adopt,智能问答,v2,web
2026-08-18,u_074,20260818_u_074,page_view,表格分析,v1,desktop
2026-08-18,u_074,20260818_u_074,prompt_submit,表格分析,v1,desktop
2026-08-18,u_074,20260818_u_074,generation_success,表格分析,v1,desktop
2026-08-18,u_074,20260818_u_074,feature_click,表格分析,v1,desktop
2026-08-18,u_077,20260818_u_077,page_view,文案生成,v1,desktop
2026-08-18,u_078,20260818_u_078,page_view,文案生成,v2,web
2026-08-18,u_079,20260818_u_079,page_view,文案生成,v2,desktop
2026-08-18,u_080,20260818_u_080,page_view,智能问答,v1,desktop
2026-08-18,u_081,20260818_u_081,page_view,文案生成,v1,desktop
2026-08-18,u_083,20260818_u_083,page_view,智能问答,v2,desktop
2026-08-18,u_083,20260818_u_083,prompt_submit,智能问答,v2,desktop
2026-08-18,u_083,20260818_u_083,generation_success,智能问答,v2,desktop
2026-08-18,u_083,20260818_u_083,result_adopt,智能问答,v2,desktop
2026-08-18,u_084,20260818_u_084,page_view,文案生成,v2,desktop
2026-08-18,u_084,20260818_u_084,prompt_submit,文案生成,v2,desktop
2026-08-18,u_084,20260818_u_084,generation_success,文案生成,v2,desktop
2026-08-18,u_086,20260818_u_086,page_view,智能问答,v1,web
2026-08-18,u_086,20260818_u_086,prompt_submit,智能问答,v1,web
2026-08-18,u_086,20260818_u_086,generation_success,智能问答,v1,web
2026-08-18,u_086,20260818_u_086,result_adopt,智能问答,v1,web
2026-08-18,u_088,20260818_u_088,page_view,表格分析,v1,web
2026-08-18,u_088,20260818_u_088,prompt_submit,表格分析,v1,web
2026-08-18,u_088,20260818_u_088,generation_success,表格分析,v1,web
2026-08-18,u_089,20260818_u_089,page_view,智能问答,v1,web
2026-08-18,u_089,20260818_u_089,prompt_submit,智能问答,v1,web
2026-08-18,u_089,20260818_u_089,generation_success,智能问答,v1,web
2026-08-18,u_089,20260818_u_089,feature_click,智能问答,v1,web
2026-08-18,u_090,20260818_u_090,page_view,文案生成,v2,desktop
2026-08-18,u_090,20260818_u_090,prompt_submit,文案生成,v2,desktop
2026-08-18,u_090,20260818_u_090,generation_success,文案生成,v2,desktop
2026-08-18,u_090,20260818_u_090,result_adopt,文案生成,v2,desktop
2026-08-18,u_090,20260818_u_090,feature_click,文案生成,v2,desktop
2026-08-18,u_092,20260818_u_092,page_view,文案生成,v1,desktop
2026-08-18,u_092,20260818_u_092,prompt_submit,文案生成,v1,desktop
2026-08-18,u_092,20260818_u_092,generation_success,文案生成,v1,desktop
2026-08-18,u_094,20260818_u_094,page_view,文案生成,v1,desktop
2026-08-18,u_094,20260818_u_094,prompt_submit,文案生成,v1,desktop
2026-08-18,u_094,20260818_u_094,generation_success,文案生成,v1,desktop
2026-08-18,u_094,20260818_u_094,result_adopt,文案生成,v1,desktop
2026-08-18,u_095,20260818_u_095,page_view,智能问答,v2,desktop
2026-08-18,u_095,20260818_u_095,prompt_submit,智能问答,v2,desktop
2026-08-18,u_095,20260818_u_095,generation_success,智能问答,v2,desktop
2026-08-18,u_095,20260818_u_095,feature_click,智能问答,v2,desktop
2026-08-18,u_096,20260818_u_096,page_view,智能问答,v1,web
2026-08-18,u_096,20260818_u_096,prompt_submit,智能问答,v1,web
2026-08-18,u_096,20260818_u_096,generation_success,智能问答,v1,web
2026-08-18,u_096,20260818_u_096,result_adopt,智能问答,v1,web
2026-08-18,u_096,20260818_u_096,feature_click,智能问答,v1,web
2026-08-18,u_099,20260818_u_099,page_view,表格分析,v1,web
2026-08-18,u_100,20260818_u_100,page_view,智能问答,v1,desktop
2026-08-18,u_101,20260818_u_101,page_view,智能问答,v1,desktop
2026-08-18,u_102,20260818_u_102,page_view,智能问答,v2,desktop
2026-08-18,u_102,20260818_u_102,prompt_submit,智能问答,v2,desktop
2026-08-18,u_102,20260818_u_102,generation_success,智能问答,v2,desktop
2026-08-18,u_102,20260818_u_102,feature_click,智能问答,v2,desktop
2026-08-18,u_103,20260818_u_103,page_view,表格分析,v1,web
2026-08-18,u_103,20260818_u_103,prompt_submit,表格分析,v1,web
2026-08-18,u_103,20260818_u_103,generation_success,表格分析,v1,web
2026-08-18,u_104,20260818_u_104,page_view,文案生成,v2,desktop
2026-08-18,u_104,20260818_u_104,prompt_submit,文案生成,v2,desktop
2026-08-18,u_104,20260818_u_104,generation_success,文案生成,v2,desktop
2026-08-18,u_105,20260818_u_105,page_view,表格分析,v2,web
2026-08-18,u_105,20260818_u_105,prompt_submit,表格分析,v2,web
2026-08-18,u_105,20260818_u_105,generation_success,表格分析,v2,web
2026-08-18,u_105,20260818_u_105,result_adopt,表格分析,v2,web
2026-08-18,u_105,20260818_u_105,feature_click,表格分析,v2,web
2026-08-18,u_107,20260818_u_107,page_view,文案生成,v1,desktop
2026-08-18,u_107,20260818_u_107,prompt_submit,文案生成,v1,desktop
2026-08-18,u_107,20260818_u_107,generation_success,文案生成,v1,desktop
2026-08-18,u_107,20260818_u_107,result_adopt,文案生成,v1,desktop
2026-08-18,u_107,20260818_u_107,feature_click,文案生成,v1,desktop
2026-08-18,u_108,20260818_u_108,page_view,智能问答,v2,desktop
2026-08-18,u_108,20260818_u_108,prompt_submit,智能问答,v2,desktop
2026-08-18,u_108,20260818_u_108,generation_success,智能问答,v2,desktop
2026-08-18,u_108,20260818_u_108,result_adopt,智能问答,v2,desktop
2026-08-18,u_109,20260818_u_109,page_view,文案生成,v2,desktop
2026-08-18,u_109,20260818_u_109,prompt_submit,文案生成,v2,desktop
2026-08-18,u_109,20260818_u_109,generation_success,文案生成,v2,desktop
2026-08-18,u_109,20260818_u_109,result_adopt,文案生成,v2,desktop
2026-08-18,u_109,20260818_u_109,feature_click,文案生成,v2,desktop
2026-08-18,u_110,20260818_u_110,page_view,表格分析,v2,web
2026-08-18,u_110,20260818_u_110,prompt_submit,表格分析,v2,web
2026-08-18,u_110,20260818_u_110,generation_success,表格分析,v2,web
2026-08-18,u_110,20260818_u_110,result_adopt,表格分析,v2,web
2026-08-18,u_110,20260818_u_110,feature_click,表格分析,v2,web
2026-08-18,u_111,20260818_u_111,page_view,智能问答,v1,desktop
2026-08-18,u_111,20260818_u_111,prompt_submit,智能问答,v1,desktop
2026-08-18,u_111,20260818_u_111,generation_success,智能问答,v1,desktop
2026-08-18,u_111,20260818_u_111,feature_click,智能问答,v1,desktop
2026-08-18,u_112,20260818_u_112,page_view,智能问答,v1,desktop
2026-08-18,u_112,20260818_u_112,prompt_submit,智能问答,v1,desktop
2026-08-18,u_112,20260818_u_112,generation_success,智能问答,v1,desktop
2026-08-18,u_112,20260818_u_112,result_adopt,智能问答,v1,desktop
2026-08-18,u_112,20260818_u_112,feature_click,智能问答,v1,desktop
2026-08-18,u_113,20260818_u_113,page_view,表格分析,v1,desktop
2026-08-18,u_115,20260818_u_115,page_view,智能问答,v2,web
2026-08-18,u_115,20260818_u_115,prompt_submit,智能问答,v2,web
2026-08-18,u_116,20260818_u_116,page_view,文案生成,v2,desktop
2026-08-18,u_116,20260818_u_116,prompt_submit,文案生成,v2,desktop
2026-08-18,u_116,20260818_u_116,generation_success,文案生成,v2,desktop
2026-08-18,u_117,20260818_u_117,page_view,文案生成,v1,web
2026-08-18,u_120,20260818_u_120,page_view,智能问答,v2,web
2026-08-18,u_120,20260818_u_120,prompt_submit,智能问答,v2,web
2026-08-18,u_120,20260818_u_120,generation_success,智能问答,v2,web
2026-08-18,u_122,20260818_u_122,page_view,文案生成,v1,web
2026-08-18,u_125,20260818_u_125,page_view,表格分析,v1,desktop
2026-08-18,u_126,20260818_u_126,page_view,智能问答,v1,desktop
2026-08-18,u_127,20260818_u_127,page_view,文案生成,v1,desktop
2026-08-18,u_128,20260818_u_128,page_view,表格分析,v1,desktop
2026-08-18,u_128,20260818_u_128,prompt_submit,表格分析,v1,desktop
2026-08-18,u_129,20260818_u_129,page_view,表格分析,v2,desktop
2026-08-18,u_129,20260818_u_129,prompt_submit,表格分析,v2,desktop
2026-08-18,u_129,20260818_u_129,generation_success,表格分析,v2,desktop
2026-08-18,u_129,20260818_u_129,feature_click,表格分析,v2,desktop
2026-08-18,u_130,20260818_u_130,page_view,智能问答,v2,desktop
2026-08-18,u_130,20260818_u_130,prompt_submit,智能问答,v2,desktop
2026-08-18,u_130,20260818_u_130,generation_success,智能问答,v2,desktop
2026-08-18,u_130,20260818_u_130,result_adopt,智能问答,v2,desktop
2026-08-18,u_130,20260818_u_130,feature_click,智能问答,v2,desktop
2026-08-18,u_131,20260818_u_131,page_view,智能问答,v1,desktop
2026-08-18,u_135,20260818_u_135,page_view,表格分析,v2,web
2026-08-18,u_136,20260818_u_136,page_view,表格分析,v2,web
2026-08-18,u_139,20260818_u_139,page_view,表格分析,v2,desktop
2026-08-18,u_139,20260818_u_139,prompt_submit,表格分析,v2,desktop
2026-08-18,u_139,20260818_u_139,generation_success,表格分析,v2,desktop
2026-08-18,u_141,20260818_u_141,page_view,表格分析,v1,web
2026-08-18,u_141,20260818_u_141,prompt_submit,表格分析,v1,web
2026-08-18,u_141,20260818_u_141,generation_success,表格分析,v1,web
2026-08-18,u_141,20260818_u_141,result_adopt,表格分析,v1,web
2026-08-18,u_142,20260818_u_142,page_view,智能问答,v1,web
2026-08-18,u_142,20260818_u_142,prompt_submit,智能问答,v1,web
2026-08-18,u_142,20260818_u_142,generation_success,智能问答,v1,web
2026-08-18,u_144,20260818_u_144,page_view,智能问答,v1,desktop
2026-08-18,u_144,20260818_u_144,prompt_submit,智能问答,v1,desktop
2026-08-18,u_144,20260818_u_144,generation_success,智能问答,v1,desktop
2026-08-18,u_145,20260818_u_145,page_view,文案生成,v1,web
2026-08-18,u_145,20260818_u_145,prompt_submit,文案生成,v1,web
2026-08-18,u_145,20260818_u_145,generation_success,文案生成,v1,web
2026-08-18,u_149,20260818_u_149,page_view,文案生成,v2,web
2026-08-18,u_149,20260818_u_149,prompt_submit,文案生成,v2,web
2026-08-18,u_149,20260818_u_149,generation_success,文案生成,v2,web
2026-08-18,u_149,20260818_u_149,result_adopt,文案生成,v2,web
2026-08-18,u_149,20260818_u_149,feature_click,文案生成,v2,web
2026-08-18,u_150,20260818_u_150,page_view,智能问答,v2,desktop
2026-08-18,u_155,20260818_u_155,page_view,文案生成,v1,desktop
2026-08-18,u_155,20260818_u_155,prompt_submit,文案生成,v1,desktop
2026-08-18,u_155,20260818_u_155,generation_success,文案生成,v1,desktop
2026-08-18,u_156,20260818_u_156,page_view,文案生成,v1,web
2026-08-18,u_156,20260818_u_156,prompt_submit,文案生成,v1,web
2026-08-18,u_156,20260818_u_156,generation_success,文案生成,v1,web
2026-08-18,u_156,20260818_u_156,result_adopt,文案生成,v1,web
2026-08-18,u_158,20260818_u_158,page_view,智能问答,v2,web
2026-08-18,u_159,20260818_u_159,page_view,文案生成,v1,web
2026-08-18,u_160,20260818_u_160,page_view,文案生成,v1,desktop
2026-08-18,u_160,20260818_u_160,prompt_submit,文案生成,v1,desktop
2026-08-18,u_160,20260818_u_160,generation_success,文案生成,v1,desktop
2026-08-18,u_160,20260818_u_160,result_adopt,文案生成,v1,desktop
2026-08-18,u_160,20260818_u_160,feature_click,文案生成,v1,desktop
2026-08-18,u_162,20260818_u_162,page_view,智能问答,v1,desktop
2026-08-18,u_167,20260818_u_167,page_view,表格分析,v1,web
2026-08-18,u_167,20260818_u_167,prompt_submit,表格分析,v1,web
2026-08-18,u_167,20260818_u_167,generation_success,表格分析,v1,web
2026-08-18,u_167,20260818_u_167,result_adopt,表格分析,v1,web
2026-08-18,u_167,20260818_u_167,feature_click,表格分析,v1,web
2026-08-18,u_168,20260818_u_168,page_view,文案生成,v1,web
2026-08-18,u_168,20260818_u_168,prompt_submit,文案生成,v1,web
2026-08-18,u_168,20260818_u_168,generation_success,文案生成,v1,web
2026-08-18,u_168,20260818_u_168,result_adopt,文案生成,v1,web
2026-08-18,u_168,20260818_u_168,feature_click,文案生成,v1,web
2026-08-18,u_171,20260818_u_171,page_view,文案生成,v2,web
2026-08-18,u_174,20260818_u_174,page_view,智能问答,v1,web
2026-08-18,u_174,20260818_u_174,prompt_submit,智能问答,v1,web
2026-08-18,u_174,20260818_u_174,generation_success,智能问答,v1,web
2026-08-18,u_177,20260818_u_177,page_view,文案生成,v2,desktop
2026-08-18,u_177,20260818_u_177,prompt_submit,文案生成,v2,desktop
2026-08-18,u_177,20260818_u_177,generation_success,文案生成,v2,desktop
2026-08-18,u_177,20260818_u_177,result_adopt,文案生成,v2,desktop
2026-08-18,u_178,20260818_u_178,page_view,智能问答,v1,desktop
2026-08-18,u_178,20260818_u_178,prompt_submit,智能问答,v1,desktop
2026-08-18,u_178,20260818_u_178,generation_success,智能问答,v1,desktop
2026-08-18,u_178,20260818_u_178,feature_click,智能问答,v1,desktop
2026-08-19,u_001,20260819_u_001,page_view,智能问答,v2,desktop
2026-08-19,u_006,20260819_u_006,page_view,表格分析,v1,desktop
2026-08-19,u_006,20260819_u_006,prompt_submit,表格分析,v1,desktop
2026-08-19,u_006,20260819_u_006,generation_success,表格分析,v1,desktop
2026-08-19,u_006,20260819_u_006,result_adopt,表格分析,v1,desktop
2026-08-19,u_007,20260819_u_007,page_view,智能问答,v2,web
2026-08-19,u_007,20260819_u_007,prompt_submit,智能问答,v2,web
2026-08-19,u_007,20260819_u_007,generation_success,智能问答,v2,web
2026-08-19,u_008,20260819_u_008,page_view,表格分析,v1,web
2026-08-19,u_008,20260819_u_008,prompt_submit,表格分析,v1,web
2026-08-19,u_009,20260819_u_009,page_view,文案生成,v2,web
2026-08-19,u_010,20260819_u_010,page_view,智能问答,v2,web
2026-08-19,u_010,20260819_u_010,prompt_submit,智能问答,v2,web
2026-08-19,u_011,20260819_u_011,page_view,智能问答,v1,web
2026-08-19,u_011,20260819_u_011,prompt_submit,智能问答,v1,web
2026-08-19,u_011,20260819_u_011,generation_success,智能问答,v1,web
2026-08-19,u_011,20260819_u_011,result_adopt,智能问答,v1,web
2026-08-19,u_011,20260819_u_011,feature_click,智能问答,v1,web
2026-08-19,u_012,20260819_u_012,page_view,文案生成,v2,web
2026-08-19,u_012,20260819_u_012,prompt_submit,文案生成,v2,web
2026-08-19,u_012,20260819_u_012,generation_success,文案生成,v2,web
2026-08-19,u_013,20260819_u_013,page_view,表格分析,v1,web
2026-08-19,u_013,20260819_u_013,prompt_submit,表格分析,v1,web
2026-08-19,u_013,20260819_u_013,generation_success,表格分析,v1,web
2026-08-19,u_014,20260819_u_014,page_view,表格分析,v2,desktop
2026-08-19,u_014,20260819_u_014,prompt_submit,表格分析,v2,desktop
2026-08-19,u_014,20260819_u_014,generation_success,表格分析,v2,desktop
2026-08-19,u_014,20260819_u_014,feature_click,表格分析,v2,desktop
2026-08-19,u_016,20260819_u_016,page_view,智能问答,v2,web
2026-08-19,u_016,20260819_u_016,prompt_submit,智能问答,v2,web
2026-08-19,u_016,20260819_u_016,generation_success,智能问答,v2,web
2026-08-19,u_018,20260819_u_018,page_view,文案生成,v2,web
2026-08-19,u_018,20260819_u_018,prompt_submit,文案生成,v2,web
2026-08-19,u_018,20260819_u_018,generation_success,文案生成,v2,web
2026-08-19,u_018,20260819_u_018,feature_click,文案生成,v2,web
2026-08-19,u_023,20260819_u_023,page_view,文案生成,v1,web
2026-08-19,u_023,20260819_u_023,prompt_submit,文案生成,v1,web
2026-08-19,u_023,20260819_u_023,generation_success,文案生成,v1,web
2026-08-19,u_023,20260819_u_023,result_adopt,文案生成,v1,web
2026-08-19,u_024,20260819_u_024,page_view,智能问答,v1,desktop
2026-08-19,u_024,20260819_u_024,prompt_submit,智能问答,v1,desktop
2026-08-19,u_024,20260819_u_024,generation_success,智能问答,v1,desktop
2026-08-19,u_024,20260819_u_024,feature_click,智能问答,v1,desktop
2026-08-19,u_025,20260819_u_025,page_view,文案生成,v1,desktop
2026-08-19,u_025,20260819_u_025,prompt_submit,文案生成,v1,desktop
2026-08-19,u_025,20260819_u_025,generation_success,文案生成,v1,desktop
2026-08-19,u_025,20260819_u_025,feature_click,文案生成,v1,desktop
2026-08-19,u_026,20260819_u_026,page_view,智能问答,v1,web
2026-08-19,u_026,20260819_u_026,prompt_submit,智能问答,v1,web
2026-08-19,u_026,20260819_u_026,generation_success,智能问答,v1,web
2026-08-19,u_028,20260819_u_028,page_view,文案生成,v1,web
2026-08-19,u_028,20260819_u_028,prompt_submit,文案生成,v1,web
2026-08-19,u_028,20260819_u_028,generation_success,文案生成,v1,web
2026-08-19,u_028,20260819_u_028,feature_click,文案生成,v1,web
2026-08-19,u_031,20260819_u_031,page_view,文案生成,v2,web
2026-08-19,u_032,20260819_u_032,page_view,智能问答,v1,desktop
2026-08-19,u_032,20260819_u_032,prompt_submit,智能问答,v1,desktop
2026-08-19,u_032,20260819_u_032,generation_success,智能问答,v1,desktop
2026-08-19,u_032,20260819_u_032,result_adopt,智能问答,v1,desktop
2026-08-19,u_033,20260819_u_033,page_view,智能问答,v1,web
2026-08-19,u_034,20260819_u_034,page_view,智能问答,v1,web
2026-08-19,u_034,20260819_u_034,prompt_submit,智能问答,v1,web
2026-08-19,u_034,20260819_u_034,generation_success,智能问答,v1,web
2026-08-19,u_034,20260819_u_034,feature_click,智能问答,v1,web
2026-08-19,u_036,20260819_u_036,page_view,表格分析,v2,web
2026-08-19,u_036,20260819_u_036,prompt_submit,表格分析,v2,web
2026-08-19,u_036,20260819_u_036,generation_success,表格分析,v2,web
2026-08-19,u_036,20260819_u_036,result_adopt,表格分析,v2,web
2026-08-19,u_038,20260819_u_038,page_view,文案生成,v2,desktop
2026-08-19,u_039,20260819_u_039,page_view,智能问答,v2,desktop
2026-08-19,u_042,20260819_u_042,page_view,智能问答,v2,desktop
2026-08-19,u_044,20260819_u_044,page_view,文案生成,v1,desktop
2026-08-19,u_044,20260819_u_044,prompt_submit,文案生成,v1,desktop
2026-08-19,u_044,20260819_u_044,generation_success,文案生成,v1,desktop
2026-08-19,u_044,20260819_u_044,result_adopt,文案生成,v1,desktop
2026-08-19,u_046,20260819_u_046,page_view,文案生成,v2,web
2026-08-19,u_048,20260819_u_048,page_view,表格分析,v1,web
2026-08-19,u_048,20260819_u_048,prompt_submit,表格分析,v1,web
2026-08-19,u_048,20260819_u_048,generation_success,表格分析,v1,web
2026-08-19,u_048,20260819_u_048,result_adopt,表格分析,v1,web
2026-08-19,u_049,20260819_u_049,page_view,表格分析,v2,web
2026-08-19,u_050,20260819_u_050,page_view,智能问答,v2,desktop
2026-08-19,u_051,20260819_u_051,page_view,表格分析,v1,web
2026-08-19,u_051,20260819_u_051,prompt_submit,表格分析,v1,web
2026-08-19,u_053,20260819_u_053,page_view,表格分析,v2,web
2026-08-19,u_054,20260819_u_054,page_view,表格分析,v1,desktop
2026-08-19,u_054,20260819_u_054,prompt_submit,表格分析,v1,desktop
2026-08-19,u_054,20260819_u_054,generation_success,表格分析,v1,desktop
2026-08-19,u_054,20260819_u_054,result_adopt,表格分析,v1,desktop
2026-08-19,u_055,20260819_u_055,page_view,文案生成,v2,desktop
2026-08-19,u_057,20260819_u_057,page_view,表格分析,v2,web
2026-08-19,u_057,20260819_u_057,prompt_submit,表格分析,v2,web
2026-08-19,u_059,20260819_u_059,page_view,智能问答,v2,web
2026-08-19,u_059,20260819_u_059,prompt_submit,智能问答,v2,web
2026-08-19,u_059,20260819_u_059,generation_success,智能问答,v2,web
2026-08-19,u_060,20260819_u_060,page_view,文案生成,v1,web
2026-08-19,u_060,20260819_u_060,prompt_submit,文案生成,v1,web
2026-08-19,u_060,20260819_u_060,generation_success,文案生成,v1,web
2026-08-19,u_060,20260819_u_060,result_adopt,文案生成,v1,web
2026-08-19,u_061,20260819_u_061,page_view,智能问答,v2,desktop
2026-08-19,u_061,20260819_u_061,prompt_submit,智能问答,v2,desktop
2026-08-19,u_062,20260819_u_062,page_view,智能问答,v1,desktop
2026-08-19,u_062,20260819_u_062,prompt_submit,智能问答,v1,desktop
2026-08-19,u_062,20260819_u_062,generation_success,智能问答,v1,desktop
2026-08-19,u_062,20260819_u_062,result_adopt,智能问答,v1,desktop
2026-08-19,u_062,20260819_u_062,feature_click,智能问答,v1,desktop
2026-08-19,u_064,20260819_u_064,page_view,表格分析,v1,desktop
2026-08-19,u_064,20260819_u_064,prompt_submit,表格分析,v1,desktop
2026-08-19,u_064,20260819_u_064,generation_success,表格分析,v1,desktop
2026-08-19,u_064,20260819_u_064,result_adopt,表格分析,v1,desktop
2026-08-19,u_064,20260819_u_064,feature_click,表格分析,v1,desktop
2026-08-19,u_066,20260819_u_066,page_view,智能问答,v2,desktop
2026-08-19,u_070,20260819_u_070,page_view,表格分析,v2,web
2026-08-19,u_070,20260819_u_070,prompt_submit,表格分析,v2,web
2026-08-19,u_070,20260819_u_070,generation_success,表格分析,v2,web
2026-08-19,u_070,20260819_u_070,feature_click,表格分析,v2,web
2026-08-19,u_071,20260819_u_071,page_view,文案生成,v1,desktop
2026-08-19,u_071,20260819_u_071,prompt_submit,文案生成,v1,desktop
2026-08-19,u_071,20260819_u_071,generation_success,文案生成,v1,desktop
2026-08-19,u_071,20260819_u_071,result_adopt,文案生成,v1,desktop
2026-08-19,u_071,20260819_u_071,feature_click,文案生成,v1,desktop
2026-08-19,u_073,20260819_u_073,page_view,智能问答,v1,desktop
2026-08-19,u_075,20260819_u_075,page_view,智能问答,v2,desktop
2026-08-19,u_075,20260819_u_075,prompt_submit,智能问答,v2,desktop
2026-08-19,u_075,20260819_u_075,generation_success,智能问答,v2,desktop
2026-08-19,u_075,20260819_u_075,feature_click,智能问答,v2,desktop
2026-08-19,u_077,20260819_u_077,page_view,智能问答,v1,web
2026-08-19,u_077,20260819_u_077,prompt_submit,智能问答,v1,web
2026-08-19,u_077,20260819_u_077,generation_success,智能问答,v1,web
2026-08-19,u_078,20260819_u_078,page_view,智能问答,v1,desktop
2026-08-19,u_078,20260819_u_078,prompt_submit,智能问答,v1,desktop
2026-08-19,u_078,20260819_u_078,generation_success,智能问答,v1,desktop
2026-08-19,u_078,20260819_u_078,result_adopt,智能问答,v1,desktop
2026-08-19,u_078,20260819_u_078,feature_click,智能问答,v1,desktop
2026-08-19,u_080,20260819_u_080,page_view,智能问答,v1,web
2026-08-19,u_081,20260819_u_081,page_view,智能问答,v1,web
2026-08-19,u_081,20260819_u_081,prompt_submit,智能问答,v1,web
2026-08-19,u_085,20260819_u_085,page_view,文案生成,v2,desktop
2026-08-19,u_085,20260819_u_085,prompt_submit,文案生成,v2,desktop
2026-08-19,u_085,20260819_u_085,generation_success,文案生成,v2,desktop
2026-08-19,u_086,20260819_u_086,page_view,文案生成,v1,web
2026-08-19,u_088,20260819_u_088,page_view,文案生成,v2,web
2026-08-19,u_088,20260819_u_088,prompt_submit,文案生成,v2,web
2026-08-19,u_088,20260819_u_088,generation_success,文案生成,v2,web
2026-08-19,u_089,20260819_u_089,page_view,智能问答,v2,web
2026-08-19,u_090,20260819_u_090,page_view,文案生成,v1,web
2026-08-19,u_090,20260819_u_090,prompt_submit,文案生成,v1,web
2026-08-19,u_090,20260819_u_090,generation_success,文案生成,v1,web
2026-08-19,u_092,20260819_u_092,page_view,表格分析,v2,web
2026-08-19,u_092,20260819_u_092,prompt_submit,表格分析,v2,web
2026-08-19,u_093,20260819_u_093,page_view,智能问答,v1,desktop
2026-08-19,u_094,20260819_u_094,page_view,表格分析,v2,web
2026-08-19,u_094,20260819_u_094,prompt_submit,表格分析,v2,web
2026-08-19,u_094,20260819_u_094,generation_success,表格分析,v2,web
2026-08-19,u_094,20260819_u_094,feature_click,表格分析,v2,web
2026-08-19,u_095,20260819_u_095,page_view,文案生成,v2,desktop
2026-08-19,u_095,20260819_u_095,prompt_submit,文案生成,v2,desktop
2026-08-19,u_095,20260819_u_095,generation_success,文案生成,v2,desktop
2026-08-19,u_095,20260819_u_095,result_adopt,文案生成,v2,desktop
2026-08-19,u_095,20260819_u_095,feature_click,文案生成,v2,desktop
2026-08-19,u_096,20260819_u_096,page_view,文案生成,v2,web
2026-08-19,u_096,20260819_u_096,prompt_submit,文案生成,v2,web
2026-08-19,u_097,20260819_u_097,page_view,智能问答,v2,desktop
2026-08-19,u_097,20260819_u_097,prompt_submit,智能问答,v2,desktop
2026-08-19,u_098,20260819_u_098,page_view,表格分析,v1,desktop
2026-08-19,u_098,20260819_u_098,prompt_submit,表格分析,v1,desktop
2026-08-19,u_098,20260819_u_098,generation_success,表格分析,v1,desktop
2026-08-19,u_098,20260819_u_098,result_adopt,表格分析,v1,desktop
2026-08-19,u_098,20260819_u_098,feature_click,表格分析,v1,desktop
2026-08-19,u_099,20260819_u_099,page_view,智能问答,v1,desktop
2026-08-19,u_102,20260819_u_102,page_view,表格分析,v2,desktop
2026-08-19,u_102,20260819_u_102,prompt_submit,表格分析,v2,desktop
2026-08-19,u_102,20260819_u_102,generation_success,表格分析,v2,desktop
2026-08-19,u_102,20260819_u_102,feature_click,表格分析,v2,desktop
2026-08-19,u_105,20260819_u_105,page_view,智能问答,v1,web
2026-08-19,u_105,20260819_u_105,prompt_submit,智能问答,v1,web
2026-08-19,u_105,20260819_u_105,generation_success,智能问答,v1,web
2026-08-19,u_105,20260819_u_105,result_adopt,智能问答,v1,web
2026-08-19,u_105,20260819_u_105,feature_click,智能问答,v1,web
2026-08-19,u_108,20260819_u_108,page_view,文案生成,v1,web
2026-08-19,u_108,20260819_u_108,prompt_submit,文案生成,v1,web
2026-08-19,u_108,20260819_u_108,generation_success,文案生成,v1,web
2026-08-19,u_108,20260819_u_108,feature_click,文案生成,v1,web
2026-08-19,u_109,20260819_u_109,page_view,文案生成,v2,web
2026-08-19,u_109,20260819_u_109,prompt_submit,文案生成,v2,web
2026-08-19,u_109,20260819_u_109,generation_success,文案生成,v2,web
2026-08-19,u_109,20260819_u_109,feature_click,文案生成,v2,web
2026-08-19,u_110,20260819_u_110,page_view,表格分析,v2,desktop
2026-08-19,u_113,20260819_u_113,page_view,文案生成,v2,web
2026-08-19,u_113,20260819_u_113,prompt_submit,文案生成,v2,web
2026-08-19,u_113,20260819_u_113,generation_success,文案生成,v2,web
2026-08-19,u_113,20260819_u_113,feature_click,文案生成,v2,web
2026-08-19,u_114,20260819_u_114,page_view,表格分析,v2,desktop
2026-08-19,u_114,20260819_u_114,prompt_submit,表格分析,v2,desktop
2026-08-19,u_114,20260819_u_114,generation_success,表格分析,v2,desktop
2026-08-19,u_114,20260819_u_114,result_adopt,表格分析,v2,desktop
2026-08-19,u_116,20260819_u_116,page_view,智能问答,v2,desktop
2026-08-19,u_117,20260819_u_117,page_view,表格分析,v2,web
2026-08-19,u_117,20260819_u_117,prompt_submit,表格分析,v2,web
2026-08-19,u_117,20260819_u_117,generation_success,表格分析,v2,web
2026-08-19,u_117,20260819_u_117,result_adopt,表格分析,v2,web
2026-08-19,u_117,20260819_u_117,feature_click,表格分析,v2,web
2026-08-19,u_118,20260819_u_118,page_view,表格分析,v1,web
2026-08-19,u_118,20260819_u_118,prompt_submit,表格分析,v1,web
2026-08-19,u_118,20260819_u_118,generation_success,表格分析,v1,web
2026-08-19,u_123,20260819_u_123,page_view,文案生成,v2,web
2026-08-19,u_126,20260819_u_126,page_view,智能问答,v2,desktop
2026-08-19,u_126,20260819_u_126,prompt_submit,智能问答,v2,desktop
2026-08-19,u_126,20260819_u_126,generation_success,智能问答,v2,desktop
2026-08-19,u_126,20260819_u_126,feature_click,智能问答,v2,desktop
2026-08-19,u_129,20260819_u_129,page_view,智能问答,v1,desktop
2026-08-19,u_129,20260819_u_129,prompt_submit,智能问答,v1,desktop
2026-08-19,u_129,20260819_u_129,generation_success,智能问答,v1,desktop
2026-08-19,u_129,20260819_u_129,result_adopt,智能问答,v1,desktop
2026-08-19,u_132,20260819_u_132,page_view,表格分析,v2,web
2026-08-19,u_132,20260819_u_132,prompt_submit,表格分析,v2,web
2026-08-19,u_134,20260819_u_134,page_view,智能问答,v1,desktop
2026-08-19,u_134,20260819_u_134,prompt_submit,智能问答,v1,desktop
2026-08-19,u_134,20260819_u_134,generation_success,智能问答,v1,desktop
2026-08-19,u_140,20260819_u_140,page_view,表格分析,v2,web
2026-08-19,u_140,20260819_u_140,prompt_submit,表格分析,v2,web
2026-08-19,u_140,20260819_u_140,generation_success,表格分析,v2,web
2026-08-19,u_140,20260819_u_140,result_adopt,表格分析,v2,web
2026-08-19,u_141,20260819_u_141,page_view,文案生成,v1,web
2026-08-19,u_141,20260819_u_141,prompt_submit,文案生成,v1,web
2026-08-19,u_141,20260819_u_141,generation_success,文案生成,v1,web
2026-08-19,u_141,20260819_u_141,result_adopt,文案生成,v1,web
2026-08-19,u_141,20260819_u_141,feature_click,文案生成,v1,web
2026-08-19,u_142,20260819_u_142,page_view,文案生成,v1,web
2026-08-19,u_142,20260819_u_142,prompt_submit,文案生成,v1,web
2026-08-19,u_142,20260819_u_142,generation_success,文案生成,v1,web
2026-08-19,u_142,20260819_u_142,feature_click,文案生成,v1,web
2026-08-19,u_143,20260819_u_143,page_view,文案生成,v2,desktop
2026-08-19,u_144,20260819_u_144,page_view,文案生成,v2,desktop
2026-08-19,u_144,20260819_u_144,prompt_submit,文案生成,v2,desktop
2026-08-19,u_144,20260819_u_144,generation_success,文案生成,v2,desktop
2026-08-19,u_144,20260819_u_144,result_adopt,文案生成,v2,desktop
2026-08-19,u_149,20260819_u_149,page_view,表格分析,v2,desktop
2026-08-19,u_149,20260819_u_149,prompt_submit,表格分析,v2,desktop
2026-08-19,u_149,20260819_u_149,generation_success,表格分析,v2,desktop
2026-08-19,u_150,20260819_u_150,page_view,文案生成,v2,web
2026-08-19,u_150,20260819_u_150,prompt_submit,文案生成,v2,web
2026-08-19,u_150,20260819_u_150,generation_success,文案生成,v2,web
2026-08-19,u_150,20260819_u_150,feature_click,文案生成,v2,web
2026-08-19,u_151,20260819_u_151,page_view,智能问答,v2,web
2026-08-19,u_152,20260819_u_152,page_view,智能问答,v1,web
2026-08-19,u_152,20260819_u_152,prompt_submit,智能问答,v1,web
2026-08-19,u_152,20260819_u_152,generation_success,智能问答,v1,web
2026-08-19,u_154,20260819_u_154,page_view,文案生成,v2,desktop
2026-08-19,u_155,20260819_u_155,page_view,表格分析,v1,desktop
2026-08-19,u_155,20260819_u_155,prompt_submit,表格分析,v1,desktop
2026-08-19,u_155,20260819_u_155,generation_success,表格分析,v1,desktop
2026-08-19,u_155,20260819_u_155,feature_click,表格分析,v1,desktop
2026-08-19,u_156,20260819_u_156,page_view,文案生成,v1,desktop
2026-08-19,u_156,20260819_u_156,prompt_submit,文案生成,v1,desktop
2026-08-19,u_156,20260819_u_156,generation_success,文案生成,v1,desktop
2026-08-19,u_156,20260819_u_156,feature_click,文案生成,v1,desktop
2026-08-19,u_158,20260819_u_158,page_view,表格分析,v1,desktop
2026-08-19,u_159,20260819_u_159,page_view,智能问答,v1,desktop
2026-08-19,u_159,20260819_u_159,prompt_submit,智能问答,v1,desktop
2026-08-19,u_159,20260819_u_159,generation_success,智能问答,v1,desktop
2026-08-19,u_159,20260819_u_159,feature_click,智能问答,v1,desktop
2026-08-19,u_162,20260819_u_162,page_view,表格分析,v1,desktop
2026-08-19,u_162,20260819_u_162,prompt_submit,表格分析,v1,desktop
2026-08-19,u_162,20260819_u_162,generation_success,表格分析,v1,desktop
2026-08-19,u_162,20260819_u_162,feature_click,表格分析,v1,desktop
2026-08-19,u_163,20260819_u_163,page_view,智能问答,v2,desktop
2026-08-19,u_163,20260819_u_163,prompt_submit,智能问答,v2,desktop
2026-08-19,u_163,20260819_u_163,generation_success,智能问答,v2,desktop
2026-08-19,u_163,20260819_u_163,feature_click,智能问答,v2,desktop
2026-08-19,u_164,20260819_u_164,page_view,表格分析,v1,desktop
2026-08-19,u_165,20260819_u_165,page_view,表格分析,v1,web
2026-08-19,u_166,20260819_u_166,page_view,文案生成,v1,web
2026-08-19,u_166,20260819_u_166,prompt_submit,文案生成,v1,web
2026-08-19,u_166,20260819_u_166,generation_success,文案生成,v1,web
2026-08-19,u_166,20260819_u_166,result_adopt,文案生成,v1,web
2026-08-19,u_172,20260819_u_172,page_view,表格分析,v1,desktop
2026-08-19,u_172,20260819_u_172,prompt_submit,表格分析,v1,desktop
2026-08-19,u_172,20260819_u_172,generation_success,表格分析,v1,desktop
2026-08-19,u_172,20260819_u_172,result_adopt,表格分析,v1,desktop
2026-08-19,u_172,20260819_u_172,feature_click,表格分析,v1,desktop
2026-08-19,u_174,20260819_u_174,page_view,智能问答,v1,web
2026-08-19,u_174,20260819_u_174,prompt_submit,智能问答,v1,web
2026-08-19,u_177,20260819_u_177,page_view,文案生成,v2,web
2026-08-19,u_177,20260819_u_177,prompt_submit,文案生成,v2,web
2026-08-19,u_177,20260819_u_177,generation_success,文案生成,v2,web
2026-08-20,u_001,20260820_u_001,page_view,文案生成,v1,web
2026-08-20,u_002,20260820_u_002,page_view,智能问答,v1,web
2026-08-20,u_002,20260820_u_002,prompt_submit,智能问答,v1,web
2026-08-20,u_002,20260820_u_002,generation_success,智能问答,v1,web
2026-08-20,u_004,20260820_u_004,page_view,表格分析,v1,web
2026-08-20,u_008,20260820_u_008,page_view,表格分析,v1,web
2026-08-20,u_009,20260820_u_009,page_view,表格分析,v1,web
2026-08-20,u_009,20260820_u_009,prompt_submit,表格分析,v1,web
2026-08-20,u_009,20260820_u_009,generation_success,表格分析,v1,web
2026-08-20,u_009,20260820_u_009,result_adopt,表格分析,v1,web
2026-08-20,u_009,20260820_u_009,feature_click,表格分析,v1,web
2026-08-20,u_010,20260820_u_010,page_view,表格分析,v2,desktop
2026-08-20,u_010,20260820_u_010,prompt_submit,表格分析,v2,desktop
2026-08-20,u_013,20260820_u_013,page_view,文案生成,v2,desktop
2026-08-20,u_013,20260820_u_013,prompt_submit,文案生成,v2,desktop
2026-08-20,u_013,20260820_u_013,generation_success,文案生成,v2,desktop
2026-08-20,u_014,20260820_u_014,page_view,表格分析,v2,web
2026-08-20,u_014,20260820_u_014,prompt_submit,表格分析,v2,web
2026-08-20,u_014,20260820_u_014,generation_success,表格分析,v2,web
2026-08-20,u_014,20260820_u_014,feature_click,表格分析,v2,web
2026-08-20,u_015,20260820_u_015,page_view,智能问答,v1,web
2026-08-20,u_017,20260820_u_017,page_view,表格分析,v1,desktop
2026-08-20,u_017,20260820_u_017,prompt_submit,表格分析,v1,desktop
2026-08-20,u_017,20260820_u_017,generation_success,表格分析,v1,desktop
2026-08-20,u_018,20260820_u_018,page_view,智能问答,v2,web
2026-08-20,u_019,20260820_u_019,page_view,智能问答,v2,web
2026-08-20,u_019,20260820_u_019,prompt_submit,智能问答,v2,web
2026-08-20,u_019,20260820_u_019,generation_success,智能问答,v2,web
2026-08-20,u_019,20260820_u_019,result_adopt,智能问答,v2,web
2026-08-20,u_020,20260820_u_020,page_view,文案生成,v2,desktop
2026-08-20,u_021,20260820_u_021,page_view,文案生成,v1,web
2026-08-20,u_021,20260820_u_021,prompt_submit,文案生成,v1,web
2026-08-20,u_022,20260820_u_022,page_view,文案生成,v2,desktop
2026-08-20,u_022,20260820_u_022,prompt_submit,文案生成,v2,desktop
2026-08-20,u_022,20260820_u_022,generation_success,文案生成,v2,desktop
2026-08-20,u_022,20260820_u_022,result_adopt,文案生成,v2,desktop
2026-08-20,u_025,20260820_u_025,page_view,智能问答,v1,web
2026-08-20,u_025,20260820_u_025,prompt_submit,智能问答,v1,web
2026-08-20,u_025,20260820_u_025,generation_success,智能问答,v1,web
2026-08-20,u_025,20260820_u_025,feature_click,智能问答,v1,web
2026-08-20,u_030,20260820_u_030,page_view,智能问答,v1,web
2026-08-20,u_030,20260820_u_030,prompt_submit,智能问答,v1,web
2026-08-20,u_030,20260820_u_030,generation_success,智能问答,v1,web
2026-08-20,u_032,20260820_u_032,page_view,表格分析,v1,web
2026-08-20,u_033,20260820_u_033,page_view,智能问答,v2,web
2026-08-20,u_033,20260820_u_033,prompt_submit,智能问答,v2,web
2026-08-20,u_033,20260820_u_033,generation_success,智能问答,v2,web
2026-08-20,u_033,20260820_u_033,feature_click,智能问答,v2,web
2026-08-20,u_035,20260820_u_035,page_view,表格分析,v1,web
2026-08-20,u_035,20260820_u_035,prompt_submit,表格分析,v1,web
2026-08-20,u_035,20260820_u_035,generation_success,表格分析,v1,web
2026-08-20,u_037,20260820_u_037,page_view,文案生成,v1,web
2026-08-20,u_037,20260820_u_037,prompt_submit,文案生成,v1,web
2026-08-20,u_037,20260820_u_037,generation_success,文案生成,v1,web
2026-08-20,u_037,20260820_u_037,result_adopt,文案生成,v1,web
2026-08-20,u_037,20260820_u_037,feature_click,文案生成,v1,web
2026-08-20,u_039,20260820_u_039,page_view,智能问答,v2,desktop
2026-08-20,u_039,20260820_u_039,prompt_submit,智能问答,v2,desktop
2026-08-20,u_039,20260820_u_039,generation_success,智能问答,v2,desktop
2026-08-20,u_039,20260820_u_039,feature_click,智能问答,v2,desktop
2026-08-20,u_040,20260820_u_040,page_view,文案生成,v2,web
2026-08-20,u_040,20260820_u_040,prompt_submit,文案生成,v2,web
2026-08-20,u_040,20260820_u_040,generation_success,文案生成,v2,web
2026-08-20,u_040,20260820_u_040,result_adopt,文案生成,v2,web
2026-08-20,u_040,20260820_u_040,feature_click,文案生成,v2,web
2026-08-20,u_041,20260820_u_041,page_view,文案生成,v2,desktop
2026-08-20,u_042,20260820_u_042,page_view,文案生成,v1,desktop
2026-08-20,u_045,20260820_u_045,page_view,文案生成,v1,desktop
2026-08-20,u_045,20260820_u_045,prompt_submit,文案生成,v1,desktop
2026-08-20,u_047,20260820_u_047,page_view,文案生成,v2,desktop
2026-08-20,u_051,20260820_u_051,page_view,表格分析,v1,web
2026-08-20,u_051,20260820_u_051,prompt_submit,表格分析,v1,web
2026-08-20,u_051,20260820_u_051,generation_success,表格分析,v1,web
2026-08-20,u_051,20260820_u_051,result_adopt,表格分析,v1,web
2026-08-20,u_053,20260820_u_053,page_view,智能问答,v1,web
2026-08-20,u_053,20260820_u_053,prompt_submit,智能问答,v1,web
2026-08-20,u_053,20260820_u_053,generation_success,智能问答,v1,web
2026-08-20,u_053,20260820_u_053,result_adopt,智能问答,v1,web
2026-08-20,u_057,20260820_u_057,page_view,表格分析,v1,desktop
2026-08-20,u_057,20260820_u_057,prompt_submit,表格分析,v1,desktop
2026-08-20,u_057,20260820_u_057,generation_success,表格分析,v1,desktop
2026-08-20,u_057,20260820_u_057,feature_click,表格分析,v1,desktop
2026-08-20,u_059,20260820_u_059,page_view,智能问答,v2,desktop
2026-08-20,u_059,20260820_u_059,prompt_submit,智能问答,v2,desktop
2026-08-20,u_059,20260820_u_059,generation_success,智能问答,v2,desktop
2026-08-20,u_059,20260820_u_059,result_adopt,智能问答,v2,desktop
2026-08-20,u_059,20260820_u_059,feature_click,智能问答,v2,desktop
2026-08-20,u_061,20260820_u_061,page_view,智能问答,v1,web
2026-08-20,u_061,20260820_u_061,prompt_submit,智能问答,v1,web
2026-08-20,u_062,20260820_u_062,page_view,文案生成,v2,web
2026-08-20,u_062,20260820_u_062,prompt_submit,文案生成,v2,web
2026-08-20,u_062,20260820_u_062,generation_success,文案生成,v2,web
2026-08-20,u_064,20260820_u_064,page_view,文案生成,v2,desktop
2026-08-20,u_064,20260820_u_064,prompt_submit,文案生成,v2,desktop
2026-08-20,u_064,20260820_u_064,generation_success,文案生成,v2,desktop
2026-08-20,u_064,20260820_u_064,result_adopt,文案生成,v2,desktop
2026-08-20,u_068,20260820_u_068,page_view,文案生成,v2,web
2026-08-20,u_069,20260820_u_069,page_view,文案生成,v1,desktop
2026-08-20,u_069,20260820_u_069,prompt_submit,文案生成,v1,desktop
2026-08-20,u_069,20260820_u_069,generation_success,文案生成,v1,desktop
2026-08-20,u_069,20260820_u_069,feature_click,文案生成,v1,desktop
2026-08-20,u_070,20260820_u_070,page_view,智能问答,v1,web
2026-08-20,u_070,20260820_u_070,prompt_submit,智能问答,v1,web
2026-08-20,u_070,20260820_u_070,generation_success,智能问答,v1,web
2026-08-20,u_072,20260820_u_072,page_view,表格分析,v2,desktop
2026-08-20,u_072,20260820_u_072,prompt_submit,表格分析,v2,desktop
2026-08-20,u_072,20260820_u_072,generation_success,表格分析,v2,desktop
2026-08-20,u_072,20260820_u_072,feature_click,表格分析,v2,desktop
2026-08-20,u_073,20260820_u_073,page_view,文案生成,v1,desktop
2026-08-20,u_074,20260820_u_074,page_view,文案生成,v2,desktop
2026-08-20,u_076,20260820_u_076,page_view,智能问答,v2,web
2026-08-20,u_078,20260820_u_078,page_view,文案生成,v2,web
2026-08-20,u_078,20260820_u_078,prompt_submit,文案生成,v2,web
2026-08-20,u_078,20260820_u_078,generation_success,文案生成,v2,web
2026-08-20,u_080,20260820_u_080,page_view,智能问答,v2,web
2026-08-20,u_080,20260820_u_080,prompt_submit,智能问答,v2,web
2026-08-20,u_080,20260820_u_080,generation_success,智能问答,v2,web
2026-08-20,u_081,20260820_u_081,page_view,文案生成,v1,web
2026-08-20,u_086,20260820_u_086,page_view,智能问答,v2,web
2026-08-20,u_086,20260820_u_086,prompt_submit,智能问答,v2,web
2026-08-20,u_086,20260820_u_086,generation_success,智能问答,v2,web
2026-08-20,u_087,20260820_u_087,page_view,文案生成,v2,desktop
2026-08-20,u_087,20260820_u_087,prompt_submit,文案生成,v2,desktop
2026-08-20,u_087,20260820_u_087,generation_success,文案生成,v2,desktop
2026-08-20,u_087,20260820_u_087,result_adopt,文案生成,v2,desktop
2026-08-20,u_087,20260820_u_087,feature_click,文案生成,v2,desktop
2026-08-20,u_088,20260820_u_088,page_view,智能问答,v1,desktop
2026-08-20,u_090,20260820_u_090,page_view,表格分析,v2,web
2026-08-20,u_094,20260820_u_094,page_view,智能问答,v1,web
2026-08-20,u_094,20260820_u_094,prompt_submit,智能问答,v1,web
2026-08-20,u_094,20260820_u_094,generation_success,智能问答,v1,web
2026-08-20,u_094,20260820_u_094,result_adopt,智能问答,v1,web
2026-08-20,u_095,20260820_u_095,page_view,文案生成,v1,desktop
2026-08-20,u_095,20260820_u_095,prompt_submit,文案生成,v1,desktop
2026-08-20,u_098,20260820_u_098,page_view,文案生成,v2,web
2026-08-20,u_099,20260820_u_099,page_view,表格分析,v2,web
2026-08-20,u_099,20260820_u_099,prompt_submit,表格分析,v2,web
2026-08-20,u_099,20260820_u_099,generation_success,表格分析,v2,web
2026-08-20,u_102,20260820_u_102,page_view,文案生成,v2,desktop
2026-08-20,u_102,20260820_u_102,prompt_submit,文案生成,v2,desktop
2026-08-20,u_103,20260820_u_103,page_view,表格分析,v2,web
2026-08-20,u_103,20260820_u_103,prompt_submit,表格分析,v2,web
2026-08-20,u_103,20260820_u_103,generation_success,表格分析,v2,web
2026-08-20,u_104,20260820_u_104,page_view,文案生成,v1,web
2026-08-20,u_104,20260820_u_104,prompt_submit,文案生成,v1,web
2026-08-20,u_104,20260820_u_104,generation_success,文案生成,v1,web
2026-08-20,u_104,20260820_u_104,result_adopt,文案生成,v1,web
2026-08-20,u_107,20260820_u_107,page_view,智能问答,v2,web
2026-08-20,u_107,20260820_u_107,prompt_submit,智能问答,v2,web
2026-08-20,u_107,20260820_u_107,generation_success,智能问答,v2,web
2026-08-20,u_107,20260820_u_107,result_adopt,智能问答,v2,web
2026-08-20,u_108,20260820_u_108,page_view,文案生成,v1,desktop
2026-08-20,u_109,20260820_u_109,page_view,文案生成,v2,web
2026-08-20,u_109,20260820_u_109,prompt_submit,文案生成,v2,web
2026-08-20,u_109,20260820_u_109,generation_success,文案生成,v2,web
2026-08-20,u_109,20260820_u_109,result_adopt,文案生成,v2,web
2026-08-20,u_110,20260820_u_110,page_view,智能问答,v2,desktop
2026-08-20,u_110,20260820_u_110,prompt_submit,智能问答,v2,desktop
2026-08-20,u_110,20260820_u_110,generation_success,智能问答,v2,desktop
2026-08-20,u_110,20260820_u_110,feature_click,智能问答,v2,desktop
2026-08-20,u_112,20260820_u_112,page_view,智能问答,v1,desktop
2026-08-20,u_115,20260820_u_115,page_view,智能问答,v1,desktop
2026-08-20,u_115,20260820_u_115,prompt_submit,智能问答,v1,desktop
2026-08-20,u_115,20260820_u_115,generation_success,智能问答,v1,desktop
2026-08-20,u_117,20260820_u_117,page_view,表格分析,v1,desktop
2026-08-20,u_117,20260820_u_117,prompt_submit,表格分析,v1,desktop
2026-08-20,u_117,20260820_u_117,generation_success,表格分析,v1,desktop
2026-08-20,u_118,20260820_u_118,page_view,表格分析,v1,desktop
2026-08-20,u_118,20260820_u_118,prompt_submit,表格分析,v1,desktop
2026-08-20,u_118,20260820_u_118,generation_success,表格分析,v1,desktop
2026-08-20,u_118,20260820_u_118,feature_click,表格分析,v1,desktop
2026-08-20,u_119,20260820_u_119,page_view,文案生成,v2,web
2026-08-20,u_119,20260820_u_119,prompt_submit,文案生成,v2,web
2026-08-20,u_119,20260820_u_119,generation_success,文案生成,v2,web
2026-08-20,u_119,20260820_u_119,result_adopt,文案生成,v2,web
2026-08-20,u_121,20260820_u_121,page_view,表格分析,v1,web
2026-08-20,u_122,20260820_u_122,page_view,表格分析,v2,web
2026-08-20,u_122,20260820_u_122,prompt_submit,表格分析,v2,web
2026-08-20,u_122,20260820_u_122,generation_success,表格分析,v2,web
2026-08-20,u_122,20260820_u_122,feature_click,表格分析,v2,web
2026-08-20,u_123,20260820_u_123,page_view,智能问答,v1,desktop
2026-08-20,u_123,20260820_u_123,prompt_submit,智能问答,v1,desktop
2026-08-20,u_123,20260820_u_123,generation_success,智能问答,v1,desktop
2026-08-20,u_123,20260820_u_123,feature_click,智能问答,v1,desktop
2026-08-20,u_124,20260820_u_124,page_view,文案生成,v1,web
2026-08-20,u_124,20260820_u_124,prompt_submit,文案生成,v1,web
2026-08-20,u_124,20260820_u_124,generation_success,文案生成,v1,web
2026-08-20,u_124,20260820_u_124,feature_click,文案生成,v1,web
2026-08-20,u_127,20260820_u_127,page_view,表格分析,v1,desktop
2026-08-20,u_128,20260820_u_128,page_view,表格分析,v2,desktop
2026-08-20,u_128,20260820_u_128,prompt_submit,表格分析,v2,desktop
2026-08-20,u_128,20260820_u_128,generation_success,表格分析,v2,desktop
2026-08-20,u_128,20260820_u_128,result_adopt,表格分析,v2,desktop
2026-08-20,u_129,20260820_u_129,page_view,智能问答,v1,desktop
2026-08-20,u_129,20260820_u_129,prompt_submit,智能问答,v1,desktop
2026-08-20,u_129,20260820_u_129,generation_success,智能问答,v1,desktop
2026-08-20,u_129,20260820_u_129,result_adopt,智能问答,v1,desktop
2026-08-20,u_131,20260820_u_131,page_view,表格分析,v2,web
2026-08-20,u_131,20260820_u_131,prompt_submit,表格分析,v2,web
2026-08-20,u_131,20260820_u_131,generation_success,表格分析,v2,web
2026-08-20,u_131,20260820_u_131,feature_click,表格分析,v2,web
2026-08-20,u_132,20260820_u_132,page_view,智能问答,v2,desktop
2026-08-20,u_133,20260820_u_133,page_view,智能问答,v1,web
2026-08-20,u_133,20260820_u_133,prompt_submit,智能问答,v1,web
2026-08-20,u_133,20260820_u_133,generation_success,智能问答,v1,web
2026-08-20,u_133,20260820_u_133,feature_click,智能问答,v1,web
2026-08-20,u_138,20260820_u_138,page_view,表格分析,v2,desktop
2026-08-20,u_138,20260820_u_138,prompt_submit,表格分析,v2,desktop
2026-08-20,u_138,20260820_u_138,generation_success,表格分析,v2,desktop
2026-08-20,u_138,20260820_u_138,feature_click,表格分析,v2,desktop
2026-08-20,u_141,20260820_u_141,page_view,文案生成,v1,desktop
2026-08-20,u_141,20260820_u_141,prompt_submit,文案生成,v1,desktop
2026-08-20,u_141,20260820_u_141,generation_success,文案生成,v1,desktop
2026-08-20,u_141,20260820_u_141,feature_click,文案生成,v1,desktop
2026-08-20,u_142,20260820_u_142,page_view,文案生成,v2,desktop
2026-08-20,u_142,20260820_u_142,prompt_submit,文案生成,v2,desktop
2026-08-20,u_142,20260820_u_142,generation_success,文案生成,v2,desktop
2026-08-20,u_143,20260820_u_143,page_view,表格分析,v2,desktop
2026-08-20,u_143,20260820_u_143,prompt_submit,表格分析,v2,desktop
2026-08-20,u_143,20260820_u_143,generation_success,表格分析,v2,desktop
2026-08-20,u_143,20260820_u_143,feature_click,表格分析,v2,desktop
2026-08-20,u_144,20260820_u_144,page_view,智能问答,v1,web
2026-08-20,u_144,20260820_u_144,prompt_submit,智能问答,v1,web
2026-08-20,u_144,20260820_u_144,generation_success,智能问答,v1,web
2026-08-20,u_144,20260820_u_144,result_adopt,智能问答,v1,web
2026-08-20,u_145,20260820_u_145,page_view,表格分析,v2,web
2026-08-20,u_145,20260820_u_145,prompt_submit,表格分析,v2,web
2026-08-20,u_145,20260820_u_145,generation_success,表格分析,v2,web
2026-08-20,u_145,20260820_u_145,result_adopt,表格分析,v2,web
2026-08-20,u_145,20260820_u_145,feature_click,表格分析,v2,web
2026-08-20,u_147,20260820_u_147,page_view,智能问答,v2,web
2026-08-20,u_150,20260820_u_150,page_view,表格分析,v1,web
2026-08-20,u_150,20260820_u_150,prompt_submit,表格分析,v1,web
2026-08-20,u_150,20260820_u_150,generation_success,表格分析,v1,web
2026-08-20,u_150,20260820_u_150,result_adopt,表格分析,v1,web
2026-08-20,u_150,20260820_u_150,feature_click,表格分析,v1,web
2026-08-20,u_151,20260820_u_151,page_view,智能问答,v1,desktop
2026-08-20,u_155,20260820_u_155,page_view,表格分析,v1,web
2026-08-20,u_156,20260820_u_156,page_view,表格分析,v1,desktop
2026-08-20,u_156,20260820_u_156,prompt_submit,表格分析,v1,desktop
2026-08-20,u_156,20260820_u_156,generation_success,表格分析,v1,desktop
2026-08-20,u_158,20260820_u_158,page_view,表格分析,v2,web
2026-08-20,u_158,20260820_u_158,prompt_submit,表格分析,v2,web
2026-08-20,u_158,20260820_u_158,generation_success,表格分析,v2,web
2026-08-20,u_159,20260820_u_159,page_view,智能问答,v1,web
2026-08-20,u_159,20260820_u_159,prompt_submit,智能问答,v1,web
2026-08-20,u_159,20260820_u_159,generation_success,智能问答,v1,web
2026-08-20,u_159,20260820_u_159,feature_click,智能问答,v1,web
2026-08-20,u_161,20260820_u_161,page_view,文案生成,v2,desktop
2026-08-20,u_161,20260820_u_161,prompt_submit,文案生成,v2,desktop
2026-08-20,u_161,20260820_u_161,generation_success,文案生成,v2,desktop
2026-08-20,u_161,20260820_u_161,result_adopt,文案生成,v2,desktop
2026-08-20,u_163,20260820_u_163,page_view,表格分析,v2,desktop
2026-08-20,u_163,20260820_u_163,prompt_submit,表格分析,v2,desktop
2026-08-20,u_163,20260820_u_163,generation_success,表格分析,v2,desktop
2026-08-20,u_163,20260820_u_163,result_adopt,表格分析,v2,desktop
2026-08-20,u_165,20260820_u_165,page_view,智能问答,v1,desktop
2026-08-20,u_165,20260820_u_165,prompt_submit,智能问答,v1,desktop
2026-08-20,u_165,20260820_u_165,generation_success,智能问答,v1,desktop
2026-08-20,u_167,20260820_u_167,page_view,表格分析,v1,desktop
2026-08-20,u_168,20260820_u_168,page_view,文案生成,v1,desktop
2026-08-20,u_168,20260820_u_168,prompt_submit,文案生成,v1,desktop
2026-08-20,u_168,20260820_u_168,generation_success,文案生成,v1,desktop
2026-08-20,u_168,20260820_u_168,feature_click,文案生成,v1,desktop
2026-08-20,u_169,20260820_u_169,page_view,文案生成,v1,web
2026-08-20,u_169,20260820_u_169,prompt_submit,文案生成,v1,web
2026-08-20,u_169,20260820_u_169,generation_success,文案生成,v1,web
2026-08-20,u_169,20260820_u_169,feature_click,文案生成,v1,web
2026-08-20,u_173,20260820_u_173,page_view,文案生成,v1,desktop
2026-08-20,u_173,20260820_u_173,prompt_submit,文案生成,v1,desktop
2026-08-20,u_173,20260820_u_173,generation_success,文案生成,v1,desktop
2026-08-20,u_173,20260820_u_173,result_adopt,文案生成,v1,desktop
2026-08-20,u_173,20260820_u_173,feature_click,文案生成,v1,desktop
2026-08-20,u_175,20260820_u_175,page_view,表格分析,v1,desktop
2026-08-20,u_175,20260820_u_175,prompt_submit,表格分析,v1,desktop
2026-08-20,u_175,20260820_u_175,generation_success,表格分析,v1,desktop
2026-08-20,u_176,20260820_u_176,page_view,文案生成,v2,web
2026-08-20,u_176,20260820_u_176,prompt_submit,文案生成,v2,web
2026-08-20,u_176,20260820_u_176,generation_success,文案生成,v2,web
2026-08-20,u_176,20260820_u_176,result_adopt,文案生成,v2,web
2026-08-20,u_176,20260820_u_176,feature_click,文案生成,v2,web
2026-08-20,u_177,20260820_u_177,page_view,智能问答,v2,desktop
2026-08-20,u_177,20260820_u_177,prompt_submit,智能问答,v2,desktop
2026-08-20,u_177,20260820_u_177,generation_success,智能问答,v2,desktop
2026-08-20,u_177,20260820_u_177,result_adopt,智能问答,v2,desktop
2026-08-20,u_177,20260820_u_177,feature_click,智能问答,v2,desktop
2026-08-20,u_180,20260820_u_180,page_view,表格分析,v1,desktop
2026-08-21,u_003,20260821_u_003,page_view,表格分析,v1,web
2026-08-21,u_003,20260821_u_003,prompt_submit,表格分析,v1,web
2026-08-21,u_003,20260821_u_003,generation_success,表格分析,v1,web
2026-08-21,u_004,20260821_u_004,page_view,智能问答,v1,desktop
2026-08-21,u_004,20260821_u_004,prompt_submit,智能问答,v1,desktop
2026-08-21,u_004,20260821_u_004,generation_success,智能问答,v1,desktop
2026-08-21,u_004,20260821_u_004,result_adopt,智能问答,v1,desktop
2026-08-21,u_005,20260821_u_005,page_view,表格分析,v2,web
2026-08-21,u_006,20260821_u_006,page_view,表格分析,v1,desktop
2026-08-21,u_008,20260821_u_008,page_view,文案生成,v2,web
2026-08-21,u_011,20260821_u_011,page_view,文案生成,v2,web
2026-08-21,u_014,20260821_u_014,page_view,表格分析,v2,desktop
2026-08-21,u_014,20260821_u_014,prompt_submit,表格分析,v2,desktop
2026-08-21,u_014,20260821_u_014,generation_success,表格分析,v2,desktop
2026-08-21,u_015,20260821_u_015,page_view,智能问答,v2,web
2026-08-21,u_015,20260821_u_015,prompt_submit,智能问答,v2,web
2026-08-21,u_015,20260821_u_015,generation_success,智能问答,v2,web
2026-08-21,u_016,20260821_u_016,page_view,文案生成,v1,web
2026-08-21,u_016,20260821_u_016,prompt_submit,文案生成,v1,web
2026-08-21,u_016,20260821_u_016,generation_success,文案生成,v1,web
2026-08-21,u_016,20260821_u_016,feature_click,文案生成,v1,web
2026-08-21,u_017,20260821_u_017,page_view,文案生成,v1,desktop
2026-08-21,u_017,20260821_u_017,prompt_submit,文案生成,v1,desktop
2026-08-21,u_017,20260821_u_017,generation_success,文案生成,v1,desktop
2026-08-21,u_017,20260821_u_017,result_adopt,文案生成,v1,desktop
2026-08-21,u_020,20260821_u_020,page_view,智能问答,v1,desktop
2026-08-21,u_021,20260821_u_021,page_view,智能问答,v2,web
2026-08-21,u_021,20260821_u_021,prompt_submit,智能问答,v2,web
2026-08-21,u_021,20260821_u_021,generation_success,智能问答,v2,web
2026-08-21,u_022,20260821_u_022,page_view,文案生成,v1,web
2026-08-21,u_022,20260821_u_022,prompt_submit,文案生成,v1,web
2026-08-21,u_022,20260821_u_022,generation_success,文案生成,v1,web
2026-08-21,u_022,20260821_u_022,result_adopt,文案生成,v1,web
2026-08-21,u_022,20260821_u_022,feature_click,文案生成,v1,web
2026-08-21,u_030,20260821_u_030,page_view,智能问答,v1,desktop
2026-08-21,u_030,20260821_u_030,prompt_submit,智能问答,v1,desktop
2026-08-21,u_030,20260821_u_030,generation_success,智能问答,v1,desktop
2026-08-21,u_030,20260821_u_030,result_adopt,智能问答,v1,desktop
2026-08-21,u_030,20260821_u_030,feature_click,智能问答,v1,desktop
2026-08-21,u_031,20260821_u_031,page_view,文案生成,v1,desktop
2026-08-21,u_031,20260821_u_031,prompt_submit,文案生成,v1,desktop
2026-08-21,u_032,20260821_u_032,page_view,智能问答,v1,desktop
2026-08-21,u_033,20260821_u_033,page_view,表格分析,v2,desktop
2026-08-21,u_033,20260821_u_033,prompt_submit,表格分析,v2,desktop
2026-08-21,u_033,20260821_u_033,generation_success,表格分析,v2,desktop
2026-08-21,u_033,20260821_u_033,result_adopt,表格分析,v2,desktop
2026-08-21,u_034,20260821_u_034,page_view,表格分析,v2,web
2026-08-21,u_034,20260821_u_034,prompt_submit,表格分析,v2,web
2026-08-21,u_034,20260821_u_034,generation_success,表格分析,v2,web
2026-08-21,u_034,20260821_u_034,feature_click,表格分析,v2,web
2026-08-21,u_035,20260821_u_035,page_view,表格分析,v2,desktop
2026-08-21,u_035,20260821_u_035,prompt_submit,表格分析,v2,desktop
2026-08-21,u_035,20260821_u_035,generation_success,表格分析,v2,desktop
2026-08-21,u_035,20260821_u_035,result_adopt,表格分析,v2,desktop
2026-08-21,u_035,20260821_u_035,feature_click,表格分析,v2,desktop
2026-08-21,u_036,20260821_u_036,page_view,文案生成,v1,desktop
2026-08-21,u_036,20260821_u_036,prompt_submit,文案生成,v1,desktop
2026-08-21,u_036,20260821_u_036,generation_success,文案生成,v1,desktop
2026-08-21,u_036,20260821_u_036,result_adopt,文案生成,v1,desktop
2026-08-21,u_036,20260821_u_036,feature_click,文案生成,v1,desktop
2026-08-21,u_037,20260821_u_037,page_view,文案生成,v1,desktop
2026-08-21,u_039,20260821_u_039,page_view,智能问答,v1,web
2026-08-21,u_041,20260821_u_041,page_view,表格分析,v1,web
2026-08-21,u_044,20260821_u_044,page_view,文案生成,v1,web
2026-08-21,u_044,20260821_u_044,prompt_submit,文案生成,v1,web
2026-08-21,u_044,20260821_u_044,generation_success,文案生成,v1,web
2026-08-21,u_047,20260821_u_047,page_view,表格分析,v2,desktop
2026-08-21,u_047,20260821_u_047,prompt_submit,表格分析,v2,desktop
2026-08-21,u_047,20260821_u_047,generation_success,表格分析,v2,desktop
2026-08-21,u_047,20260821_u_047,feature_click,表格分析,v2,desktop
2026-08-21,u_050,20260821_u_050,page_view,智能问答,v2,desktop
2026-08-21,u_051,20260821_u_051,page_view,表格分析,v1,desktop
2026-08-21,u_051,20260821_u_051,prompt_submit,表格分析,v1,desktop
2026-08-21,u_052,20260821_u_052,page_view,智能问答,v2,web
2026-08-21,u_052,20260821_u_052,prompt_submit,智能问答,v2,web
2026-08-21,u_052,20260821_u_052,generation_success,智能问答,v2,web
2026-08-21,u_052,20260821_u_052,result_adopt,智能问答,v2,web
2026-08-21,u_052,20260821_u_052,feature_click,智能问答,v2,web
2026-08-21,u_053,20260821_u_053,page_view,表格分析,v2,desktop
2026-08-21,u_054,20260821_u_054,page_view,表格分析,v1,desktop
2026-08-21,u_054,20260821_u_054,prompt_submit,表格分析,v1,desktop
2026-08-21,u_054,20260821_u_054,generation_success,表格分析,v1,desktop
2026-08-21,u_054,20260821_u_054,result_adopt,表格分析,v1,desktop
2026-08-21,u_054,20260821_u_054,feature_click,表格分析,v1,desktop
2026-08-21,u_055,20260821_u_055,page_view,表格分析,v1,web
2026-08-21,u_055,20260821_u_055,prompt_submit,表格分析,v1,web
2026-08-21,u_055,20260821_u_055,generation_success,表格分析,v1,web
2026-08-21,u_055,20260821_u_055,result_adopt,表格分析,v1,web
2026-08-21,u_055,20260821_u_055,feature_click,表格分析,v1,web
2026-08-21,u_056,20260821_u_056,page_view,智能问答,v1,desktop
2026-08-21,u_056,20260821_u_056,prompt_submit,智能问答,v1,desktop
2026-08-21,u_056,20260821_u_056,generation_success,智能问答,v1,desktop
2026-08-21,u_058,20260821_u_058,page_view,文案生成,v1,desktop
2026-08-21,u_058,20260821_u_058,prompt_submit,文案生成,v1,desktop
2026-08-21,u_058,20260821_u_058,generation_success,文案生成,v1,desktop
2026-08-21,u_060,20260821_u_060,page_view,表格分析,v1,desktop
2026-08-21,u_060,20260821_u_060,prompt_submit,表格分析,v1,desktop
2026-08-21,u_060,20260821_u_060,generation_success,表格分析,v1,desktop
2026-08-21,u_060,20260821_u_060,result_adopt,表格分析,v1,desktop
2026-08-21,u_060,20260821_u_060,feature_click,表格分析,v1,desktop
2026-08-21,u_061,20260821_u_061,page_view,智能问答,v2,web
2026-08-21,u_062,20260821_u_062,page_view,表格分析,v1,web
2026-08-21,u_062,20260821_u_062,prompt_submit,表格分析,v1,web
2026-08-21,u_062,20260821_u_062,generation_success,表格分析,v1,web
2026-08-21,u_062,20260821_u_062,result_adopt,表格分析,v1,web
2026-08-21,u_064,20260821_u_064,page_view,智能问答,v1,web
2026-08-21,u_064,20260821_u_064,prompt_submit,智能问答,v1,web
2026-08-21,u_064,20260821_u_064,generation_success,智能问答,v1,web
2026-08-21,u_064,20260821_u_064,feature_click,智能问答,v1,web
2026-08-21,u_065,20260821_u_065,page_view,文案生成,v1,desktop
2026-08-21,u_065,20260821_u_065,prompt_submit,文案生成,v1,desktop
2026-08-21,u_065,20260821_u_065,generation_success,文案生成,v1,desktop
2026-08-21,u_065,20260821_u_065,result_adopt,文案生成,v1,desktop
2026-08-21,u_065,20260821_u_065,feature_click,文案生成,v1,desktop
2026-08-21,u_066,20260821_u_066,page_view,表格分析,v1,desktop
2026-08-21,u_066,20260821_u_066,prompt_submit,表格分析,v1,desktop
2026-08-21,u_066,20260821_u_066,generation_success,表格分析,v1,desktop
2026-08-21,u_069,20260821_u_069,page_view,文案生成,v2,web
2026-08-21,u_069,20260821_u_069,prompt_submit,文案生成,v2,web
2026-08-21,u_069,20260821_u_069,generation_success,文案生成,v2,web
2026-08-21,u_069,20260821_u_069,result_adopt,文案生成,v2,web
2026-08-21,u_069,20260821_u_069,feature_click,文案生成,v2,web
2026-08-21,u_070,20260821_u_070,page_view,表格分析,v2,desktop
2026-08-21,u_070,20260821_u_070,prompt_submit,表格分析,v2,desktop
2026-08-21,u_070,20260821_u_070,generation_success,表格分析,v2,desktop
2026-08-21,u_070,20260821_u_070,result_adopt,表格分析,v2,desktop
2026-08-21,u_071,20260821_u_071,page_view,智能问答,v1,desktop
2026-08-21,u_071,20260821_u_071,prompt_submit,智能问答,v1,desktop
2026-08-21,u_071,20260821_u_071,generation_success,智能问答,v1,desktop
2026-08-21,u_071,20260821_u_071,result_adopt,智能问答,v1,desktop
2026-08-21,u_072,20260821_u_072,page_view,表格分析,v2,web
2026-08-21,u_072,20260821_u_072,prompt_submit,表格分析,v2,web
2026-08-21,u_072,20260821_u_072,generation_success,表格分析,v2,web
2026-08-21,u_072,20260821_u_072,feature_click,表格分析,v2,web
2026-08-21,u_073,20260821_u_073,page_view,智能问答,v1,web
2026-08-21,u_073,20260821_u_073,prompt_submit,智能问答,v1,web
2026-08-21,u_073,20260821_u_073,generation_success,智能问答,v1,web
2026-08-21,u_073,20260821_u_073,result_adopt,智能问答,v1,web
2026-08-21,u_076,20260821_u_076,page_view,文案生成,v2,desktop
2026-08-21,u_076,20260821_u_076,prompt_submit,文案生成,v2,desktop
2026-08-21,u_076,20260821_u_076,generation_success,文案生成,v2,desktop
2026-08-21,u_077,20260821_u_077,page_view,表格分析,v2,desktop
2026-08-21,u_077,20260821_u_077,prompt_submit,表格分析,v2,desktop
2026-08-21,u_077,20260821_u_077,generation_success,表格分析,v2,desktop
2026-08-21,u_077,20260821_u_077,feature_click,表格分析,v2,desktop
2026-08-21,u_078,20260821_u_078,page_view,智能问答,v1,desktop
2026-08-21,u_078,20260821_u_078,prompt_submit,智能问答,v1,desktop
2026-08-21,u_078,20260821_u_078,generation_success,智能问答,v1,desktop
2026-08-21,u_079,20260821_u_079,page_view,文案生成,v1,web
2026-08-21,u_079,20260821_u_079,prompt_submit,文案生成,v1,web
2026-08-21,u_079,20260821_u_079,generation_success,文案生成,v1,web
2026-08-21,u_079,20260821_u_079,result_adopt,文案生成,v1,web
2026-08-21,u_083,20260821_u_083,page_view,文案生成,v2,desktop
2026-08-21,u_083,20260821_u_083,prompt_submit,文案生成,v2,desktop
2026-08-21,u_083,20260821_u_083,generation_success,文案生成,v2,desktop
2026-08-21,u_083,20260821_u_083,result_adopt,文案生成,v2,desktop
2026-08-21,u_085,20260821_u_085,page_view,文案生成,v1,web
2026-08-21,u_085,20260821_u_085,prompt_submit,文案生成,v1,web
2026-08-21,u_085,20260821_u_085,generation_success,文案生成,v1,web
2026-08-21,u_087,20260821_u_087,page_view,智能问答,v1,web
2026-08-21,u_087,20260821_u_087,prompt_submit,智能问答,v1,web
2026-08-21,u_087,20260821_u_087,generation_success,智能问答,v1,web
2026-08-21,u_087,20260821_u_087,result_adopt,智能问答,v1,web
2026-08-21,u_087,20260821_u_087,feature_click,智能问答,v1,web
2026-08-21,u_088,20260821_u_088,page_view,智能问答,v2,desktop
2026-08-21,u_088,20260821_u_088,prompt_submit,智能问答,v2,desktop
2026-08-21,u_088,20260821_u_088,generation_success,智能问答,v2,desktop
2026-08-21,u_089,20260821_u_089,page_view,智能问答,v1,web
2026-08-21,u_089,20260821_u_089,prompt_submit,智能问答,v1,web
2026-08-21,u_089,20260821_u_089,generation_success,智能问答,v1,web
2026-08-21,u_089,20260821_u_089,result_adopt,智能问答,v1,web
2026-08-21,u_090,20260821_u_090,page_view,表格分析,v1,desktop
2026-08-21,u_090,20260821_u_090,prompt_submit,表格分析,v1,desktop
2026-08-21,u_090,20260821_u_090,generation_success,表格分析,v1,desktop
2026-08-21,u_090,20260821_u_090,result_adopt,表格分析,v1,desktop
2026-08-21,u_091,20260821_u_091,page_view,智能问答,v2,desktop
2026-08-21,u_091,20260821_u_091,prompt_submit,智能问答,v2,desktop
2026-08-21,u_091,20260821_u_091,generation_success,智能问答,v2,desktop
2026-08-21,u_091,20260821_u_091,result_adopt,智能问答,v2,desktop
2026-08-21,u_093,20260821_u_093,page_view,表格分析,v2,web
2026-08-21,u_093,20260821_u_093,prompt_submit,表格分析,v2,web
2026-08-21,u_093,20260821_u_093,generation_success,表格分析,v2,web
2026-08-21,u_093,20260821_u_093,result_adopt,表格分析,v2,web
2026-08-21,u_093,20260821_u_093,feature_click,表格分析,v2,web
2026-08-21,u_096,20260821_u_096,page_view,表格分析,v1,desktop
2026-08-21,u_096,20260821_u_096,prompt_submit,表格分析,v1,desktop
2026-08-21,u_096,20260821_u_096,generation_success,表格分析,v1,desktop
2026-08-21,u_096,20260821_u_096,feature_click,表格分析,v1,desktop
2026-08-21,u_097,20260821_u_097,page_view,智能问答,v1,desktop
2026-08-21,u_097,20260821_u_097,prompt_submit,智能问答,v1,desktop
2026-08-21,u_097,20260821_u_097,generation_success,智能问答,v1,desktop
2026-08-21,u_097,20260821_u_097,result_adopt,智能问答,v1,desktop
2026-08-21,u_098,20260821_u_098,page_view,文案生成,v1,desktop
2026-08-21,u_098,20260821_u_098,prompt_submit,文案生成,v1,desktop
2026-08-21,u_098,20260821_u_098,generation_success,文案生成,v1,desktop
2026-08-21,u_098,20260821_u_098,result_adopt,文案生成,v1,desktop
2026-08-21,u_098,20260821_u_098,feature_click,文案生成,v1,desktop
2026-08-21,u_099,20260821_u_099,page_view,表格分析,v1,desktop
2026-08-21,u_099,20260821_u_099,prompt_submit,表格分析,v1,desktop
2026-08-21,u_099,20260821_u_099,generation_success,表格分析,v1,desktop
2026-08-21,u_099,20260821_u_099,result_adopt,表格分析,v1,desktop
2026-08-21,u_100,20260821_u_100,page_view,表格分析,v2,desktop
2026-08-21,u_100,20260821_u_100,prompt_submit,表格分析,v2,desktop
2026-08-21,u_100,20260821_u_100,generation_success,表格分析,v2,desktop
2026-08-21,u_100,20260821_u_100,feature_click,表格分析,v2,desktop
2026-08-21,u_103,20260821_u_103,page_view,文案生成,v1,desktop
2026-08-21,u_106,20260821_u_106,page_view,文案生成,v1,desktop
2026-08-21,u_106,20260821_u_106,prompt_submit,文案生成,v1,desktop
2026-08-21,u_106,20260821_u_106,generation_success,文案生成,v1,desktop
2026-08-21,u_106,20260821_u_106,result_adopt,文案生成,v1,desktop
2026-08-21,u_106,20260821_u_106,feature_click,文案生成,v1,desktop
2026-08-21,u_107,20260821_u_107,page_view,表格分析,v1,desktop
2026-08-21,u_107,20260821_u_107,prompt_submit,表格分析,v1,desktop
2026-08-21,u_107,20260821_u_107,generation_success,表格分析,v1,desktop
2026-08-21,u_107,20260821_u_107,result_adopt,表格分析,v1,desktop
2026-08-21,u_108,20260821_u_108,page_view,表格分析,v2,desktop
2026-08-21,u_109,20260821_u_109,page_view,文案生成,v2,web
2026-08-21,u_109,20260821_u_109,prompt_submit,文案生成,v2,web
2026-08-21,u_109,20260821_u_109,generation_success,文案生成,v2,web
2026-08-21,u_110,20260821_u_110,page_view,智能问答,v1,desktop
2026-08-21,u_110,20260821_u_110,prompt_submit,智能问答,v1,desktop
2026-08-21,u_111,20260821_u_111,page_view,表格分析,v1,web
2026-08-21,u_111,20260821_u_111,prompt_submit,表格分析,v1,web
2026-08-21,u_111,20260821_u_111,generation_success,表格分析,v1,web
2026-08-21,u_111,20260821_u_111,feature_click,表格分析,v1,web
2026-08-21,u_112,20260821_u_112,page_view,表格分析,v2,desktop
2026-08-21,u_113,20260821_u_113,page_view,文案生成,v1,web
2026-08-21,u_114,20260821_u_114,page_view,表格分析,v1,web
2026-08-21,u_117,20260821_u_117,page_view,表格分析,v2,web
2026-08-21,u_117,20260821_u_117,prompt_submit,表格分析,v2,web
2026-08-21,u_117,20260821_u_117,generation_success,表格分析,v2,web
2026-08-21,u_117,20260821_u_117,feature_click,表格分析,v2,web
2026-08-21,u_118,20260821_u_118,page_view,智能问答,v2,web
2026-08-21,u_118,20260821_u_118,prompt_submit,智能问答,v2,web
2026-08-21,u_118,20260821_u_118,generation_success,智能问答,v2,web
2026-08-21,u_121,20260821_u_121,page_view,文案生成,v2,web
2026-08-21,u_123,20260821_u_123,page_view,文案生成,v1,web
2026-08-21,u_123,20260821_u_123,prompt_submit,文案生成,v1,web
2026-08-21,u_123,20260821_u_123,generation_success,文案生成,v1,web
2026-08-21,u_123,20260821_u_123,feature_click,文案生成,v1,web
2026-08-21,u_126,20260821_u_126,page_view,文案生成,v2,web
2026-08-21,u_127,20260821_u_127,page_view,文案生成,v2,desktop
2026-08-21,u_127,20260821_u_127,prompt_submit,文案生成,v2,desktop
2026-08-21,u_127,20260821_u_127,generation_success,文案生成,v2,desktop
2026-08-21,u_127,20260821_u_127,result_adopt,文案生成,v2,desktop
2026-08-21,u_127,20260821_u_127,feature_click,文案生成,v2,desktop
2026-08-21,u_129,20260821_u_129,page_view,文案生成,v2,web
2026-08-21,u_129,20260821_u_129,prompt_submit,文案生成,v2,web
2026-08-21,u_129,20260821_u_129,generation_success,文案生成,v2,web
2026-08-21,u_129,20260821_u_129,result_adopt,文案生成,v2,web
2026-08-21,u_133,20260821_u_133,page_view,表格分析,v2,web
2026-08-21,u_133,20260821_u_133,prompt_submit,表格分析,v2,web
2026-08-21,u_133,20260821_u_133,generation_success,表格分析,v2,web
2026-08-21,u_133,20260821_u_133,result_adopt,表格分析,v2,web
2026-08-21,u_133,20260821_u_133,feature_click,表格分析,v2,web
2026-08-21,u_135,20260821_u_135,page_view,智能问答,v2,web
2026-08-21,u_135,20260821_u_135,prompt_submit,智能问答,v2,web
2026-08-21,u_135,20260821_u_135,generation_success,智能问答,v2,web
2026-08-21,u_136,20260821_u_136,page_view,文案生成,v2,desktop
2026-08-21,u_137,20260821_u_137,page_view,表格分析,v1,desktop
2026-08-21,u_137,20260821_u_137,prompt_submit,表格分析,v1,desktop
2026-08-21,u_137,20260821_u_137,generation_success,表格分析,v1,desktop
2026-08-21,u_137,20260821_u_137,result_adopt,表格分析,v1,desktop
2026-08-21,u_137,20260821_u_137,feature_click,表格分析,v1,desktop
2026-08-21,u_138,20260821_u_138,page_view,智能问答,v1,desktop
2026-08-21,u_140,20260821_u_140,page_view,表格分析,v2,desktop
2026-08-21,u_141,20260821_u_141,page_view,文案生成,v1,web
2026-08-21,u_141,20260821_u_141,prompt_submit,文案生成,v1,web
2026-08-21,u_141,20260821_u_141,generation_success,文案生成,v1,web
2026-08-21,u_141,20260821_u_141,feature_click,文案生成,v1,web
2026-08-21,u_142,20260821_u_142,page_view,文案生成,v1,web
2026-08-21,u_142,20260821_u_142,prompt_submit,文案生成,v1,web
2026-08-21,u_142,20260821_u_142,generation_success,文案生成,v1,web
2026-08-21,u_143,20260821_u_143,page_view,智能问答,v1,web
2026-08-21,u_143,20260821_u_143,prompt_submit,智能问答,v1,web
2026-08-21,u_143,20260821_u_143,generation_success,智能问答,v1,web
2026-08-21,u_143,20260821_u_143,result_adopt,智能问答,v1,web
2026-08-21,u_144,20260821_u_144,page_view,表格分析,v2,web
2026-08-21,u_145,20260821_u_145,page_view,智能问答,v1,web
2026-08-21,u_145,20260821_u_145,prompt_submit,智能问答,v1,web
2026-08-21,u_145,20260821_u_145,generation_success,智能问答,v1,web
2026-08-21,u_145,20260821_u_145,result_adopt,智能问答,v1,web
2026-08-21,u_145,20260821_u_145,feature_click,智能问答,v1,web
2026-08-21,u_147,20260821_u_147,page_view,表格分析,v1,web
2026-08-21,u_147,20260821_u_147,prompt_submit,表格分析,v1,web
2026-08-21,u_147,20260821_u_147,generation_success,表格分析,v1,web
2026-08-21,u_147,20260821_u_147,result_adopt,表格分析,v1,web
2026-08-21,u_149,20260821_u_149,page_view,智能问答,v2,desktop
2026-08-21,u_149,20260821_u_149,prompt_submit,智能问答,v2,desktop
2026-08-21,u_149,20260821_u_149,generation_success,智能问答,v2,desktop
2026-08-21,u_149,20260821_u_149,feature_click,智能问答,v2,desktop
2026-08-21,u_154,20260821_u_154,page_view,文案生成,v1,web
2026-08-21,u_154,20260821_u_154,prompt_submit,文案生成,v1,web
2026-08-21,u_154,20260821_u_154,generation_success,文案生成,v1,web
2026-08-21,u_156,20260821_u_156,page_view,表格分析,v1,desktop
2026-08-21,u_156,20260821_u_156,prompt_submit,表格分析,v1,desktop
2026-08-21,u_156,20260821_u_156,generation_success,表格分析,v1,desktop
2026-08-21,u_156,20260821_u_156,result_adopt,表格分析,v1,desktop
2026-08-21,u_156,20260821_u_156,feature_click,表格分析,v1,desktop
2026-08-21,u_157,20260821_u_157,page_view,智能问答,v1,web
2026-08-21,u_159,20260821_u_159,page_view,智能问答,v2,web
2026-08-21,u_159,20260821_u_159,prompt_submit,智能问答,v2,web
2026-08-21,u_159,20260821_u_159,generation_success,智能问答,v2,web
2026-08-21,u_159,20260821_u_159,result_adopt,智能问答,v2,web
2026-08-21,u_160,20260821_u_160,page_view,智能问答,v2,web
2026-08-21,u_160,20260821_u_160,prompt_submit,智能问答,v2,web
2026-08-21,u_162,20260821_u_162,page_view,表格分析,v2,desktop
2026-08-21,u_162,20260821_u_162,prompt_submit,表格分析,v2,desktop
2026-08-21,u_162,20260821_u_162,generation_success,表格分析,v2,desktop
2026-08-21,u_162,20260821_u_162,feature_click,表格分析,v2,desktop
2026-08-21,u_164,20260821_u_164,page_view,文案生成,v2,web
2026-08-21,u_164,20260821_u_164,prompt_submit,文案生成,v2,web
2026-08-21,u_164,20260821_u_164,generation_success,文案生成,v2,web
2026-08-21,u_164,20260821_u_164,result_adopt,文案生成,v2,web
2026-08-21,u_169,20260821_u_169,page_view,表格分析,v1,desktop
2026-08-21,u_169,20260821_u_169,prompt_submit,表格分析,v1,desktop
2026-08-21,u_169,20260821_u_169,generation_success,表格分析,v1,desktop
2026-08-21,u_169,20260821_u_169,result_adopt,表格分析,v1,desktop
2026-08-21,u_170,20260821_u_170,page_view,文案生成,v2,desktop
2026-08-21,u_170,20260821_u_170,prompt_submit,文案生成,v2,desktop
2026-08-21,u_173,20260821_u_173,page_view,智能问答,v1,desktop
2026-08-21,u_173,20260821_u_173,prompt_submit,智能问答,v1,desktop
2026-08-21,u_173,20260821_u_173,generation_success,智能问答,v1,desktop
2026-08-21,u_175,20260821_u_175,page_view,智能问答,v2,desktop
2026-08-21,u_176,20260821_u_176,page_view,智能问答,v2,web
2026-08-21,u_176,20260821_u_176,prompt_submit,智能问答,v2,web
2026-08-21,u_176,20260821_u_176,generation_success,智能问答,v2,web
2026-08-21,u_176,20260821_u_176,result_adopt,智能问答,v2,web
2026-08-21,u_177,20260821_u_177,page_view,文案生成,v2,desktop
2026-08-21,u_177,20260821_u_177,prompt_submit,文案生成,v2,desktop
2026-08-21,u_177,20260821_u_177,generation_success,文案生成,v2,desktop
2026-08-21,u_177,20260821_u_177,result_adopt,文案生成,v2,desktop
2026-08-21,u_179,20260821_u_179,page_view,智能问答,v2,web
2026-08-21,u_179,20260821_u_179,prompt_submit,智能问答,v2,web
2026-08-21,u_179,20260821_u_179,generation_success,智能问答,v2,web
2026-08-21,u_179,20260821_u_179,result_adopt,智能问答,v2,web
2026-08-21,u_179,20260821_u_179,feature_click,智能问答,v2,web
2026-08-22,u_002,20260822_u_002,page_view,表格分析,v2,web
2026-08-22,u_003,20260822_u_003,page_view,文案生成,v2,web
2026-08-22,u_003,20260822_u_003,prompt_submit,文案生成,v2,web
2026-08-22,u_003,20260822_u_003,generation_success,文案生成,v2,web
2026-08-22,u_003,20260822_u_003,feature_click,文案生成,v2,web
2026-08-22,u_005,20260822_u_005,page_view,文案生成,v1,web
2026-08-22,u_005,20260822_u_005,prompt_submit,文案生成,v1,web
2026-08-22,u_005,20260822_u_005,generation_success,文案生成,v1,web
2026-08-22,u_005,20260822_u_005,result_adopt,文案生成,v1,web
2026-08-22,u_006,20260822_u_006,page_view,表格分析,v2,web
2026-08-22,u_006,20260822_u_006,prompt_submit,表格分析,v2,web
2026-08-22,u_006,20260822_u_006,generation_success,表格分析,v2,web
2026-08-22,u_008,20260822_u_008,page_view,文案生成,v2,desktop
2026-08-22,u_008,20260822_u_008,prompt_submit,文案生成,v2,desktop
2026-08-22,u_008,20260822_u_008,generation_success,文案生成,v2,desktop
2026-08-22,u_008,20260822_u_008,feature_click,文案生成,v2,desktop
2026-08-22,u_010,20260822_u_010,page_view,表格分析,v2,web
2026-08-22,u_011,20260822_u_011,page_view,智能问答,v2,web
2026-08-22,u_012,20260822_u_012,page_view,表格分析,v1,web
2026-08-22,u_013,20260822_u_013,page_view,文案生成,v1,web
2026-08-22,u_013,20260822_u_013,prompt_submit,文案生成,v1,web
2026-08-22,u_013,20260822_u_013,generation_success,文案生成,v1,web
2026-08-22,u_013,20260822_u_013,result_adopt,文案生成,v1,web
2026-08-22,u_013,20260822_u_013,feature_click,文案生成,v1,web
2026-08-22,u_014,20260822_u_014,page_view,文案生成,v1,web
2026-08-22,u_014,20260822_u_014,prompt_submit,文案生成,v1,web
2026-08-22,u_014,20260822_u_014,generation_success,文案生成,v1,web
2026-08-22,u_014,20260822_u_014,result_adopt,文案生成,v1,web
2026-08-22,u_017,20260822_u_017,page_view,智能问答,v1,web
2026-08-22,u_017,20260822_u_017,prompt_submit,智能问答,v1,web
2026-08-22,u_017,20260822_u_017,generation_success,智能问答,v1,web
2026-08-22,u_017,20260822_u_017,result_adopt,智能问答,v1,web
2026-08-22,u_019,20260822_u_019,page_view,文案生成,v1,web
2026-08-22,u_019,20260822_u_019,prompt_submit,文案生成,v1,web
2026-08-22,u_019,20260822_u_019,generation_success,文案生成,v1,web
2026-08-22,u_019,20260822_u_019,feature_click,文案生成,v1,web
2026-08-22,u_020,20260822_u_020,page_view,表格分析,v1,desktop
2026-08-22,u_020,20260822_u_020,prompt_submit,表格分析,v1,desktop
2026-08-22,u_026,20260822_u_026,page_view,文案生成,v1,web
2026-08-22,u_028,20260822_u_028,page_view,表格分析,v1,web
2026-08-22,u_028,20260822_u_028,prompt_submit,表格分析,v1,web
2026-08-22,u_028,20260822_u_028,generation_success,表格分析,v1,web
2026-08-22,u_028,20260822_u_028,result_adopt,表格分析,v1,web
2026-08-22,u_028,20260822_u_028,feature_click,表格分析,v1,web
2026-08-22,u_029,20260822_u_029,page_view,智能问答,v1,web
2026-08-22,u_029,20260822_u_029,prompt_submit,智能问答,v1,web
2026-08-22,u_029,20260822_u_029,generation_success,智能问答,v1,web
2026-08-22,u_029,20260822_u_029,result_adopt,智能问答,v1,web
2026-08-22,u_031,20260822_u_031,page_view,表格分析,v1,desktop
2026-08-22,u_031,20260822_u_031,prompt_submit,表格分析,v1,desktop
2026-08-22,u_031,20260822_u_031,generation_success,表格分析,v1,desktop
2026-08-22,u_031,20260822_u_031,result_adopt,表格分析,v1,desktop
2026-08-22,u_031,20260822_u_031,feature_click,表格分析,v1,desktop
2026-08-22,u_032,20260822_u_032,page_view,表格分析,v1,desktop
2026-08-22,u_032,20260822_u_032,prompt_submit,表格分析,v1,desktop
2026-08-22,u_033,20260822_u_033,page_view,表格分析,v2,desktop
2026-08-22,u_033,20260822_u_033,prompt_submit,表格分析,v2,desktop
2026-08-22,u_033,20260822_u_033,generation_success,表格分析,v2,desktop
2026-08-22,u_034,20260822_u_034,page_view,表格分析,v2,desktop
2026-08-22,u_034,20260822_u_034,prompt_submit,表格分析,v2,desktop
2026-08-22,u_034,20260822_u_034,generation_success,表格分析,v2,desktop
2026-08-22,u_037,20260822_u_037,page_view,智能问答,v1,web
2026-08-22,u_039,20260822_u_039,page_view,文案生成,v2,desktop
2026-08-22,u_039,20260822_u_039,prompt_submit,文案生成,v2,desktop
2026-08-22,u_039,20260822_u_039,generation_success,文案生成,v2,desktop
2026-08-22,u_041,20260822_u_041,page_view,智能问答,v2,web
2026-08-22,u_041,20260822_u_041,prompt_submit,智能问答,v2,web
2026-08-22,u_041,20260822_u_041,generation_success,智能问答,v2,web
2026-08-22,u_041,20260822_u_041,feature_click,智能问答,v2,web
2026-08-22,u_042,20260822_u_042,page_view,表格分析,v1,desktop
2026-08-22,u_043,20260822_u_043,page_view,智能问答,v1,web
2026-08-22,u_044,20260822_u_044,page_view,表格分析,v1,desktop
2026-08-22,u_044,20260822_u_044,prompt_submit,表格分析,v1,desktop
2026-08-22,u_044,20260822_u_044,generation_success,表格分析,v1,desktop
2026-08-22,u_044,20260822_u_044,feature_click,表格分析,v1,desktop
2026-08-22,u_045,20260822_u_045,page_view,表格分析,v1,desktop
2026-08-22,u_045,20260822_u_045,prompt_submit,表格分析,v1,desktop
2026-08-22,u_045,20260822_u_045,generation_success,表格分析,v1,desktop
2026-08-22,u_046,20260822_u_046,page_view,表格分析,v1,desktop
2026-08-22,u_046,20260822_u_046,prompt_submit,表格分析,v1,desktop
2026-08-22,u_046,20260822_u_046,generation_success,表格分析,v1,desktop
2026-08-22,u_047,20260822_u_047,page_view,表格分析,v1,web
2026-08-22,u_049,20260822_u_049,page_view,文案生成,v2,web
2026-08-22,u_050,20260822_u_050,page_view,表格分析,v2,web
2026-08-22,u_053,20260822_u_053,page_view,智能问答,v1,web
2026-08-22,u_054,20260822_u_054,page_view,表格分析,v2,desktop
2026-08-22,u_054,20260822_u_054,prompt_submit,表格分析,v2,desktop
2026-08-22,u_054,20260822_u_054,generation_success,表格分析,v2,desktop
2026-08-22,u_057,20260822_u_057,page_view,智能问答,v2,web
2026-08-22,u_058,20260822_u_058,page_view,文案生成,v1,web
2026-08-22,u_059,20260822_u_059,page_view,表格分析,v2,desktop
2026-08-22,u_063,20260822_u_063,page_view,智能问答,v2,web
2026-08-22,u_064,20260822_u_064,page_view,表格分析,v1,web
2026-08-22,u_064,20260822_u_064,prompt_submit,表格分析,v1,web
2026-08-22,u_064,20260822_u_064,generation_success,表格分析,v1,web
2026-08-22,u_068,20260822_u_068,page_view,智能问答,v2,desktop
2026-08-22,u_068,20260822_u_068,prompt_submit,智能问答,v2,desktop
2026-08-22,u_068,20260822_u_068,generation_success,智能问答,v2,desktop
2026-08-22,u_068,20260822_u_068,feature_click,智能问答,v2,desktop
2026-08-22,u_069,20260822_u_069,page_view,表格分析,v2,web
2026-08-22,u_069,20260822_u_069,prompt_submit,表格分析,v2,web
2026-08-22,u_069,20260822_u_069,generation_success,表格分析,v2,web
2026-08-22,u_069,20260822_u_069,feature_click,表格分析,v2,web
2026-08-22,u_070,20260822_u_070,page_view,智能问答,v1,web
2026-08-22,u_070,20260822_u_070,prompt_submit,智能问答,v1,web
2026-08-22,u_070,20260822_u_070,generation_success,智能问答,v1,web
2026-08-22,u_072,20260822_u_072,page_view,表格分析,v1,desktop
2026-08-22,u_073,20260822_u_073,page_view,文案生成,v1,web
2026-08-22,u_073,20260822_u_073,prompt_submit,文案生成,v1,web
2026-08-22,u_073,20260822_u_073,generation_success,文案生成,v1,web
2026-08-22,u_075,20260822_u_075,page_view,智能问答,v1,web
2026-08-22,u_075,20260822_u_075,prompt_submit,智能问答,v1,web
2026-08-22,u_075,20260822_u_075,generation_success,智能问答,v1,web
2026-08-22,u_075,20260822_u_075,result_adopt,智能问答,v1,web
2026-08-22,u_077,20260822_u_077,page_view,表格分析,v1,desktop
2026-08-22,u_077,20260822_u_077,prompt_submit,表格分析,v1,desktop
2026-08-22,u_077,20260822_u_077,generation_success,表格分析,v1,desktop
2026-08-22,u_077,20260822_u_077,result_adopt,表格分析,v1,desktop
2026-08-22,u_077,20260822_u_077,feature_click,表格分析,v1,desktop
2026-08-22,u_080,20260822_u_080,page_view,文案生成,v1,web
2026-08-22,u_080,20260822_u_080,prompt_submit,文案生成,v1,web
2026-08-22,u_080,20260822_u_080,generation_success,文案生成,v1,web
2026-08-22,u_083,20260822_u_083,page_view,表格分析,v1,desktop
2026-08-22,u_084,20260822_u_084,page_view,表格分析,v1,web
2026-08-22,u_084,20260822_u_084,prompt_submit,表格分析,v1,web
2026-08-22,u_084,20260822_u_084,generation_success,表格分析,v1,web
2026-08-22,u_084,20260822_u_084,feature_click,表格分析,v1,web
2026-08-22,u_087,20260822_u_087,page_view,智能问答,v2,desktop
2026-08-22,u_087,20260822_u_087,prompt_submit,智能问答,v2,desktop
2026-08-22,u_087,20260822_u_087,generation_success,智能问答,v2,desktop
2026-08-22,u_087,20260822_u_087,feature_click,智能问答,v2,desktop
2026-08-22,u_088,20260822_u_088,page_view,智能问答,v2,desktop
2026-08-22,u_088,20260822_u_088,prompt_submit,智能问答,v2,desktop
2026-08-22,u_088,20260822_u_088,generation_success,智能问答,v2,desktop
2026-08-22,u_088,20260822_u_088,result_adopt,智能问答,v2,desktop
2026-08-22,u_088,20260822_u_088,feature_click,智能问答,v2,desktop
2026-08-22,u_089,20260822_u_089,page_view,表格分析,v2,desktop
2026-08-22,u_095,20260822_u_095,page_view,表格分析,v1,desktop
2026-08-22,u_095,20260822_u_095,prompt_submit,表格分析,v1,desktop
2026-08-22,u_095,20260822_u_095,generation_success,表格分析,v1,desktop
2026-08-22,u_096,20260822_u_096,page_view,表格分析,v2,desktop
2026-08-22,u_096,20260822_u_096,prompt_submit,表格分析,v2,desktop
2026-08-22,u_096,20260822_u_096,generation_success,表格分析,v2,desktop
2026-08-22,u_096,20260822_u_096,result_adopt,表格分析,v2,desktop
2026-08-22,u_098,20260822_u_098,page_view,文案生成,v2,web
2026-08-22,u_098,20260822_u_098,prompt_submit,文案生成,v2,web
2026-08-22,u_098,20260822_u_098,generation_success,文案生成,v2,web
2026-08-22,u_099,20260822_u_099,page_view,智能问答,v1,web
2026-08-22,u_100,20260822_u_100,page_view,智能问答,v2,web
2026-08-22,u_100,20260822_u_100,prompt_submit,智能问答,v2,web
2026-08-22,u_100,20260822_u_100,generation_success,智能问答,v2,web
2026-08-22,u_100,20260822_u_100,feature_click,智能问答,v2,web
2026-08-22,u_101,20260822_u_101,page_view,表格分析,v2,web
2026-08-22,u_101,20260822_u_101,prompt_submit,表格分析,v2,web
2026-08-22,u_101,20260822_u_101,generation_success,表格分析,v2,web
2026-08-22,u_101,20260822_u_101,feature_click,表格分析,v2,web
2026-08-22,u_102,20260822_u_102,page_view,表格分析,v2,web
2026-08-22,u_102,20260822_u_102,prompt_submit,表格分析,v2,web
2026-08-22,u_103,20260822_u_103,page_view,表格分析,v1,desktop
2026-08-22,u_103,20260822_u_103,prompt_submit,表格分析,v1,desktop
2026-08-22,u_103,20260822_u_103,generation_success,表格分析,v1,desktop
2026-08-22,u_105,20260822_u_105,page_view,智能问答,v2,web
2026-08-22,u_105,20260822_u_105,prompt_submit,智能问答,v2,web
2026-08-22,u_105,20260822_u_105,generation_success,智能问答,v2,web
2026-08-22,u_105,20260822_u_105,result_adopt,智能问答,v2,web
2026-08-22,u_105,20260822_u_105,feature_click,智能问答,v2,web
2026-08-22,u_108,20260822_u_108,page_view,智能问答,v2,desktop
2026-08-22,u_108,20260822_u_108,prompt_submit,智能问答,v2,desktop
2026-08-22,u_108,20260822_u_108,generation_success,智能问答,v2,desktop
2026-08-22,u_108,20260822_u_108,feature_click,智能问答,v2,desktop
2026-08-22,u_109,20260822_u_109,page_view,表格分析,v1,desktop
2026-08-22,u_110,20260822_u_110,page_view,文案生成,v1,desktop
2026-08-22,u_110,20260822_u_110,prompt_submit,文案生成,v1,desktop
2026-08-22,u_110,20260822_u_110,generation_success,文案生成,v1,desktop
2026-08-22,u_113,20260822_u_113,page_view,智能问答,v1,web
2026-08-22,u_113,20260822_u_113,prompt_submit,智能问答,v1,web
2026-08-22,u_113,20260822_u_113,generation_success,智能问答,v1,web
2026-08-22,u_113,20260822_u_113,feature_click,智能问答,v1,web
2026-08-22,u_114,20260822_u_114,page_view,智能问答,v1,web
2026-08-22,u_114,20260822_u_114,prompt_submit,智能问答,v1,web
2026-08-22,u_114,20260822_u_114,generation_success,智能问答,v1,web
2026-08-22,u_116,20260822_u_116,page_view,表格分析,v1,web
2026-08-22,u_116,20260822_u_116,prompt_submit,表格分析,v1,web
2026-08-22,u_116,20260822_u_116,generation_success,表格分析,v1,web
2026-08-22,u_116,20260822_u_116,result_adopt,表格分析,v1,web
2026-08-22,u_116,20260822_u_116,feature_click,表格分析,v1,web
2026-08-22,u_117,20260822_u_117,page_view,智能问答,v2,web
2026-08-22,u_117,20260822_u_117,prompt_submit,智能问答,v2,web
2026-08-22,u_117,20260822_u_117,generation_success,智能问答,v2,web
2026-08-22,u_117,20260822_u_117,result_adopt,智能问答,v2,web
2026-08-22,u_119,20260822_u_119,page_view,智能问答,v1,desktop
2026-08-22,u_119,20260822_u_119,prompt_submit,智能问答,v1,desktop
2026-08-22,u_119,20260822_u_119,generation_success,智能问答,v1,desktop
2026-08-22,u_121,20260822_u_121,page_view,文案生成,v1,web
2026-08-22,u_123,20260822_u_123,page_view,表格分析,v2,desktop
2026-08-22,u_127,20260822_u_127,page_view,表格分析,v2,desktop
2026-08-22,u_128,20260822_u_128,page_view,表格分析,v2,web
2026-08-22,u_128,20260822_u_128,prompt_submit,表格分析,v2,web
2026-08-22,u_128,20260822_u_128,generation_success,表格分析,v2,web
2026-08-22,u_128,20260822_u_128,result_adopt,表格分析,v2,web
2026-08-22,u_135,20260822_u_135,page_view,智能问答,v2,web
2026-08-22,u_135,20260822_u_135,prompt_submit,智能问答,v2,web
2026-08-22,u_135,20260822_u_135,generation_success,智能问答,v2,web
2026-08-22,u_136,20260822_u_136,page_view,文案生成,v1,desktop
2026-08-22,u_136,20260822_u_136,prompt_submit,文案生成,v1,desktop
2026-08-22,u_136,20260822_u_136,generation_success,文案生成,v1,desktop
2026-08-22,u_136,20260822_u_136,feature_click,文案生成,v1,desktop
2026-08-22,u_138,20260822_u_138,page_view,智能问答,v2,desktop
2026-08-22,u_138,20260822_u_138,prompt_submit,智能问答,v2,desktop
2026-08-22,u_138,20260822_u_138,generation_success,智能问答,v2,desktop
2026-08-22,u_138,20260822_u_138,feature_click,智能问答,v2,desktop
2026-08-22,u_140,20260822_u_140,page_view,文案生成,v2,web
2026-08-22,u_140,20260822_u_140,prompt_submit,文案生成,v2,web
2026-08-22,u_140,20260822_u_140,generation_success,文案生成,v2,web
2026-08-22,u_140,20260822_u_140,feature_click,文案生成,v2,web
2026-08-22,u_141,20260822_u_141,page_view,智能问答,v2,desktop
2026-08-22,u_141,20260822_u_141,prompt_submit,智能问答,v2,desktop
2026-08-22,u_141,20260822_u_141,generation_success,智能问答,v2,desktop
2026-08-22,u_142,20260822_u_142,page_view,表格分析,v2,web
2026-08-22,u_142,20260822_u_142,prompt_submit,表格分析,v2,web
2026-08-22,u_142,20260822_u_142,generation_success,表格分析,v2,web
2026-08-22,u_142,20260822_u_142,result_adopt,表格分析,v2,web
2026-08-22,u_142,20260822_u_142,feature_click,表格分析,v2,web
2026-08-22,u_145,20260822_u_145,page_view,表格分析,v2,desktop
2026-08-22,u_147,20260822_u_147,page_view,文案生成,v2,desktop
2026-08-22,u_149,20260822_u_149,page_view,表格分析,v2,desktop
2026-08-22,u_149,20260822_u_149,prompt_submit,表格分析,v2,desktop
2026-08-22,u_149,20260822_u_149,generation_success,表格分析,v2,desktop
2026-08-22,u_149,20260822_u_149,result_adopt,表格分析,v2,desktop
2026-08-22,u_149,20260822_u_149,feature_click,表格分析,v2,desktop
2026-08-22,u_153,20260822_u_153,page_view,智能问答,v1,web
2026-08-22,u_153,20260822_u_153,prompt_submit,智能问答,v1,web
2026-08-22,u_153,20260822_u_153,generation_success,智能问答,v1,web
2026-08-22,u_153,20260822_u_153,feature_click,智能问答,v1,web
2026-08-22,u_154,20260822_u_154,page_view,表格分析,v1,web
2026-08-22,u_154,20260822_u_154,prompt_submit,表格分析,v1,web
2026-08-22,u_154,20260822_u_154,generation_success,表格分析,v1,web
2026-08-22,u_154,20260822_u_154,result_adopt,表格分析,v1,web
2026-08-22,u_154,20260822_u_154,feature_click,表格分析,v1,web
2026-08-22,u_155,20260822_u_155,page_view,智能问答,v1,web
2026-08-22,u_155,20260822_u_155,prompt_submit,智能问答,v1,web
2026-08-22,u_155,20260822_u_155,generation_success,智能问答,v1,web
2026-08-22,u_155,20260822_u_155,result_adopt,智能问答,v1,web
2026-08-22,u_155,20260822_u_155,feature_click,智能问答,v1,web
2026-08-22,u_156,20260822_u_156,page_view,表格分析,v2,web
2026-08-22,u_158,20260822_u_158,page_view,文案生成,v1,web
2026-08-22,u_158,20260822_u_158,prompt_submit,文案生成,v1,web
2026-08-22,u_158,20260822_u_158,generation_success,文案生成,v1,web
2026-08-22,u_158,20260822_u_158,feature_click,文案生成,v1,web
2026-08-22,u_159,20260822_u_159,page_view,表格分析,v2,web
2026-08-22,u_159,20260822_u_159,prompt_submit,表格分析,v2,web
2026-08-22,u_159,20260822_u_159,generation_success,表格分析,v2,web
2026-08-22,u_161,20260822_u_161,page_view,表格分析,v2,web
2026-08-22,u_161,20260822_u_161,prompt_submit,表格分析,v2,web
2026-08-22,u_161,20260822_u_161,generation_success,表格分析,v2,web
2026-08-22,u_162,20260822_u_162,page_view,表格分析,v2,desktop
2026-08-22,u_162,20260822_u_162,prompt_submit,表格分析,v2,desktop
2026-08-22,u_162,20260822_u_162,generation_success,表格分析,v2,desktop
2026-08-22,u_165,20260822_u_165,page_view,文案生成,v1,web
2026-08-22,u_167,20260822_u_167,page_view,表格分析,v1,web
2026-08-22,u_167,20260822_u_167,prompt_submit,表格分析,v1,web
2026-08-22,u_167,20260822_u_167,generation_success,表格分析,v1,web
2026-08-22,u_167,20260822_u_167,result_adopt,表格分析,v1,web
2026-08-22,u_167,20260822_u_167,feature_click,表格分析,v1,web
2026-08-22,u_170,20260822_u_170,page_view,智能问答,v2,web
2026-08-22,u_172,20260822_u_172,page_view,智能问答,v1,desktop
2026-08-22,u_172,20260822_u_172,prompt_submit,智能问答,v1,desktop
2026-08-22,u_172,20260822_u_172,generation_success,智能问答,v1,desktop
2026-08-22,u_172,20260822_u_172,result_adopt,智能问答,v1,desktop
2026-08-22,u_172,20260822_u_172,feature_click,智能问答,v1,desktop
2026-08-22,u_173,20260822_u_173,page_view,文案生成,v2,desktop
2026-08-22,u_173,20260822_u_173,prompt_submit,文案生成,v2,desktop
2026-08-22,u_173,20260822_u_173,generation_success,文案生成,v2,desktop
2026-08-22,u_173,20260822_u_173,result_adopt,文案生成,v2,desktop
2026-08-22,u_173,20260822_u_173,feature_click,文案生成,v2,desktop
2026-08-22,u_174,20260822_u_174,page_view,文案生成,v1,desktop
2026-08-22,u_174,20260822_u_174,prompt_submit,文案生成,v1,desktop
2026-08-22,u_174,20260822_u_174,generation_success,文案生成,v1,desktop
2026-08-22,u_174,20260822_u_174,result_adopt,文案生成,v1,desktop
2026-08-22,u_174,20260822_u_174,feature_click,文案生成,v1,desktop
2026-08-22,u_175,20260822_u_175,page_view,智能问答,v1,desktop
2026-08-22,u_175,20260822_u_175,prompt_submit,智能问答,v1,desktop
2026-08-22,u_175,20260822_u_175,generation_success,智能问答,v1,desktop
2026-08-22,u_176,20260822_u_176,page_view,文案生成,v2,web
2026-08-22,u_176,20260822_u_176,prompt_submit,文案生成,v2,web
2026-08-22,u_176,20260822_u_176,generation_success,文案生成,v2,web
2026-08-22,u_176,20260822_u_176,feature_click,文案生成,v2,web
2026-08-22,u_178,20260822_u_178,page_view,文案生成,v1,desktop
2026-08-22,u_178,20260822_u_178,prompt_submit,文案生成,v1,desktop
2026-08-22,u_178,20260822_u_178,generation_success,文案生成,v1,desktop
2026-08-22,u_178,20260822_u_178,result_adopt,文案生成,v1,desktop
2026-08-22,u_179,20260822_u_179,page_view,智能问答,v2,web
2026-08-22,u_179,20260822_u_179,prompt_submit,智能问答,v2,web
2026-08-22,u_179,20260822_u_179,generation_success,智能问答,v2,web
2026-08-22,u_179,20260822_u_179,result_adopt,智能问答,v2,web
2026-08-22,u_179,20260822_u_179,feature_click,智能问答,v2,web
2026-08-22,u_180,20260822_u_180,page_view,表格分析,v1,desktop
2026-08-23,u_001,20260823_u_001,page_view,智能问答,v1,desktop
2026-08-23,u_001,20260823_u_001,prompt_submit,智能问答,v1,desktop
2026-08-23,u_001,20260823_u_001,generation_success,智能问答,v1,desktop
2026-08-23,u_001,20260823_u_001,feature_click,智能问答,v1,desktop
2026-08-23,u_003,20260823_u_003,page_view,智能问答,v2,desktop
2026-08-23,u_003,20260823_u_003,prompt_submit,智能问答,v2,desktop
2026-08-23,u_003,20260823_u_003,generation_success,智能问答,v2,desktop
2026-08-23,u_003,20260823_u_003,result_adopt,智能问答,v2,desktop
2026-08-23,u_004,20260823_u_004,page_view,表格分析,v2,web
2026-08-23,u_008,20260823_u_008,page_view,智能问答,v1,web
2026-08-23,u_010,20260823_u_010,page_view,表格分析,v2,desktop
2026-08-23,u_011,20260823_u_011,page_view,智能问答,v1,web
2026-08-23,u_011,20260823_u_011,prompt_submit,智能问答,v1,web
2026-08-23,u_011,20260823_u_011,generation_success,智能问答,v1,web
2026-08-23,u_011,20260823_u_011,result_adopt,智能问答,v1,web
2026-08-23,u_011,20260823_u_011,feature_click,智能问答,v1,web
2026-08-23,u_012,20260823_u_012,page_view,文案生成,v1,desktop
2026-08-23,u_014,20260823_u_014,page_view,文案生成,v2,desktop
2026-08-23,u_014,20260823_u_014,prompt_submit,文案生成,v2,desktop
2026-08-23,u_014,20260823_u_014,generation_success,文案生成,v2,desktop
2026-08-23,u_014,20260823_u_014,result_adopt,文案生成,v2,desktop
2026-08-23,u_015,20260823_u_015,page_view,表格分析,v1,desktop
2026-08-23,u_015,20260823_u_015,prompt_submit,表格分析,v1,desktop
2026-08-23,u_015,20260823_u_015,generation_success,表格分析,v1,desktop
2026-08-23,u_015,20260823_u_015,feature_click,表格分析,v1,desktop
2026-08-23,u_016,20260823_u_016,page_view,文案生成,v2,desktop
2026-08-23,u_017,20260823_u_017,page_view,文案生成,v1,desktop
2026-08-23,u_017,20260823_u_017,prompt_submit,文案生成,v1,desktop
2026-08-23,u_017,20260823_u_017,generation_success,文案生成,v1,desktop
2026-08-23,u_017,20260823_u_017,result_adopt,文案生成,v1,desktop
2026-08-23,u_019,20260823_u_019,page_view,表格分析,v1,desktop
2026-08-23,u_020,20260823_u_020,page_view,智能问答,v2,desktop
2026-08-23,u_020,20260823_u_020,prompt_submit,智能问答,v2,desktop
2026-08-23,u_020,20260823_u_020,generation_success,智能问答,v2,desktop
2026-08-23,u_020,20260823_u_020,result_adopt,智能问答,v2,desktop
2026-08-23,u_021,20260823_u_021,page_view,表格分析,v2,desktop
2026-08-23,u_026,20260823_u_026,page_view,表格分析,v2,web
2026-08-23,u_027,20260823_u_027,page_view,表格分析,v1,web
2026-08-23,u_027,20260823_u_027,prompt_submit,表格分析,v1,web
2026-08-23,u_027,20260823_u_027,generation_success,表格分析,v1,web
2026-08-23,u_027,20260823_u_027,result_adopt,表格分析,v1,web
2026-08-23,u_028,20260823_u_028,page_view,文案生成,v2,web
2026-08-23,u_028,20260823_u_028,prompt_submit,文案生成,v2,web
2026-08-23,u_028,20260823_u_028,generation_success,文案生成,v2,web
2026-08-23,u_028,20260823_u_028,result_adopt,文案生成,v2,web
2026-08-23,u_028,20260823_u_028,feature_click,文案生成,v2,web
2026-08-23,u_029,20260823_u_029,page_view,智能问答,v2,web
2026-08-23,u_029,20260823_u_029,prompt_submit,智能问答,v2,web
2026-08-23,u_029,20260823_u_029,generation_success,智能问答,v2,web
2026-08-23,u_029,20260823_u_029,feature_click,智能问答,v2,web
2026-08-23,u_031,20260823_u_031,page_view,智能问答,v2,desktop
2026-08-23,u_033,20260823_u_033,page_view,表格分析,v2,desktop
2026-08-23,u_033,20260823_u_033,prompt_submit,表格分析,v2,desktop
2026-08-23,u_033,20260823_u_033,generation_success,表格分析,v2,desktop
2026-08-23,u_033,20260823_u_033,result_adopt,表格分析,v2,desktop
2026-08-23,u_033,20260823_u_033,feature_click,表格分析,v2,desktop
2026-08-23,u_034,20260823_u_034,page_view,表格分析,v1,web
2026-08-23,u_034,20260823_u_034,prompt_submit,表格分析,v1,web
2026-08-23,u_034,20260823_u_034,generation_success,表格分析,v1,web
2026-08-23,u_034,20260823_u_034,result_adopt,表格分析,v1,web
2026-08-23,u_034,20260823_u_034,feature_click,表格分析,v1,web
2026-08-23,u_036,20260823_u_036,page_view,表格分析,v2,desktop
2026-08-23,u_038,20260823_u_038,page_view,表格分析,v1,web
2026-08-23,u_038,20260823_u_038,prompt_submit,表格分析,v1,web
2026-08-23,u_038,20260823_u_038,generation_success,表格分析,v1,web
2026-08-23,u_038,20260823_u_038,result_adopt,表格分析,v1,web
2026-08-23,u_039,20260823_u_039,page_view,智能问答,v2,desktop
2026-08-23,u_039,20260823_u_039,prompt_submit,智能问答,v2,desktop
2026-08-23,u_039,20260823_u_039,generation_success,智能问答,v2,desktop
2026-08-23,u_039,20260823_u_039,feature_click,智能问答,v2,desktop
2026-08-23,u_040,20260823_u_040,page_view,文案生成,v1,web
2026-08-23,u_040,20260823_u_040,prompt_submit,文案生成,v1,web
2026-08-23,u_040,20260823_u_040,generation_success,文案生成,v1,web
2026-08-23,u_040,20260823_u_040,result_adopt,文案生成,v1,web
2026-08-23,u_042,20260823_u_042,page_view,表格分析,v1,desktop
2026-08-23,u_042,20260823_u_042,prompt_submit,表格分析,v1,desktop
2026-08-23,u_042,20260823_u_042,generation_success,表格分析,v1,desktop
2026-08-23,u_042,20260823_u_042,feature_click,表格分析,v1,desktop
2026-08-23,u_043,20260823_u_043,page_view,文案生成,v2,desktop
2026-08-23,u_043,20260823_u_043,prompt_submit,文案生成,v2,desktop
2026-08-23,u_046,20260823_u_046,page_view,智能问答,v1,desktop
2026-08-23,u_046,20260823_u_046,prompt_submit,智能问答,v1,desktop
2026-08-23,u_046,20260823_u_046,generation_success,智能问答,v1,desktop
2026-08-23,u_046,20260823_u_046,result_adopt,智能问答,v1,desktop
2026-08-23,u_047,20260823_u_047,page_view,文案生成,v2,web
2026-08-23,u_049,20260823_u_049,page_view,智能问答,v2,web
2026-08-23,u_049,20260823_u_049,prompt_submit,智能问答,v2,web
2026-08-23,u_049,20260823_u_049,generation_success,智能问答,v2,web
2026-08-23,u_049,20260823_u_049,result_adopt,智能问答,v2,web
2026-08-23,u_049,20260823_u_049,feature_click,智能问答,v2,web
2026-08-23,u_050,20260823_u_050,page_view,表格分析,v1,desktop
2026-08-23,u_050,20260823_u_050,prompt_submit,表格分析,v1,desktop
2026-08-23,u_050,20260823_u_050,generation_success,表格分析,v1,desktop
2026-08-23,u_050,20260823_u_050,result_adopt,表格分析,v1,desktop
2026-08-23,u_050,20260823_u_050,feature_click,表格分析,v1,desktop
2026-08-23,u_051,20260823_u_051,page_view,表格分析,v2,web
2026-08-23,u_051,20260823_u_051,prompt_submit,表格分析,v2,web
2026-08-23,u_051,20260823_u_051,generation_success,表格分析,v2,web
2026-08-23,u_051,20260823_u_051,feature_click,表格分析,v2,web
2026-08-23,u_053,20260823_u_053,page_view,智能问答,v2,desktop
2026-08-23,u_053,20260823_u_053,prompt_submit,智能问答,v2,desktop
2026-08-23,u_053,20260823_u_053,generation_success,智能问答,v2,desktop
2026-08-23,u_053,20260823_u_053,feature_click,智能问答,v2,desktop
2026-08-23,u_054,20260823_u_054,page_view,智能问答,v2,desktop
2026-08-23,u_054,20260823_u_054,prompt_submit,智能问答,v2,desktop
2026-08-23,u_054,20260823_u_054,generation_success,智能问答,v2,desktop
2026-08-23,u_054,20260823_u_054,feature_click,智能问答,v2,desktop
2026-08-23,u_058,20260823_u_058,page_view,智能问答,v2,web
2026-08-23,u_058,20260823_u_058,prompt_submit,智能问答,v2,web
2026-08-23,u_058,20260823_u_058,generation_success,智能问答,v2,web
2026-08-23,u_058,20260823_u_058,feature_click,智能问答,v2,web
2026-08-23,u_059,20260823_u_059,page_view,智能问答,v1,web
2026-08-23,u_059,20260823_u_059,prompt_submit,智能问答,v1,web
2026-08-23,u_059,20260823_u_059,generation_success,智能问答,v1,web
2026-08-23,u_061,20260823_u_061,page_view,表格分析,v1,web
2026-08-23,u_061,20260823_u_061,prompt_submit,表格分析,v1,web
2026-08-23,u_061,20260823_u_061,generation_success,表格分析,v1,web
2026-08-23,u_061,20260823_u_061,feature_click,表格分析,v1,web
2026-08-23,u_062,20260823_u_062,page_view,表格分析,v2,web
2026-08-23,u_062,20260823_u_062,prompt_submit,表格分析,v2,web
2026-08-23,u_062,20260823_u_062,generation_success,表格分析,v2,web
2026-08-23,u_065,20260823_u_065,page_view,文案生成,v1,desktop
2026-08-23,u_065,20260823_u_065,prompt_submit,文案生成,v1,desktop
2026-08-23,u_065,20260823_u_065,generation_success,文案生成,v1,desktop
2026-08-23,u_065,20260823_u_065,result_adopt,文案生成,v1,desktop
2026-08-23,u_065,20260823_u_065,feature_click,文案生成,v1,desktop
2026-08-23,u_067,20260823_u_067,page_view,文案生成,v1,web
2026-08-23,u_067,20260823_u_067,prompt_submit,文案生成,v1,web
2026-08-23,u_067,20260823_u_067,generation_success,文案生成,v1,web
2026-08-23,u_067,20260823_u_067,result_adopt,文案生成,v1,web
2026-08-23,u_070,20260823_u_070,page_view,表格分析,v1,web
2026-08-23,u_072,20260823_u_072,page_view,表格分析,v1,desktop
2026-08-23,u_073,20260823_u_073,page_view,表格分析,v1,web
2026-08-23,u_073,20260823_u_073,prompt_submit,表格分析,v1,web
2026-08-23,u_073,20260823_u_073,generation_success,表格分析,v1,web
2026-08-23,u_073,20260823_u_073,result_adopt,表格分析,v1,web
2026-08-23,u_074,20260823_u_074,page_view,表格分析,v1,web
2026-08-23,u_074,20260823_u_074,prompt_submit,表格分析,v1,web
2026-08-23,u_074,20260823_u_074,generation_success,表格分析,v1,web
2026-08-23,u_074,20260823_u_074,result_adopt,表格分析,v1,web
2026-08-23,u_074,20260823_u_074,feature_click,表格分析,v1,web
2026-08-23,u_077,20260823_u_077,page_view,表格分析,v1,web
2026-08-23,u_077,20260823_u_077,prompt_submit,表格分析,v1,web
2026-08-23,u_077,20260823_u_077,generation_success,表格分析,v1,web
2026-08-23,u_077,20260823_u_077,result_adopt,表格分析,v1,web
2026-08-23,u_078,20260823_u_078,page_view,文案生成,v1,web
2026-08-23,u_078,20260823_u_078,prompt_submit,文案生成,v1,web
2026-08-23,u_078,20260823_u_078,generation_success,文案生成,v1,web
2026-08-23,u_078,20260823_u_078,feature_click,文案生成,v1,web
2026-08-23,u_079,20260823_u_079,page_view,表格分析,v2,web
2026-08-23,u_079,20260823_u_079,prompt_submit,表格分析,v2,web
2026-08-23,u_079,20260823_u_079,generation_success,表格分析,v2,web
2026-08-23,u_079,20260823_u_079,feature_click,表格分析,v2,web
2026-08-23,u_081,20260823_u_081,page_view,文案生成,v2,web
2026-08-23,u_082,20260823_u_082,page_view,智能问答,v2,web
2026-08-23,u_083,20260823_u_083,page_view,文案生成,v2,desktop
2026-08-23,u_087,20260823_u_087,page_view,智能问答,v1,desktop
2026-08-23,u_088,20260823_u_088,page_view,文案生成,v1,desktop
2026-08-23,u_090,20260823_u_090,page_view,文案生成,v1,desktop
2026-08-23,u_093,20260823_u_093,page_view,表格分析,v2,web
2026-08-23,u_093,20260823_u_093,prompt_submit,表格分析,v2,web
2026-08-23,u_093,20260823_u_093,generation_success,表格分析,v2,web
2026-08-23,u_094,20260823_u_094,page_view,表格分析,v2,web
2026-08-23,u_094,20260823_u_094,prompt_submit,表格分析,v2,web
2026-08-23,u_094,20260823_u_094,generation_success,表格分析,v2,web
2026-08-23,u_094,20260823_u_094,result_adopt,表格分析,v2,web
2026-08-23,u_097,20260823_u_097,page_view,表格分析,v1,web
2026-08-23,u_099,20260823_u_099,page_view,智能问答,v1,web
2026-08-23,u_100,20260823_u_100,page_view,表格分析,v2,desktop
2026-08-23,u_102,20260823_u_102,page_view,表格分析,v2,desktop
2026-08-23,u_102,20260823_u_102,prompt_submit,表格分析,v2,desktop
2026-08-23,u_102,20260823_u_102,generation_success,表格分析,v2,desktop
2026-08-23,u_103,20260823_u_103,page_view,表格分析,v1,desktop
2026-08-23,u_103,20260823_u_103,prompt_submit,表格分析,v1,desktop
2026-08-23,u_103,20260823_u_103,generation_success,表格分析,v1,desktop
2026-08-23,u_103,20260823_u_103,result_adopt,表格分析,v1,desktop
2026-08-23,u_103,20260823_u_103,feature_click,表格分析,v1,desktop
2026-08-23,u_106,20260823_u_106,page_view,表格分析,v1,desktop
2026-08-23,u_106,20260823_u_106,prompt_submit,表格分析,v1,desktop
2026-08-23,u_106,20260823_u_106,generation_success,表格分析,v1,desktop
2026-08-23,u_107,20260823_u_107,page_view,智能问答,v1,desktop
2026-08-23,u_108,20260823_u_108,page_view,文案生成,v2,web
2026-08-23,u_108,20260823_u_108,prompt_submit,文案生成,v2,web
2026-08-23,u_108,20260823_u_108,generation_success,文案生成,v2,web
2026-08-23,u_109,20260823_u_109,page_view,表格分析,v2,web
2026-08-23,u_109,20260823_u_109,prompt_submit,表格分析,v2,web
2026-08-23,u_109,20260823_u_109,generation_success,表格分析,v2,web
2026-08-23,u_109,20260823_u_109,feature_click,表格分析,v2,web
2026-08-23,u_113,20260823_u_113,page_view,文案生成,v2,web
2026-08-23,u_113,20260823_u_113,prompt_submit,文案生成,v2,web
2026-08-23,u_113,20260823_u_113,generation_success,文案生成,v2,web
2026-08-23,u_113,20260823_u_113,result_adopt,文案生成,v2,web
2026-08-23,u_113,20260823_u_113,feature_click,文案生成,v2,web
2026-08-23,u_115,20260823_u_115,page_view,表格分析,v1,desktop
2026-08-23,u_115,20260823_u_115,prompt_submit,表格分析,v1,desktop
2026-08-23,u_115,20260823_u_115,generation_success,表格分析,v1,desktop
2026-08-23,u_118,20260823_u_118,page_view,文案生成,v1,desktop
2026-08-23,u_119,20260823_u_119,page_view,文案生成,v2,web
2026-08-23,u_119,20260823_u_119,prompt_submit,文案生成,v2,web
2026-08-23,u_119,20260823_u_119,generation_success,文案生成,v2,web
2026-08-23,u_119,20260823_u_119,result_adopt,文案生成,v2,web
2026-08-23,u_125,20260823_u_125,page_view,智能问答,v2,web
2026-08-23,u_125,20260823_u_125,prompt_submit,智能问答,v2,web
2026-08-23,u_125,20260823_u_125,generation_success,智能问答,v2,web
2026-08-23,u_125,20260823_u_125,feature_click,智能问答,v2,web
2026-08-23,u_131,20260823_u_131,page_view,智能问答,v1,desktop
2026-08-23,u_131,20260823_u_131,prompt_submit,智能问答,v1,desktop
2026-08-23,u_131,20260823_u_131,generation_success,智能问答,v1,desktop
2026-08-23,u_132,20260823_u_132,page_view,表格分析,v1,web
2026-08-23,u_132,20260823_u_132,prompt_submit,表格分析,v1,web
2026-08-23,u_132,20260823_u_132,generation_success,表格分析,v1,web
2026-08-23,u_132,20260823_u_132,result_adopt,表格分析,v1,web
2026-08-23,u_133,20260823_u_133,page_view,智能问答,v1,desktop
2026-08-23,u_138,20260823_u_138,page_view,表格分析,v1,desktop
2026-08-23,u_138,20260823_u_138,prompt_submit,表格分析,v1,desktop
2026-08-23,u_138,20260823_u_138,generation_success,表格分析,v1,desktop
2026-08-23,u_138,20260823_u_138,result_adopt,表格分析,v1,desktop
2026-08-23,u_141,20260823_u_141,page_view,文案生成,v2,desktop
2026-08-23,u_141,20260823_u_141,prompt_submit,文案生成,v2,desktop
2026-08-23,u_141,20260823_u_141,generation_success,文案生成,v2,desktop
2026-08-23,u_141,20260823_u_141,result_adopt,文案生成,v2,desktop
2026-08-23,u_144,20260823_u_144,page_view,智能问答,v1,web
2026-08-23,u_144,20260823_u_144,prompt_submit,智能问答,v1,web
2026-08-23,u_144,20260823_u_144,generation_success,智能问答,v1,web
2026-08-23,u_146,20260823_u_146,page_view,表格分析,v1,desktop
2026-08-23,u_148,20260823_u_148,page_view,文案生成,v1,web
2026-08-23,u_148,20260823_u_148,prompt_submit,文案生成,v1,web
2026-08-23,u_148,20260823_u_148,generation_success,文案生成,v1,web
2026-08-23,u_148,20260823_u_148,result_adopt,文案生成,v1,web
2026-08-23,u_151,20260823_u_151,page_view,文案生成,v2,web
2026-08-23,u_151,20260823_u_151,prompt_submit,文案生成,v2,web
2026-08-23,u_151,20260823_u_151,generation_success,文案生成,v2,web
2026-08-23,u_153,20260823_u_153,page_view,智能问答,v1,web
2026-08-23,u_153,20260823_u_153,prompt_submit,智能问答,v1,web
2026-08-23,u_153,20260823_u_153,generation_success,智能问答,v1,web
2026-08-23,u_153,20260823_u_153,feature_click,智能问答,v1,web
2026-08-23,u_154,20260823_u_154,page_view,智能问答,v2,desktop
2026-08-23,u_154,20260823_u_154,prompt_submit,智能问答,v2,desktop
2026-08-23,u_154,20260823_u_154,generation_success,智能问答,v2,desktop
2026-08-23,u_154,20260823_u_154,result_adopt,智能问答,v2,desktop
2026-08-23,u_154,20260823_u_154,feature_click,智能问答,v2,desktop
2026-08-23,u_155,20260823_u_155,page_view,表格分析,v2,web
2026-08-23,u_160,20260823_u_160,page_view,文案生成,v2,web
2026-08-23,u_162,20260823_u_162,page_view,表格分析,v1,web
2026-08-23,u_163,20260823_u_163,page_view,文案生成,v1,web
2026-08-23,u_164,20260823_u_164,page_view,表格分析,v1,web
2026-08-23,u_164,20260823_u_164,prompt_submit,表格分析,v1,web
2026-08-23,u_164,20260823_u_164,generation_success,表格分析,v1,web
2026-08-23,u_164,20260823_u_164,result_adopt,表格分析,v1,web
2026-08-23,u_164,20260823_u_164,feature_click,表格分析,v1,web
2026-08-23,u_165,20260823_u_165,page_view,文案生成,v2,web
2026-08-23,u_165,20260823_u_165,prompt_submit,文案生成,v2,web
2026-08-23,u_165,20260823_u_165,generation_success,文案生成,v2,web
2026-08-23,u_165,20260823_u_165,result_adopt,文案生成,v2,web
2026-08-23,u_165,20260823_u_165,feature_click,文案生成,v2,web
2026-08-23,u_168,20260823_u_168,page_view,表格分析,v1,desktop
2026-08-23,u_168,20260823_u_168,prompt_submit,表格分析,v1,desktop
2026-08-23,u_168,20260823_u_168,generation_success,表格分析,v1,desktop
2026-08-23,u_168,20260823_u_168,result_adopt,表格分析,v1,desktop
2026-08-23,u_168,20260823_u_168,feature_click,表格分析,v1,desktop
2026-08-23,u_169,20260823_u_169,page_view,表格分析,v1,desktop
2026-08-23,u_169,20260823_u_169,prompt_submit,表格分析,v1,desktop
2026-08-23,u_169,20260823_u_169,generation_success,表格分析,v1,desktop
2026-08-23,u_170,20260823_u_170,page_view,智能问答,v2,desktop
2026-08-23,u_170,20260823_u_170,prompt_submit,智能问答,v2,desktop
2026-08-23,u_172,20260823_u_172,page_view,表格分析,v2,web
2026-08-23,u_172,20260823_u_172,prompt_submit,表格分析,v2,web
2026-08-23,u_172,20260823_u_172,generation_success,表格分析,v2,web
2026-08-23,u_172,20260823_u_172,result_adopt,表格分析,v2,web
2026-08-23,u_172,20260823_u_172,feature_click,表格分析,v2,web
2026-08-23,u_175,20260823_u_175,page_view,文案生成,v1,desktop
2026-08-23,u_176,20260823_u_176,page_view,表格分析,v2,web
2026-08-23,u_176,20260823_u_176,prompt_submit,表格分析,v2,web
2026-08-23,u_176,20260823_u_176,generation_success,表格分析,v2,web
2026-08-23,u_176,20260823_u_176,feature_click,表格分析,v2,web
2026-08-23,u_177,20260823_u_177,page_view,表格分析,v2,desktop
2026-08-23,u_177,20260823_u_177,prompt_submit,表格分析,v2,desktop
2026-08-23,u_177,20260823_u_177,generation_success,表格分析,v2,desktop
2026-08-23,u_177,20260823_u_177,result_adopt,表格分析,v2,desktop
2026-08-23,u_177,20260823_u_177,feature_click,表格分析,v2,desktop
2026-08-23,u_179,20260823_u_179,page_view,文案生成,v1,web
2026-08-24,u_005,20260824_u_005,page_view,智能问答,v2,web
2026-08-24,u_005,20260824_u_005,prompt_submit,智能问答,v2,web
2026-08-24,u_005,20260824_u_005,generation_success,智能问答,v2,web
2026-08-24,u_005,20260824_u_005,feature_click,智能问答,v2,web
2026-08-24,u_006,20260824_u_006,page_view,文案生成,v2,desktop
2026-08-24,u_006,20260824_u_006,prompt_submit,文案生成,v2,desktop
2026-08-24,u_006,20260824_u_006,generation_success,文案生成,v2,desktop
2026-08-24,u_007,20260824_u_007,page_view,智能问答,v2,web
2026-08-24,u_012,20260824_u_012,page_view,智能问答,v2,web
2026-08-24,u_013,20260824_u_013,page_view,表格分析,v2,desktop
2026-08-24,u_016,20260824_u_016,page_view,文案生成,v2,desktop
2026-08-24,u_016,20260824_u_016,prompt_submit,文案生成,v2,desktop
2026-08-24,u_020,20260824_u_020,page_view,表格分析,v1,web
2026-08-24,u_020,20260824_u_020,prompt_submit,表格分析,v1,web
2026-08-24,u_024,20260824_u_024,page_view,智能问答,v2,web
2026-08-24,u_024,20260824_u_024,prompt_submit,智能问答,v2,web
2026-08-24,u_024,20260824_u_024,generation_success,智能问答,v2,web
2026-08-24,u_024,20260824_u_024,result_adopt,智能问答,v2,web
2026-08-24,u_025,20260824_u_025,page_view,文案生成,v1,web
2026-08-24,u_025,20260824_u_025,prompt_submit,文案生成,v1,web
2026-08-24,u_025,20260824_u_025,generation_success,文案生成,v1,web
2026-08-24,u_025,20260824_u_025,result_adopt,文案生成,v1,web
2026-08-24,u_026,20260824_u_026,page_view,表格分析,v1,web
2026-08-24,u_027,20260824_u_027,page_view,表格分析,v1,desktop
2026-08-24,u_027,20260824_u_027,prompt_submit,表格分析,v1,desktop
2026-08-24,u_027,20260824_u_027,generation_success,表格分析,v1,desktop
2026-08-24,u_027,20260824_u_027,feature_click,表格分析,v1,desktop
2026-08-24,u_028,20260824_u_028,page_view,文案生成,v2,web
2026-08-24,u_028,20260824_u_028,prompt_submit,文案生成,v2,web
2026-08-24,u_028,20260824_u_028,generation_success,文案生成,v2,web
2026-08-24,u_028,20260824_u_028,result_adopt,文案生成,v2,web
2026-08-24,u_028,20260824_u_028,feature_click,文案生成,v2,web
2026-08-24,u_029,20260824_u_029,page_view,表格分析,v1,web
2026-08-24,u_029,20260824_u_029,prompt_submit,表格分析,v1,web
2026-08-24,u_029,20260824_u_029,generation_success,表格分析,v1,web
2026-08-24,u_029,20260824_u_029,result_adopt,表格分析,v1,web
2026-08-24,u_030,20260824_u_030,page_view,文案生成,v1,web
2026-08-24,u_031,20260824_u_031,page_view,文案生成,v2,desktop
2026-08-24,u_031,20260824_u_031,prompt_submit,文案生成,v2,desktop
2026-08-24,u_031,20260824_u_031,generation_success,文案生成,v2,desktop
2026-08-24,u_031,20260824_u_031,feature_click,文案生成,v2,desktop
2026-08-24,u_033,20260824_u_033,page_view,智能问答,v1,web
2026-08-24,u_036,20260824_u_036,page_view,文案生成,v2,desktop
2026-08-24,u_036,20260824_u_036,prompt_submit,文案生成,v2,desktop
2026-08-24,u_036,20260824_u_036,generation_success,文案生成,v2,desktop
2026-08-24,u_036,20260824_u_036,feature_click,文案生成,v2,desktop
2026-08-24,u_037,20260824_u_037,page_view,表格分析,v2,desktop
2026-08-24,u_038,20260824_u_038,page_view,表格分析,v2,desktop
2026-08-24,u_039,20260824_u_039,page_view,智能问答,v1,desktop
2026-08-24,u_039,20260824_u_039,prompt_submit,智能问答,v1,desktop
2026-08-24,u_039,20260824_u_039,generation_success,智能问答,v1,desktop
2026-08-24,u_039,20260824_u_039,feature_click,智能问答,v1,desktop
2026-08-24,u_041,20260824_u_041,page_view,表格分析,v2,web
2026-08-24,u_041,20260824_u_041,prompt_submit,表格分析,v2,web
2026-08-24,u_041,20260824_u_041,generation_success,表格分析,v2,web
2026-08-24,u_043,20260824_u_043,page_view,文案生成,v2,web
2026-08-24,u_043,20260824_u_043,prompt_submit,文案生成,v2,web
2026-08-24,u_043,20260824_u_043,generation_success,文案生成,v2,web
2026-08-24,u_044,20260824_u_044,page_view,表格分析,v1,desktop
2026-08-24,u_045,20260824_u_045,page_view,表格分析,v1,web
2026-08-24,u_045,20260824_u_045,prompt_submit,表格分析,v1,web
2026-08-24,u_045,20260824_u_045,generation_success,表格分析,v1,web
2026-08-24,u_045,20260824_u_045,feature_click,表格分析,v1,web
2026-08-24,u_046,20260824_u_046,page_view,文案生成,v1,web
2026-08-24,u_046,20260824_u_046,prompt_submit,文案生成,v1,web
2026-08-24,u_046,20260824_u_046,generation_success,文案生成,v1,web
2026-08-24,u_046,20260824_u_046,result_adopt,文案生成,v1,web
2026-08-24,u_046,20260824_u_046,feature_click,文案生成,v1,web
2026-08-24,u_048,20260824_u_048,page_view,智能问答,v2,desktop
2026-08-24,u_048,20260824_u_048,prompt_submit,智能问答,v2,desktop
2026-08-24,u_048,20260824_u_048,generation_success,智能问答,v2,desktop
2026-08-24,u_049,20260824_u_049,page_view,表格分析,v2,desktop
2026-08-24,u_050,20260824_u_050,page_view,文案生成,v1,desktop
2026-08-24,u_050,20260824_u_050,prompt_submit,文案生成,v1,desktop
2026-08-24,u_050,20260824_u_050,generation_success,文案生成,v1,desktop
2026-08-24,u_050,20260824_u_050,result_adopt,文案生成,v1,desktop
2026-08-24,u_051,20260824_u_051,page_view,文案生成,v1,desktop
2026-08-24,u_052,20260824_u_052,page_view,表格分析,v2,desktop
2026-08-24,u_052,20260824_u_052,prompt_submit,表格分析,v2,desktop
2026-08-24,u_052,20260824_u_052,generation_success,表格分析,v2,desktop
2026-08-24,u_052,20260824_u_052,feature_click,表格分析,v2,desktop
2026-08-24,u_053,20260824_u_053,page_view,表格分析,v2,web
2026-08-24,u_054,20260824_u_054,page_view,文案生成,v1,desktop
2026-08-24,u_054,20260824_u_054,prompt_submit,文案生成,v1,desktop
2026-08-24,u_054,20260824_u_054,generation_success,文案生成,v1,desktop
2026-08-24,u_054,20260824_u_054,feature_click,文案生成,v1,desktop
2026-08-24,u_057,20260824_u_057,page_view,智能问答,v1,desktop
2026-08-24,u_057,20260824_u_057,prompt_submit,智能问答,v1,desktop
2026-08-24,u_057,20260824_u_057,generation_success,智能问答,v1,desktop
2026-08-24,u_057,20260824_u_057,result_adopt,智能问答,v1,desktop
2026-08-24,u_057,20260824_u_057,feature_click,智能问答,v1,desktop
2026-08-24,u_058,20260824_u_058,page_view,表格分析,v1,desktop
2026-08-24,u_058,20260824_u_058,prompt_submit,表格分析,v1,desktop
2026-08-24,u_058,20260824_u_058,generation_success,表格分析,v1,desktop
2026-08-24,u_058,20260824_u_058,result_adopt,表格分析,v1,desktop
2026-08-24,u_058,20260824_u_058,feature_click,表格分析,v1,desktop
2026-08-24,u_063,20260824_u_063,page_view,表格分析,v2,web
2026-08-24,u_063,20260824_u_063,prompt_submit,表格分析,v2,web
2026-08-24,u_063,20260824_u_063,generation_success,表格分析,v2,web
2026-08-24,u_063,20260824_u_063,feature_click,表格分析,v2,web
2026-08-24,u_065,20260824_u_065,page_view,智能问答,v2,desktop
2026-08-24,u_070,20260824_u_070,page_view,表格分析,v1,web
2026-08-24,u_070,20260824_u_070,prompt_submit,表格分析,v1,web
2026-08-24,u_070,20260824_u_070,generation_success,表格分析,v1,web
2026-08-24,u_070,20260824_u_070,feature_click,表格分析,v1,web
2026-08-24,u_071,20260824_u_071,page_view,表格分析,v2,desktop
2026-08-24,u_077,20260824_u_077,page_view,表格分析,v1,web
2026-08-24,u_077,20260824_u_077,prompt_submit,表格分析,v1,web
2026-08-24,u_079,20260824_u_079,page_view,表格分析,v2,web
2026-08-24,u_079,20260824_u_079,prompt_submit,表格分析,v2,web
2026-08-24,u_079,20260824_u_079,generation_success,表格分析,v2,web
2026-08-24,u_080,20260824_u_080,page_view,表格分析,v2,web
2026-08-24,u_080,20260824_u_080,prompt_submit,表格分析,v2,web
2026-08-24,u_081,20260824_u_081,page_view,文案生成,v2,desktop
2026-08-24,u_081,20260824_u_081,prompt_submit,文案生成,v2,desktop
2026-08-24,u_081,20260824_u_081,generation_success,文案生成,v2,desktop
2026-08-24,u_082,20260824_u_082,page_view,表格分析,v1,desktop
2026-08-24,u_082,20260824_u_082,prompt_submit,表格分析,v1,desktop
2026-08-24,u_082,20260824_u_082,generation_success,表格分析,v1,desktop
2026-08-24,u_082,20260824_u_082,feature_click,表格分析,v1,desktop
2026-08-24,u_084,20260824_u_084,page_view,文案生成,v2,desktop
2026-08-24,u_084,20260824_u_084,prompt_submit,文案生成,v2,desktop
2026-08-24,u_084,20260824_u_084,generation_success,文案生成,v2,desktop
2026-08-24,u_084,20260824_u_084,feature_click,文案生成,v2,desktop
2026-08-24,u_089,20260824_u_089,page_view,智能问答,v2,desktop
2026-08-24,u_089,20260824_u_089,prompt_submit,智能问答,v2,desktop
2026-08-24,u_089,20260824_u_089,generation_success,智能问答,v2,desktop
2026-08-24,u_089,20260824_u_089,result_adopt,智能问答,v2,desktop
2026-08-24,u_090,20260824_u_090,page_view,智能问答,v1,desktop
2026-08-24,u_090,20260824_u_090,prompt_submit,智能问答,v1,desktop
2026-08-24,u_090,20260824_u_090,generation_success,智能问答,v1,desktop
2026-08-24,u_090,20260824_u_090,result_adopt,智能问答,v1,desktop
2026-08-24,u_090,20260824_u_090,feature_click,智能问答,v1,desktop
2026-08-24,u_092,20260824_u_092,page_view,表格分析,v2,desktop
2026-08-24,u_092,20260824_u_092,prompt_submit,表格分析,v2,desktop
2026-08-24,u_092,20260824_u_092,generation_success,表格分析,v2,desktop
2026-08-24,u_092,20260824_u_092,feature_click,表格分析,v2,desktop
2026-08-24,u_095,20260824_u_095,page_view,智能问答,v2,desktop
2026-08-24,u_095,20260824_u_095,prompt_submit,智能问答,v2,desktop
2026-08-24,u_095,20260824_u_095,generation_success,智能问答,v2,desktop
2026-08-24,u_095,20260824_u_095,result_adopt,智能问答,v2,desktop
2026-08-24,u_096,20260824_u_096,page_view,智能问答,v2,web
2026-08-24,u_096,20260824_u_096,prompt_submit,智能问答,v2,web
2026-08-24,u_096,20260824_u_096,generation_success,智能问答,v2,web
2026-08-24,u_096,20260824_u_096,result_adopt,智能问答,v2,web
2026-08-24,u_102,20260824_u_102,page_view,智能问答,v1,web
2026-08-24,u_102,20260824_u_102,prompt_submit,智能问答,v1,web
2026-08-24,u_102,20260824_u_102,generation_success,智能问答,v1,web
2026-08-24,u_104,20260824_u_104,page_view,表格分析,v2,desktop
2026-08-24,u_104,20260824_u_104,prompt_submit,表格分析,v2,desktop
2026-08-24,u_106,20260824_u_106,page_view,表格分析,v1,desktop
2026-08-24,u_106,20260824_u_106,prompt_submit,表格分析,v1,desktop
2026-08-24,u_106,20260824_u_106,generation_success,表格分析,v1,desktop
2026-08-24,u_106,20260824_u_106,feature_click,表格分析,v1,desktop
2026-08-24,u_107,20260824_u_107,page_view,智能问答,v2,web
2026-08-24,u_107,20260824_u_107,prompt_submit,智能问答,v2,web
2026-08-24,u_107,20260824_u_107,generation_success,智能问答,v2,web
2026-08-24,u_107,20260824_u_107,result_adopt,智能问答,v2,web
2026-08-24,u_108,20260824_u_108,page_view,表格分析,v2,desktop
2026-08-24,u_108,20260824_u_108,prompt_submit,表格分析,v2,desktop
2026-08-24,u_108,20260824_u_108,generation_success,表格分析,v2,desktop
2026-08-24,u_108,20260824_u_108,feature_click,表格分析,v2,desktop
2026-08-24,u_109,20260824_u_109,page_view,智能问答,v2,desktop
2026-08-24,u_110,20260824_u_110,page_view,表格分析,v2,web
2026-08-24,u_110,20260824_u_110,prompt_submit,表格分析,v2,web
2026-08-24,u_110,20260824_u_110,generation_success,表格分析,v2,web
2026-08-24,u_110,20260824_u_110,result_adopt,表格分析,v2,web
2026-08-24,u_110,20260824_u_110,feature_click,表格分析,v2,web
2026-08-24,u_111,20260824_u_111,page_view,表格分析,v1,desktop
2026-08-24,u_111,20260824_u_111,prompt_submit,表格分析,v1,desktop
2026-08-24,u_111,20260824_u_111,generation_success,表格分析,v1,desktop
2026-08-24,u_111,20260824_u_111,result_adopt,表格分析,v1,desktop
2026-08-24,u_111,20260824_u_111,feature_click,表格分析,v1,desktop
2026-08-24,u_112,20260824_u_112,page_view,表格分析,v2,web
2026-08-24,u_115,20260824_u_115,page_view,智能问答,v1,desktop
2026-08-24,u_115,20260824_u_115,prompt_submit,智能问答,v1,desktop
2026-08-24,u_115,20260824_u_115,generation_success,智能问答,v1,desktop
2026-08-24,u_115,20260824_u_115,result_adopt,智能问答,v1,desktop
2026-08-24,u_115,20260824_u_115,feature_click,智能问答,v1,desktop
2026-08-24,u_116,20260824_u_116,page_view,智能问答,v2,web
2026-08-24,u_117,20260824_u_117,page_view,文案生成,v2,web
2026-08-24,u_119,20260824_u_119,page_view,文案生成,v1,desktop
2026-08-24,u_119,20260824_u_119,prompt_submit,文案生成,v1,desktop
2026-08-24,u_119,20260824_u_119,generation_success,文案生成,v1,desktop
2026-08-24,u_120,20260824_u_120,page_view,表格分析,v1,web
2026-08-24,u_120,20260824_u_120,prompt_submit,表格分析,v1,web
2026-08-24,u_120,20260824_u_120,generation_success,表格分析,v1,web
2026-08-24,u_120,20260824_u_120,result_adopt,表格分析,v1,web
2026-08-24,u_120,20260824_u_120,feature_click,表格分析,v1,web
2026-08-24,u_121,20260824_u_121,page_view,智能问答,v2,desktop
2026-08-24,u_121,20260824_u_121,prompt_submit,智能问答,v2,desktop
2026-08-24,u_121,20260824_u_121,generation_success,智能问答,v2,desktop
2026-08-24,u_122,20260824_u_122,page_view,智能问答,v2,desktop
2026-08-24,u_123,20260824_u_123,page_view,表格分析,v1,desktop
2026-08-24,u_123,20260824_u_123,prompt_submit,表格分析,v1,desktop
2026-08-24,u_123,20260824_u_123,generation_success,表格分析,v1,desktop
2026-08-24,u_123,20260824_u_123,result_adopt,表格分析,v1,desktop
2026-08-24,u_124,20260824_u_124,page_view,表格分析,v2,desktop
2026-08-24,u_124,20260824_u_124,prompt_submit,表格分析,v2,desktop
2026-08-24,u_125,20260824_u_125,page_view,文案生成,v2,desktop
2026-08-24,u_125,20260824_u_125,prompt_submit,文案生成,v2,desktop
2026-08-24,u_125,20260824_u_125,generation_success,文案生成,v2,desktop
2026-08-24,u_127,20260824_u_127,page_view,智能问答,v2,web
2026-08-24,u_127,20260824_u_127,prompt_submit,智能问答,v2,web
2026-08-24,u_127,20260824_u_127,generation_success,智能问答,v2,web
2026-08-24,u_128,20260824_u_128,page_view,智能问答,v2,desktop
2026-08-24,u_129,20260824_u_129,page_view,文案生成,v2,desktop
2026-08-24,u_130,20260824_u_130,page_view,智能问答,v2,web
2026-08-24,u_134,20260824_u_134,page_view,表格分析,v2,web
2026-08-24,u_134,20260824_u_134,prompt_submit,表格分析,v2,web
2026-08-24,u_134,20260824_u_134,generation_success,表格分析,v2,web
2026-08-24,u_134,20260824_u_134,result_adopt,表格分析,v2,web
2026-08-24,u_136,20260824_u_136,page_view,表格分析,v1,desktop
2026-08-24,u_137,20260824_u_137,page_view,表格分析,v1,desktop
2026-08-24,u_138,20260824_u_138,page_view,文案生成,v1,desktop
2026-08-24,u_140,20260824_u_140,page_view,智能问答,v1,web
2026-08-24,u_140,20260824_u_140,prompt_submit,智能问答,v1,web
2026-08-24,u_142,20260824_u_142,page_view,表格分析,v2,desktop
2026-08-24,u_142,20260824_u_142,prompt_submit,表格分析,v2,desktop
2026-08-24,u_143,20260824_u_143,page_view,智能问答,v1,web
2026-08-24,u_143,20260824_u_143,prompt_submit,智能问答,v1,web
2026-08-24,u_145,20260824_u_145,page_view,表格分析,v1,web
2026-08-24,u_145,20260824_u_145,prompt_submit,表格分析,v1,web
2026-08-24,u_145,20260824_u_145,generation_success,表格分析,v1,web
2026-08-24,u_145,20260824_u_145,result_adopt,表格分析,v1,web
2026-08-24,u_146,20260824_u_146,page_view,智能问答,v1,web
2026-08-24,u_146,20260824_u_146,prompt_submit,智能问答,v1,web
2026-08-24,u_146,20260824_u_146,generation_success,智能问答,v1,web
2026-08-24,u_146,20260824_u_146,result_adopt,智能问答,v1,web
2026-08-24,u_150,20260824_u_150,page_view,智能问答,v1,desktop
2026-08-24,u_150,20260824_u_150,prompt_submit,智能问答,v1,desktop
2026-08-24,u_152,20260824_u_152,page_view,智能问答,v1,desktop
2026-08-24,u_152,20260824_u_152,prompt_submit,智能问答,v1,desktop
2026-08-24,u_152,20260824_u_152,generation_success,智能问答,v1,desktop
2026-08-24,u_152,20260824_u_152,result_adopt,智能问答,v1,desktop
2026-08-24,u_152,20260824_u_152,feature_click,智能问答,v1,desktop
2026-08-24,u_153,20260824_u_153,page_view,智能问答,v1,web
2026-08-24,u_153,20260824_u_153,prompt_submit,智能问答,v1,web
2026-08-24,u_155,20260824_u_155,page_view,表格分析,v2,desktop
2026-08-24,u_155,20260824_u_155,prompt_submit,表格分析,v2,desktop
2026-08-24,u_155,20260824_u_155,generation_success,表格分析,v2,desktop
2026-08-24,u_155,20260824_u_155,result_adopt,表格分析,v2,desktop
2026-08-24,u_156,20260824_u_156,page_view,文案生成,v2,desktop
2026-08-24,u_157,20260824_u_157,page_view,表格分析,v2,web
2026-08-24,u_158,20260824_u_158,page_view,文案生成,v1,web
2026-08-24,u_160,20260824_u_160,page_view,文案生成,v2,desktop
2026-08-24,u_161,20260824_u_161,page_view,表格分析,v2,web
2026-08-24,u_162,20260824_u_162,page_view,智能问答,v1,desktop
2026-08-24,u_162,20260824_u_162,prompt_submit,智能问答,v1,desktop
2026-08-24,u_162,20260824_u_162,generation_success,智能问答,v1,desktop
2026-08-24,u_162,20260824_u_162,result_adopt,智能问答,v1,desktop
2026-08-24,u_167,20260824_u_167,page_view,智能问答,v2,web
2026-08-24,u_167,20260824_u_167,prompt_submit,智能问答,v2,web
2026-08-24,u_167,20260824_u_167,generation_success,智能问答,v2,web
2026-08-24,u_168,20260824_u_168,page_view,智能问答,v1,web
2026-08-24,u_168,20260824_u_168,prompt_submit,智能问答,v1,web
2026-08-24,u_168,20260824_u_168,generation_success,智能问答,v1,web
2026-08-24,u_168,20260824_u_168,result_adopt,智能问答,v1,web
2026-08-24,u_169,20260824_u_169,page_view,表格分析,v2,web
2026-08-24,u_169,20260824_u_169,prompt_submit,表格分析,v2,web
2026-08-24,u_169,20260824_u_169,generation_success,表格分析,v2,web
2026-08-24,u_169,20260824_u_169,feature_click,表格分析,v2,web
2026-08-24,u_170,20260824_u_170,page_view,文案生成,v2,desktop
2026-08-24,u_170,20260824_u_170,prompt_submit,文案生成,v2,desktop
2026-08-24,u_170,20260824_u_170,generation_success,文案生成,v2,desktop
2026-08-24,u_170,20260824_u_170,feature_click,文案生成,v2,desktop
2026-08-24,u_172,20260824_u_172,page_view,智能问答,v1,desktop
2026-08-24,u_172,20260824_u_172,prompt_submit,智能问答,v1,desktop
2026-08-24,u_172,20260824_u_172,generation_success,智能问答,v1,desktop
2026-08-24,u_173,20260824_u_173,page_view,表格分析,v2,desktop
2026-08-24,u_173,20260824_u_173,prompt_submit,表格分析,v2,desktop
2026-08-24,u_173,20260824_u_173,generation_success,表格分析,v2,desktop
2026-08-24,u_178,20260824_u_178,page_view,文案生成,v1,desktop
2026-08-24,u_178,20260824_u_178,prompt_submit,文案生成,v1,desktop
2026-08-24,u_178,20260824_u_178,generation_success,文案生成,v1,desktop
2026-08-25,u_001,20260825_u_001,page_view,表格分析,v2,web
2026-08-25,u_002,20260825_u_002,page_view,文案生成,v2,desktop
2026-08-25,u_003,20260825_u_003,page_view,智能问答,v1,desktop
2026-08-25,u_003,20260825_u_003,prompt_submit,智能问答,v1,desktop
2026-08-25,u_003,20260825_u_003,generation_success,智能问答,v1,desktop
2026-08-25,u_004,20260825_u_004,page_view,文案生成,v1,web
2026-08-25,u_004,20260825_u_004,prompt_submit,文案生成,v1,web
2026-08-25,u_006,20260825_u_006,page_view,文案生成,v1,web
2026-08-25,u_006,20260825_u_006,prompt_submit,文案生成,v1,web
2026-08-25,u_006,20260825_u_006,generation_success,文案生成,v1,web
2026-08-25,u_006,20260825_u_006,feature_click,文案生成,v1,web
2026-08-25,u_007,20260825_u_007,page_view,表格分析,v1,desktop
2026-08-25,u_008,20260825_u_008,page_view,表格分析,v2,web
2026-08-25,u_008,20260825_u_008,prompt_submit,表格分析,v2,web
2026-08-25,u_008,20260825_u_008,generation_success,表格分析,v2,web
2026-08-25,u_010,20260825_u_010,page_view,智能问答,v1,web
2026-08-25,u_012,20260825_u_012,page_view,智能问答,v2,web
2026-08-25,u_012,20260825_u_012,prompt_submit,智能问答,v2,web
2026-08-25,u_012,20260825_u_012,generation_success,智能问答,v2,web
2026-08-25,u_012,20260825_u_012,result_adopt,智能问答,v2,web
2026-08-25,u_012,20260825_u_012,feature_click,智能问答,v2,web
2026-08-25,u_013,20260825_u_013,page_view,文案生成,v1,desktop
2026-08-25,u_013,20260825_u_013,prompt_submit,文案生成,v1,desktop
2026-08-25,u_013,20260825_u_013,generation_success,文案生成,v1,desktop
2026-08-25,u_013,20260825_u_013,result_adopt,文案生成,v1,desktop
2026-08-25,u_013,20260825_u_013,feature_click,文案生成,v1,desktop
2026-08-25,u_015,20260825_u_015,page_view,智能问答,v1,desktop
2026-08-25,u_015,20260825_u_015,prompt_submit,智能问答,v1,desktop
2026-08-25,u_015,20260825_u_015,generation_success,智能问答,v1,desktop
2026-08-25,u_015,20260825_u_015,result_adopt,智能问答,v1,desktop
2026-08-25,u_017,20260825_u_017,page_view,表格分析,v1,desktop
2026-08-25,u_018,20260825_u_018,page_view,智能问答,v2,web
2026-08-25,u_020,20260825_u_020,page_view,文案生成,v2,web
2026-08-25,u_021,20260825_u_021,page_view,表格分析,v1,desktop
2026-08-25,u_021,20260825_u_021,prompt_submit,表格分析,v1,desktop
2026-08-25,u_021,20260825_u_021,generation_success,表格分析,v1,desktop
2026-08-25,u_024,20260825_u_024,page_view,表格分析,v1,web
2026-08-25,u_024,20260825_u_024,prompt_submit,表格分析,v1,web
2026-08-25,u_024,20260825_u_024,generation_success,表格分析,v1,web
2026-08-25,u_024,20260825_u_024,result_adopt,表格分析,v1,web
2026-08-25,u_025,20260825_u_025,page_view,文案生成,v1,desktop
2026-08-25,u_025,20260825_u_025,prompt_submit,文案生成,v1,desktop
2026-08-25,u_025,20260825_u_025,generation_success,文案生成,v1,desktop
2026-08-25,u_025,20260825_u_025,result_adopt,文案生成,v1,desktop
2026-08-25,u_025,20260825_u_025,feature_click,文案生成,v1,desktop
2026-08-25,u_026,20260825_u_026,page_view,智能问答,v1,desktop
2026-08-25,u_026,20260825_u_026,prompt_submit,智能问答,v1,desktop
2026-08-25,u_026,20260825_u_026,generation_success,智能问答,v1,desktop
2026-08-25,u_026,20260825_u_026,result_adopt,智能问答,v1,desktop
2026-08-25,u_026,20260825_u_026,feature_click,智能问答,v1,desktop
2026-08-25,u_027,20260825_u_027,page_view,文案生成,v2,desktop
2026-08-25,u_031,20260825_u_031,page_view,表格分析,v1,desktop
2026-08-25,u_031,20260825_u_031,prompt_submit,表格分析,v1,desktop
2026-08-25,u_031,20260825_u_031,generation_success,表格分析,v1,desktop
2026-08-25,u_031,20260825_u_031,result_adopt,表格分析,v1,desktop
2026-08-25,u_032,20260825_u_032,page_view,智能问答,v2,web
2026-08-25,u_033,20260825_u_033,page_view,智能问答,v2,web
2026-08-25,u_033,20260825_u_033,prompt_submit,智能问答,v2,web
2026-08-25,u_033,20260825_u_033,generation_success,智能问答,v2,web
2026-08-25,u_033,20260825_u_033,result_adopt,智能问答,v2,web
2026-08-25,u_035,20260825_u_035,page_view,文案生成,v1,web
2026-08-25,u_035,20260825_u_035,prompt_submit,文案生成,v1,web
2026-08-25,u_037,20260825_u_037,page_view,表格分析,v2,web
2026-08-25,u_037,20260825_u_037,prompt_submit,表格分析,v2,web
2026-08-25,u_037,20260825_u_037,generation_success,表格分析,v2,web
2026-08-25,u_038,20260825_u_038,page_view,智能问答,v1,web
2026-08-25,u_040,20260825_u_040,page_view,表格分析,v1,desktop
2026-08-25,u_040,20260825_u_040,prompt_submit,表格分析,v1,desktop
2026-08-25,u_040,20260825_u_040,generation_success,表格分析,v1,desktop
2026-08-25,u_041,20260825_u_041,page_view,文案生成,v2,web
2026-08-25,u_041,20260825_u_041,prompt_submit,文案生成,v2,web
2026-08-25,u_042,20260825_u_042,page_view,智能问答,v2,web
2026-08-25,u_043,20260825_u_043,page_view,表格分析,v1,desktop
2026-08-25,u_046,20260825_u_046,page_view,表格分析,v2,desktop
2026-08-25,u_046,20260825_u_046,prompt_submit,表格分析,v2,desktop
2026-08-25,u_046,20260825_u_046,generation_success,表格分析,v2,desktop
2026-08-25,u_046,20260825_u_046,feature_click,表格分析,v2,desktop
2026-08-25,u_048,20260825_u_048,page_view,文案生成,v1,desktop
2026-08-25,u_048,20260825_u_048,prompt_submit,文案生成,v1,desktop
2026-08-25,u_048,20260825_u_048,generation_success,文案生成,v1,desktop
2026-08-25,u_048,20260825_u_048,feature_click,文案生成,v1,desktop
2026-08-25,u_050,20260825_u_050,page_view,智能问答,v1,web
2026-08-25,u_050,20260825_u_050,prompt_submit,智能问答,v1,web
2026-08-25,u_050,20260825_u_050,generation_success,智能问答,v1,web
2026-08-25,u_052,20260825_u_052,page_view,表格分析,v1,web
2026-08-25,u_055,20260825_u_055,page_view,智能问答,v1,desktop
2026-08-25,u_056,20260825_u_056,page_view,表格分析,v1,desktop
2026-08-25,u_056,20260825_u_056,prompt_submit,表格分析,v1,desktop
2026-08-25,u_056,20260825_u_056,generation_success,表格分析,v1,desktop
2026-08-25,u_056,20260825_u_056,result_adopt,表格分析,v1,desktop
2026-08-25,u_056,20260825_u_056,feature_click,表格分析,v1,desktop
2026-08-25,u_057,20260825_u_057,page_view,文案生成,v2,desktop
2026-08-25,u_057,20260825_u_057,prompt_submit,文案生成,v2,desktop
2026-08-25,u_057,20260825_u_057,generation_success,文案生成,v2,desktop
2026-08-25,u_057,20260825_u_057,result_adopt,文案生成,v2,desktop
2026-08-25,u_057,20260825_u_057,feature_click,文案生成,v2,desktop
2026-08-25,u_058,20260825_u_058,page_view,智能问答,v2,desktop
2026-08-25,u_058,20260825_u_058,prompt_submit,智能问答,v2,desktop
2026-08-25,u_058,20260825_u_058,generation_success,智能问答,v2,desktop
2026-08-25,u_059,20260825_u_059,page_view,文案生成,v1,desktop
2026-08-25,u_059,20260825_u_059,prompt_submit,文案生成,v1,desktop
2026-08-25,u_065,20260825_u_065,page_view,文案生成,v2,web
2026-08-25,u_065,20260825_u_065,prompt_submit,文案生成,v2,web
2026-08-25,u_066,20260825_u_066,page_view,智能问答,v1,desktop
2026-08-25,u_067,20260825_u_067,page_view,文案生成,v1,desktop
2026-08-25,u_067,20260825_u_067,prompt_submit,文案生成,v1,desktop
2026-08-25,u_067,20260825_u_067,generation_success,文案生成,v1,desktop
2026-08-25,u_067,20260825_u_067,feature_click,文案生成,v1,desktop
2026-08-25,u_068,20260825_u_068,page_view,表格分析,v1,desktop
2026-08-25,u_069,20260825_u_069,page_view,文案生成,v2,web
2026-08-25,u_070,20260825_u_070,page_view,表格分析,v1,web
2026-08-25,u_070,20260825_u_070,prompt_submit,表格分析,v1,web
2026-08-25,u_070,20260825_u_070,generation_success,表格分析,v1,web
2026-08-25,u_070,20260825_u_070,feature_click,表格分析,v1,web
2026-08-25,u_071,20260825_u_071,page_view,文案生成,v2,web
2026-08-25,u_075,20260825_u_075,page_view,文案生成,v2,desktop
2026-08-25,u_075,20260825_u_075,prompt_submit,文案生成,v2,desktop
2026-08-25,u_075,20260825_u_075,generation_success,文案生成,v2,desktop
2026-08-25,u_076,20260825_u_076,page_view,文案生成,v1,web
2026-08-25,u_076,20260825_u_076,prompt_submit,文案生成,v1,web
2026-08-25,u_076,20260825_u_076,generation_success,文案生成,v1,web
2026-08-25,u_076,20260825_u_076,feature_click,文案生成,v1,web
2026-08-25,u_079,20260825_u_079,page_view,智能问答,v1,desktop
2026-08-25,u_079,20260825_u_079,prompt_submit,智能问答,v1,desktop
2026-08-25,u_079,20260825_u_079,generation_success,智能问答,v1,desktop
2026-08-25,u_079,20260825_u_079,feature_click,智能问答,v1,desktop
2026-08-25,u_080,20260825_u_080,page_view,表格分析,v1,web
2026-08-25,u_080,20260825_u_080,prompt_submit,表格分析,v1,web
2026-08-25,u_080,20260825_u_080,generation_success,表格分析,v1,web
2026-08-25,u_080,20260825_u_080,result_adopt,表格分析,v1,web
2026-08-25,u_082,20260825_u_082,page_view,文案生成,v2,desktop
2026-08-25,u_082,20260825_u_082,prompt_submit,文案生成,v2,desktop
2026-08-25,u_082,20260825_u_082,generation_success,文案生成,v2,desktop
2026-08-25,u_087,20260825_u_087,page_view,表格分析,v2,desktop
2026-08-25,u_087,20260825_u_087,prompt_submit,表格分析,v2,desktop
2026-08-25,u_087,20260825_u_087,generation_success,表格分析,v2,desktop
2026-08-25,u_088,20260825_u_088,page_view,文案生成,v2,desktop
2026-08-25,u_088,20260825_u_088,prompt_submit,文案生成,v2,desktop
2026-08-25,u_088,20260825_u_088,generation_success,文案生成,v2,desktop
2026-08-25,u_088,20260825_u_088,feature_click,文案生成,v2,desktop
2026-08-25,u_089,20260825_u_089,page_view,文案生成,v1,web
2026-08-25,u_090,20260825_u_090,page_view,智能问答,v2,desktop
2026-08-25,u_090,20260825_u_090,prompt_submit,智能问答,v2,desktop
2026-08-25,u_090,20260825_u_090,generation_success,智能问答,v2,desktop
2026-08-25,u_090,20260825_u_090,feature_click,智能问答,v2,desktop
2026-08-25,u_092,20260825_u_092,page_view,表格分析,v2,desktop
2026-08-25,u_093,20260825_u_093,page_view,智能问答,v2,desktop
2026-08-25,u_093,20260825_u_093,prompt_submit,智能问答,v2,desktop
2026-08-25,u_093,20260825_u_093,generation_success,智能问答,v2,desktop
2026-08-25,u_093,20260825_u_093,feature_click,智能问答,v2,desktop
2026-08-25,u_095,20260825_u_095,page_view,智能问答,v2,desktop
2026-08-25,u_095,20260825_u_095,prompt_submit,智能问答,v2,desktop
2026-08-25,u_095,20260825_u_095,generation_success,智能问答,v2,desktop
2026-08-25,u_095,20260825_u_095,result_adopt,智能问答,v2,desktop
2026-08-25,u_096,20260825_u_096,page_view,文案生成,v1,web
2026-08-25,u_098,20260825_u_098,page_view,文案生成,v1,web
2026-08-25,u_100,20260825_u_100,page_view,智能问答,v2,web
2026-08-25,u_100,20260825_u_100,prompt_submit,智能问答,v2,web
2026-08-25,u_100,20260825_u_100,generation_success,智能问答,v2,web
2026-08-25,u_100,20260825_u_100,result_adopt,智能问答,v2,web
2026-08-25,u_101,20260825_u_101,page_view,智能问答,v1,desktop
2026-08-25,u_101,20260825_u_101,prompt_submit,智能问答,v1,desktop
2026-08-25,u_101,20260825_u_101,generation_success,智能问答,v1,desktop
2026-08-25,u_101,20260825_u_101,feature_click,智能问答,v1,desktop
2026-08-25,u_102,20260825_u_102,page_view,文案生成,v1,web
2026-08-25,u_102,20260825_u_102,prompt_submit,文案生成,v1,web
2026-08-25,u_102,20260825_u_102,generation_success,文案生成,v1,web
2026-08-25,u_103,20260825_u_103,page_view,文案生成,v2,web
2026-08-25,u_103,20260825_u_103,prompt_submit,文案生成,v2,web
2026-08-25,u_103,20260825_u_103,generation_success,文案生成,v2,web
2026-08-25,u_103,20260825_u_103,result_adopt,文案生成,v2,web
2026-08-25,u_103,20260825_u_103,feature_click,文案生成,v2,web
2026-08-25,u_104,20260825_u_104,page_view,文案生成,v1,desktop
2026-08-25,u_104,20260825_u_104,prompt_submit,文案生成,v1,desktop
2026-08-25,u_104,20260825_u_104,generation_success,文案生成,v1,desktop
2026-08-25,u_104,20260825_u_104,result_adopt,文案生成,v1,desktop
2026-08-25,u_104,20260825_u_104,feature_click,文案生成,v1,desktop
2026-08-25,u_105,20260825_u_105,page_view,表格分析,v2,desktop
2026-08-25,u_106,20260825_u_106,page_view,文案生成,v1,desktop
2026-08-25,u_106,20260825_u_106,prompt_submit,文案生成,v1,desktop
2026-08-25,u_106,20260825_u_106,generation_success,文案生成,v1,desktop
2026-08-25,u_106,20260825_u_106,feature_click,文案生成,v1,desktop
2026-08-25,u_107,20260825_u_107,page_view,文案生成,v2,desktop
2026-08-25,u_107,20260825_u_107,prompt_submit,文案生成,v2,desktop
2026-08-25,u_110,20260825_u_110,page_view,文案生成,v2,web
2026-08-25,u_110,20260825_u_110,prompt_submit,文案生成,v2,web
2026-08-25,u_110,20260825_u_110,generation_success,文案生成,v2,web
2026-08-25,u_110,20260825_u_110,result_adopt,文案生成,v2,web
2026-08-25,u_112,20260825_u_112,page_view,表格分析,v1,desktop
2026-08-25,u_112,20260825_u_112,prompt_submit,表格分析,v1,desktop
2026-08-25,u_112,20260825_u_112,generation_success,表格分析,v1,desktop
2026-08-25,u_112,20260825_u_112,result_adopt,表格分析,v1,desktop
2026-08-25,u_112,20260825_u_112,feature_click,表格分析,v1,desktop
2026-08-25,u_115,20260825_u_115,page_view,智能问答,v2,web
2026-08-25,u_117,20260825_u_117,page_view,文案生成,v2,web
2026-08-25,u_117,20260825_u_117,prompt_submit,文案生成,v2,web
2026-08-25,u_117,20260825_u_117,generation_success,文案生成,v2,web
2026-08-25,u_117,20260825_u_117,feature_click,文案生成,v2,web
2026-08-25,u_118,20260825_u_118,page_view,表格分析,v1,web
2026-08-25,u_118,20260825_u_118,prompt_submit,表格分析,v1,web
2026-08-25,u_118,20260825_u_118,generation_success,表格分析,v1,web
2026-08-25,u_119,20260825_u_119,page_view,智能问答,v1,web
2026-08-25,u_120,20260825_u_120,page_view,文案生成,v1,desktop
2026-08-25,u_120,20260825_u_120,prompt_submit,文案生成,v1,desktop
2026-08-25,u_120,20260825_u_120,generation_success,文案生成,v1,desktop
2026-08-25,u_120,20260825_u_120,feature_click,文案生成,v1,desktop
2026-08-25,u_121,20260825_u_121,page_view,智能问答,v1,desktop
2026-08-25,u_121,20260825_u_121,prompt_submit,智能问答,v1,desktop
2026-08-25,u_121,20260825_u_121,generation_success,智能问答,v1,desktop
2026-08-25,u_121,20260825_u_121,result_adopt,智能问答,v1,desktop
2026-08-25,u_121,20260825_u_121,feature_click,智能问答,v1,desktop
2026-08-25,u_122,20260825_u_122,page_view,表格分析,v2,web
2026-08-25,u_122,20260825_u_122,prompt_submit,表格分析,v2,web
2026-08-25,u_122,20260825_u_122,generation_success,表格分析,v2,web
2026-08-25,u_122,20260825_u_122,result_adopt,表格分析,v2,web
2026-08-25,u_122,20260825_u_122,feature_click,表格分析,v2,web
2026-08-25,u_125,20260825_u_125,page_view,表格分析,v1,desktop
2026-08-25,u_125,20260825_u_125,prompt_submit,表格分析,v1,desktop
2026-08-25,u_125,20260825_u_125,generation_success,表格分析,v1,desktop
2026-08-25,u_125,20260825_u_125,result_adopt,表格分析,v1,desktop
2026-08-25,u_125,20260825_u_125,feature_click,表格分析,v1,desktop
2026-08-25,u_126,20260825_u_126,page_view,智能问答,v1,desktop
2026-08-25,u_130,20260825_u_130,page_view,文案生成,v2,desktop
2026-08-25,u_130,20260825_u_130,prompt_submit,文案生成,v2,desktop
2026-08-25,u_130,20260825_u_130,generation_success,文案生成,v2,desktop
2026-08-25,u_130,20260825_u_130,feature_click,文案生成,v2,desktop
2026-08-25,u_133,20260825_u_133,page_view,文案生成,v2,desktop
2026-08-25,u_135,20260825_u_135,page_view,表格分析,v1,desktop
2026-08-25,u_135,20260825_u_135,prompt_submit,表格分析,v1,desktop
2026-08-25,u_135,20260825_u_135,generation_success,表格分析,v1,desktop
2026-08-25,u_136,20260825_u_136,page_view,智能问答,v2,web
2026-08-25,u_136,20260825_u_136,prompt_submit,智能问答,v2,web
2026-08-25,u_136,20260825_u_136,generation_success,智能问答,v2,web
2026-08-25,u_136,20260825_u_136,feature_click,智能问答,v2,web
2026-08-25,u_139,20260825_u_139,page_view,表格分析,v2,web
2026-08-25,u_139,20260825_u_139,prompt_submit,表格分析,v2,web
2026-08-25,u_139,20260825_u_139,generation_success,表格分析,v2,web
2026-08-25,u_139,20260825_u_139,feature_click,表格分析,v2,web
2026-08-25,u_140,20260825_u_140,page_view,表格分析,v1,desktop
2026-08-25,u_140,20260825_u_140,prompt_submit,表格分析,v1,desktop
2026-08-25,u_142,20260825_u_142,page_view,文案生成,v2,desktop
2026-08-25,u_142,20260825_u_142,prompt_submit,文案生成,v2,desktop
2026-08-25,u_142,20260825_u_142,generation_success,文案生成,v2,desktop
2026-08-25,u_142,20260825_u_142,result_adopt,文案生成,v2,desktop
2026-08-25,u_142,20260825_u_142,feature_click,文案生成,v2,desktop
2026-08-25,u_145,20260825_u_145,page_view,文案生成,v2,desktop
2026-08-25,u_145,20260825_u_145,prompt_submit,文案生成,v2,desktop
2026-08-25,u_145,20260825_u_145,generation_success,文案生成,v2,desktop
2026-08-25,u_146,20260825_u_146,page_view,文案生成,v2,desktop
2026-08-25,u_146,20260825_u_146,prompt_submit,文案生成,v2,desktop
2026-08-25,u_146,20260825_u_146,generation_success,文案生成,v2,desktop
2026-08-25,u_146,20260825_u_146,result_adopt,文案生成,v2,desktop
2026-08-25,u_146,20260825_u_146,feature_click,文案生成,v2,desktop
2026-08-25,u_150,20260825_u_150,page_view,智能问答,v2,desktop
2026-08-25,u_150,20260825_u_150,prompt_submit,智能问答,v2,desktop
2026-08-25,u_150,20260825_u_150,generation_success,智能问答,v2,desktop
2026-08-25,u_151,20260825_u_151,page_view,文案生成,v1,web
2026-08-25,u_151,20260825_u_151,prompt_submit,文案生成,v1,web
2026-08-25,u_151,20260825_u_151,generation_success,文案生成,v1,web
2026-08-25,u_151,20260825_u_151,result_adopt,文案生成,v1,web
2026-08-25,u_151,20260825_u_151,feature_click,文案生成,v1,web
2026-08-25,u_153,20260825_u_153,page_view,表格分析,v1,desktop
2026-08-25,u_153,20260825_u_153,prompt_submit,表格分析,v1,desktop
2026-08-25,u_153,20260825_u_153,generation_success,表格分析,v1,desktop
2026-08-25,u_156,20260825_u_156,page_view,智能问答,v2,desktop
2026-08-25,u_158,20260825_u_158,page_view,文案生成,v1,desktop
2026-08-25,u_158,20260825_u_158,prompt_submit,文案生成,v1,desktop
2026-08-25,u_158,20260825_u_158,generation_success,文案生成,v1,desktop
2026-08-25,u_158,20260825_u_158,result_adopt,文案生成,v1,desktop
2026-08-25,u_159,20260825_u_159,page_view,智能问答,v2,web
2026-08-25,u_163,20260825_u_163,page_view,表格分析,v2,desktop
2026-08-25,u_163,20260825_u_163,prompt_submit,表格分析,v2,desktop
2026-08-25,u_163,20260825_u_163,generation_success,表格分析,v2,desktop
2026-08-25,u_163,20260825_u_163,result_adopt,表格分析,v2,desktop
2026-08-25,u_164,20260825_u_164,page_view,智能问答,v2,web
2026-08-25,u_164,20260825_u_164,prompt_submit,智能问答,v2,web
2026-08-25,u_164,20260825_u_164,generation_success,智能问答,v2,web
2026-08-25,u_164,20260825_u_164,result_adopt,智能问答,v2,web
2026-08-25,u_164,20260825_u_164,feature_click,智能问答,v2,web
2026-08-25,u_166,20260825_u_166,page_view,智能问答,v2,desktop
2026-08-25,u_167,20260825_u_167,page_view,智能问答,v1,web
2026-08-25,u_167,20260825_u_167,prompt_submit,智能问答,v1,web
2026-08-25,u_167,20260825_u_167,generation_success,智能问答,v1,web
2026-08-25,u_167,20260825_u_167,result_adopt,智能问答,v1,web
2026-08-25,u_167,20260825_u_167,feature_click,智能问答,v1,web
2026-08-25,u_168,20260825_u_168,page_view,文案生成,v2,web
2026-08-25,u_168,20260825_u_168,prompt_submit,文案生成,v2,web
2026-08-25,u_168,20260825_u_168,generation_success,文案生成,v2,web
2026-08-25,u_168,20260825_u_168,result_adopt,文案生成,v2,web
2026-08-25,u_169,20260825_u_169,page_view,文案生成,v1,desktop
2026-08-25,u_170,20260825_u_170,page_view,智能问答,v2,desktop
2026-08-25,u_172,20260825_u_172,page_view,表格分析,v1,desktop
2026-08-25,u_172,20260825_u_172,prompt_submit,表格分析,v1,desktop
2026-08-25,u_172,20260825_u_172,generation_success,表格分析,v1,desktop
2026-08-25,u_172,20260825_u_172,result_adopt,表格分析,v1,desktop
2026-08-25,u_173,20260825_u_173,page_view,文案生成,v2,desktop
2026-08-25,u_173,20260825_u_173,prompt_submit,文案生成,v2,desktop
2026-08-25,u_173,20260825_u_173,generation_success,文案生成,v2,desktop
2026-08-25,u_173,20260825_u_173,result_adopt,文案生成,v2,desktop
2026-08-25,u_174,20260825_u_174,page_view,文案生成,v2,desktop
2026-08-25,u_174,20260825_u_174,prompt_submit,文案生成,v2,desktop
2026-08-25,u_174,20260825_u_174,generation_success,文案生成,v2,desktop
2026-08-25,u_174,20260825_u_174,feature_click,文案生成,v2,desktop
2026-08-25,u_176,20260825_u_176,page_view,表格分析,v2,web
2026-08-25,u_176,20260825_u_176,prompt_submit,表格分析,v2,web
2026-08-25,u_176,20260825_u_176,generation_success,表格分析,v2,web
2026-08-25,u_177,20260825_u_177,page_view,表格分析,v1,desktop
2026-08-25,u_177,20260825_u_177,prompt_submit,表格分析,v1,desktop
2026-08-25,u_179,20260825_u_179,page_view,表格分析,v1,web
2026-08-25,u_179,20260825_u_179,prompt_submit,表格分析,v1,web
2026-08-25,u_180,20260825_u_180,page_view,文案生成,v1,web
2026-08-26,u_001,20260826_u_001,page_view,文案生成,v1,desktop
2026-08-26,u_001,20260826_u_001,prompt_submit,文案生成,v1,desktop
2026-08-26,u_003,20260826_u_003,page_view,表格分析,v1,web
2026-08-26,u_004,20260826_u_004,page_view,文案生成,v1,desktop
2026-08-26,u_004,20260826_u_004,prompt_submit,文案生成,v1,desktop
2026-08-26,u_004,20260826_u_004,generation_success,文案生成,v1,desktop
2026-08-26,u_004,20260826_u_004,result_adopt,文案生成,v1,desktop
2026-08-26,u_005,20260826_u_005,page_view,智能问答,v1,web
2026-08-26,u_005,20260826_u_005,prompt_submit,智能问答,v1,web
2026-08-26,u_005,20260826_u_005,generation_success,智能问答,v1,web
2026-08-26,u_007,20260826_u_007,page_view,表格分析,v1,web
2026-08-26,u_007,20260826_u_007,prompt_submit,表格分析,v1,web
2026-08-26,u_007,20260826_u_007,generation_success,表格分析,v1,web
2026-08-26,u_007,20260826_u_007,result_adopt,表格分析,v1,web
2026-08-26,u_009,20260826_u_009,page_view,文案生成,v2,desktop
2026-08-26,u_009,20260826_u_009,prompt_submit,文案生成,v2,desktop
2026-08-26,u_009,20260826_u_009,generation_success,文案生成,v2,desktop
2026-08-26,u_009,20260826_u_009,result_adopt,文案生成,v2,desktop
2026-08-26,u_010,20260826_u_010,page_view,智能问答,v2,web
2026-08-26,u_010,20260826_u_010,prompt_submit,智能问答,v2,web
2026-08-26,u_010,20260826_u_010,generation_success,智能问答,v2,web
2026-08-26,u_010,20260826_u_010,result_adopt,智能问答,v2,web
2026-08-26,u_010,20260826_u_010,feature_click,智能问答,v2,web
2026-08-26,u_011,20260826_u_011,page_view,智能问答,v2,web
2026-08-26,u_011,20260826_u_011,prompt_submit,智能问答,v2,web
2026-08-26,u_011,20260826_u_011,generation_success,智能问答,v2,web
2026-08-26,u_011,20260826_u_011,result_adopt,智能问答,v2,web
2026-08-26,u_011,20260826_u_011,feature_click,智能问答,v2,web
2026-08-26,u_019,20260826_u_019,page_view,文案生成,v2,web
2026-08-26,u_019,20260826_u_019,prompt_submit,文案生成,v2,web
2026-08-26,u_019,20260826_u_019,generation_success,文案生成,v2,web
2026-08-26,u_019,20260826_u_019,result_adopt,文案生成,v2,web
2026-08-26,u_020,20260826_u_020,page_view,文案生成,v2,web
2026-08-26,u_021,20260826_u_021,page_view,文案生成,v1,web
2026-08-26,u_021,20260826_u_021,prompt_submit,文案生成,v1,web
2026-08-26,u_021,20260826_u_021,generation_success,文案生成,v1,web
2026-08-26,u_021,20260826_u_021,result_adopt,文案生成,v1,web
2026-08-26,u_022,20260826_u_022,page_view,文案生成,v1,web
2026-08-26,u_022,20260826_u_022,prompt_submit,文案生成,v1,web
2026-08-26,u_022,20260826_u_022,generation_success,文案生成,v1,web
2026-08-26,u_022,20260826_u_022,feature_click,文案生成,v1,web
2026-08-26,u_023,20260826_u_023,page_view,表格分析,v2,web
2026-08-26,u_024,20260826_u_024,page_view,智能问答,v1,desktop
2026-08-26,u_026,20260826_u_026,page_view,文案生成,v1,desktop
2026-08-26,u_026,20260826_u_026,prompt_submit,文案生成,v1,desktop
2026-08-26,u_026,20260826_u_026,generation_success,文案生成,v1,desktop
2026-08-26,u_026,20260826_u_026,result_adopt,文案生成,v1,desktop
2026-08-26,u_027,20260826_u_027,page_view,智能问答,v1,desktop
2026-08-26,u_028,20260826_u_028,page_view,表格分析,v1,web
2026-08-26,u_028,20260826_u_028,prompt_submit,表格分析,v1,web
2026-08-26,u_028,20260826_u_028,generation_success,表格分析,v1,web
2026-08-26,u_028,20260826_u_028,result_adopt,表格分析,v1,web
2026-08-26,u_030,20260826_u_030,page_view,表格分析,v1,web
2026-08-26,u_030,20260826_u_030,prompt_submit,表格分析,v1,web
2026-08-26,u_032,20260826_u_032,page_view,表格分析,v1,web
2026-08-26,u_032,20260826_u_032,prompt_submit,表格分析,v1,web
2026-08-26,u_032,20260826_u_032,generation_success,表格分析,v1,web
2026-08-26,u_032,20260826_u_032,result_adopt,表格分析,v1,web
2026-08-26,u_032,20260826_u_032,feature_click,表格分析,v1,web
2026-08-26,u_035,20260826_u_035,page_view,智能问答,v2,web
2026-08-26,u_035,20260826_u_035,prompt_submit,智能问答,v2,web
2026-08-26,u_035,20260826_u_035,generation_success,智能问答,v2,web
2026-08-26,u_035,20260826_u_035,feature_click,智能问答,v2,web
2026-08-26,u_037,20260826_u_037,page_view,文案生成,v1,web
2026-08-26,u_037,20260826_u_037,prompt_submit,文案生成,v1,web
2026-08-26,u_037,20260826_u_037,generation_success,文案生成,v1,web
2026-08-26,u_037,20260826_u_037,feature_click,文案生成,v1,web
2026-08-26,u_038,20260826_u_038,page_view,智能问答,v2,desktop
2026-08-26,u_038,20260826_u_038,prompt_submit,智能问答,v2,desktop
2026-08-26,u_038,20260826_u_038,generation_success,智能问答,v2,desktop
2026-08-26,u_039,20260826_u_039,page_view,智能问答,v1,desktop
2026-08-26,u_039,20260826_u_039,prompt_submit,智能问答,v1,desktop
2026-08-26,u_039,20260826_u_039,generation_success,智能问答,v1,desktop
2026-08-26,u_040,20260826_u_040,page_view,表格分析,v2,web
2026-08-26,u_040,20260826_u_040,prompt_submit,表格分析,v2,web
2026-08-26,u_040,20260826_u_040,generation_success,表格分析,v2,web
2026-08-26,u_040,20260826_u_040,feature_click,表格分析,v2,web
2026-08-26,u_041,20260826_u_041,page_view,文案生成,v2,desktop
2026-08-26,u_042,20260826_u_042,page_view,表格分析,v1,desktop
2026-08-26,u_044,20260826_u_044,page_view,文案生成,v2,web
2026-08-26,u_044,20260826_u_044,prompt_submit,文案生成,v2,web
2026-08-26,u_044,20260826_u_044,generation_success,文案生成,v2,web
2026-08-26,u_044,20260826_u_044,feature_click,文案生成,v2,web
2026-08-26,u_045,20260826_u_045,page_view,文案生成,v1,desktop
2026-08-26,u_045,20260826_u_045,prompt_submit,文案生成,v1,desktop
2026-08-26,u_045,20260826_u_045,generation_success,文案生成,v1,desktop
2026-08-26,u_045,20260826_u_045,result_adopt,文案生成,v1,desktop
2026-08-26,u_045,20260826_u_045,feature_click,文案生成,v1,desktop
2026-08-26,u_046,20260826_u_046,page_view,智能问答,v1,web
2026-08-26,u_049,20260826_u_049,page_view,文案生成,v1,web
2026-08-26,u_049,20260826_u_049,prompt_submit,文案生成,v1,web
2026-08-26,u_049,20260826_u_049,generation_success,文案生成,v1,web
2026-08-26,u_049,20260826_u_049,result_adopt,文案生成,v1,web
2026-08-26,u_049,20260826_u_049,feature_click,文案生成,v1,web
2026-08-26,u_050,20260826_u_050,page_view,文案生成,v2,web
2026-08-26,u_050,20260826_u_050,prompt_submit,文案生成,v2,web
2026-08-26,u_051,20260826_u_051,page_view,文案生成,v1,web
2026-08-26,u_051,20260826_u_051,prompt_submit,文案生成,v1,web
2026-08-26,u_051,20260826_u_051,generation_success,文案生成,v1,web
2026-08-26,u_051,20260826_u_051,result_adopt,文案生成,v1,web
2026-08-26,u_051,20260826_u_051,feature_click,文案生成,v1,web
2026-08-26,u_056,20260826_u_056,page_view,表格分析,v2,desktop
2026-08-26,u_056,20260826_u_056,prompt_submit,表格分析,v2,desktop
2026-08-26,u_056,20260826_u_056,generation_success,表格分析,v2,desktop
2026-08-26,u_056,20260826_u_056,result_adopt,表格分析,v2,desktop
2026-08-26,u_057,20260826_u_057,page_view,文案生成,v2,web
2026-08-26,u_057,20260826_u_057,prompt_submit,文案生成,v2,web
2026-08-26,u_057,20260826_u_057,generation_success,文案生成,v2,web
2026-08-26,u_057,20260826_u_057,feature_click,文案生成,v2,web
2026-08-26,u_060,20260826_u_060,page_view,文案生成,v2,desktop
2026-08-26,u_060,20260826_u_060,prompt_submit,文案生成,v2,desktop
2026-08-26,u_060,20260826_u_060,generation_success,文案生成,v2,desktop
2026-08-26,u_060,20260826_u_060,result_adopt,文案生成,v2,desktop
2026-08-26,u_060,20260826_u_060,feature_click,文案生成,v2,desktop
2026-08-26,u_062,20260826_u_062,page_view,表格分析,v1,desktop
2026-08-26,u_062,20260826_u_062,prompt_submit,表格分析,v1,desktop
2026-08-26,u_062,20260826_u_062,generation_success,表格分析,v1,desktop
2026-08-26,u_062,20260826_u_062,result_adopt,表格分析,v1,desktop
2026-08-26,u_062,20260826_u_062,feature_click,表格分析,v1,desktop
2026-08-26,u_064,20260826_u_064,page_view,表格分析,v2,desktop
2026-08-26,u_064,20260826_u_064,prompt_submit,表格分析,v2,desktop
2026-08-26,u_064,20260826_u_064,generation_success,表格分析,v2,desktop
2026-08-26,u_064,20260826_u_064,result_adopt,表格分析,v2,desktop
2026-08-26,u_064,20260826_u_064,feature_click,表格分析,v2,desktop
2026-08-26,u_068,20260826_u_068,page_view,表格分析,v1,desktop
2026-08-26,u_068,20260826_u_068,prompt_submit,表格分析,v1,desktop
2026-08-26,u_068,20260826_u_068,generation_success,表格分析,v1,desktop
2026-08-26,u_068,20260826_u_068,feature_click,表格分析,v1,desktop
2026-08-26,u_069,20260826_u_069,page_view,表格分析,v1,web
2026-08-26,u_069,20260826_u_069,prompt_submit,表格分析,v1,web
2026-08-26,u_069,20260826_u_069,generation_success,表格分析,v1,web
2026-08-26,u_069,20260826_u_069,feature_click,表格分析,v1,web
2026-08-26,u_071,20260826_u_071,page_view,文案生成,v2,desktop
2026-08-26,u_071,20260826_u_071,prompt_submit,文案生成,v2,desktop
2026-08-26,u_071,20260826_u_071,generation_success,文案生成,v2,desktop
2026-08-26,u_073,20260826_u_073,page_view,智能问答,v1,web
2026-08-26,u_073,20260826_u_073,prompt_submit,智能问答,v1,web
2026-08-26,u_073,20260826_u_073,generation_success,智能问答,v1,web
2026-08-26,u_073,20260826_u_073,result_adopt,智能问答,v1,web
2026-08-26,u_075,20260826_u_075,page_view,智能问答,v1,desktop
2026-08-26,u_075,20260826_u_075,prompt_submit,智能问答,v1,desktop
2026-08-26,u_075,20260826_u_075,generation_success,智能问答,v1,desktop
2026-08-26,u_075,20260826_u_075,result_adopt,智能问答,v1,desktop
2026-08-26,u_076,20260826_u_076,page_view,智能问答,v1,web
2026-08-26,u_076,20260826_u_076,prompt_submit,智能问答,v1,web
2026-08-26,u_076,20260826_u_076,generation_success,智能问答,v1,web
2026-08-26,u_076,20260826_u_076,result_adopt,智能问答,v1,web
2026-08-26,u_076,20260826_u_076,feature_click,智能问答,v1,web
2026-08-26,u_077,20260826_u_077,page_view,文案生成,v1,desktop
2026-08-26,u_078,20260826_u_078,page_view,文案生成,v2,web
2026-08-26,u_079,20260826_u_079,page_view,表格分析,v2,desktop
2026-08-26,u_079,20260826_u_079,prompt_submit,表格分析,v2,desktop
2026-08-26,u_079,20260826_u_079,generation_success,表格分析,v2,desktop
2026-08-26,u_079,20260826_u_079,result_adopt,表格分析,v2,desktop
2026-08-26,u_082,20260826_u_082,page_view,智能问答,v1,desktop
2026-08-26,u_082,20260826_u_082,prompt_submit,智能问答,v1,desktop
2026-08-26,u_082,20260826_u_082,generation_success,智能问答,v1,desktop
2026-08-26,u_082,20260826_u_082,result_adopt,智能问答,v1,desktop
2026-08-26,u_082,20260826_u_082,feature_click,智能问答,v1,desktop
2026-08-26,u_083,20260826_u_083,page_view,文案生成,v1,web
2026-08-26,u_083,20260826_u_083,prompt_submit,文案生成,v1,web
2026-08-26,u_083,20260826_u_083,generation_success,文案生成,v1,web
2026-08-26,u_083,20260826_u_083,feature_click,文案生成,v1,web
2026-08-26,u_084,20260826_u_084,page_view,文案生成,v1,web
2026-08-26,u_084,20260826_u_084,prompt_submit,文案生成,v1,web
2026-08-26,u_084,20260826_u_084,generation_success,文案生成,v1,web
2026-08-26,u_084,20260826_u_084,result_adopt,文案生成,v1,web
2026-08-26,u_087,20260826_u_087,page_view,文案生成,v2,desktop
2026-08-26,u_087,20260826_u_087,prompt_submit,文案生成,v2,desktop
2026-08-26,u_087,20260826_u_087,generation_success,文案生成,v2,desktop
2026-08-26,u_087,20260826_u_087,result_adopt,文案生成,v2,desktop
2026-08-26,u_088,20260826_u_088,page_view,智能问答,v1,web
2026-08-26,u_090,20260826_u_090,page_view,表格分析,v2,web
2026-08-26,u_090,20260826_u_090,prompt_submit,表格分析,v2,web
2026-08-26,u_090,20260826_u_090,generation_success,表格分析,v2,web
2026-08-26,u_090,20260826_u_090,result_adopt,表格分析,v2,web
2026-08-26,u_091,20260826_u_091,page_view,表格分析,v2,desktop
2026-08-26,u_092,20260826_u_092,page_view,表格分析,v1,desktop
2026-08-26,u_092,20260826_u_092,prompt_submit,表格分析,v1,desktop
2026-08-26,u_092,20260826_u_092,generation_success,表格分析,v1,desktop
2026-08-26,u_092,20260826_u_092,feature_click,表格分析,v1,desktop
2026-08-26,u_094,20260826_u_094,page_view,智能问答,v1,web
2026-08-26,u_094,20260826_u_094,prompt_submit,智能问答,v1,web
2026-08-26,u_098,20260826_u_098,page_view,文案生成,v2,web
2026-08-26,u_098,20260826_u_098,prompt_submit,文案生成,v2,web
2026-08-26,u_098,20260826_u_098,generation_success,文案生成,v2,web
2026-08-26,u_099,20260826_u_099,page_view,文案生成,v1,web
2026-08-26,u_099,20260826_u_099,prompt_submit,文案生成,v1,web
2026-08-26,u_101,20260826_u_101,page_view,文案生成,v2,desktop
2026-08-26,u_101,20260826_u_101,prompt_submit,文案生成,v2,desktop
2026-08-26,u_101,20260826_u_101,generation_success,文案生成,v2,desktop
2026-08-26,u_101,20260826_u_101,result_adopt,文案生成,v2,desktop
2026-08-26,u_102,20260826_u_102,page_view,文案生成,v2,desktop
2026-08-26,u_102,20260826_u_102,prompt_submit,文案生成,v2,desktop
2026-08-26,u_102,20260826_u_102,generation_success,文案生成,v2,desktop
2026-08-26,u_102,20260826_u_102,feature_click,文案生成,v2,desktop
2026-08-26,u_103,20260826_u_103,page_view,表格分析,v2,desktop
2026-08-26,u_103,20260826_u_103,prompt_submit,表格分析,v2,desktop
2026-08-26,u_103,20260826_u_103,generation_success,表格分析,v2,desktop
2026-08-26,u_104,20260826_u_104,page_view,智能问答,v2,desktop
2026-08-26,u_104,20260826_u_104,prompt_submit,智能问答,v2,desktop
2026-08-26,u_104,20260826_u_104,generation_success,智能问答,v2,desktop
2026-08-26,u_104,20260826_u_104,result_adopt,智能问答,v2,desktop
2026-08-26,u_105,20260826_u_105,page_view,文案生成,v1,desktop
2026-08-26,u_106,20260826_u_106,page_view,智能问答,v1,desktop
2026-08-26,u_106,20260826_u_106,prompt_submit,智能问答,v1,desktop
2026-08-26,u_106,20260826_u_106,generation_success,智能问答,v1,desktop
2026-08-26,u_106,20260826_u_106,feature_click,智能问答,v1,desktop
2026-08-26,u_107,20260826_u_107,page_view,表格分析,v2,desktop
2026-08-26,u_108,20260826_u_108,page_view,文案生成,v1,web
2026-08-26,u_108,20260826_u_108,prompt_submit,文案生成,v1,web
2026-08-26,u_108,20260826_u_108,generation_success,文案生成,v1,web
2026-08-26,u_108,20260826_u_108,feature_click,文案生成,v1,web
2026-08-26,u_113,20260826_u_113,page_view,智能问答,v2,web
2026-08-26,u_113,20260826_u_113,prompt_submit,智能问答,v2,web
2026-08-26,u_113,20260826_u_113,generation_success,智能问答,v2,web
2026-08-26,u_113,20260826_u_113,result_adopt,智能问答,v2,web
2026-08-26,u_114,20260826_u_114,page_view,表格分析,v2,web
2026-08-26,u_114,20260826_u_114,prompt_submit,表格分析,v2,web
2026-08-26,u_114,20260826_u_114,generation_success,表格分析,v2,web
2026-08-26,u_114,20260826_u_114,feature_click,表格分析,v2,web
2026-08-26,u_116,20260826_u_116,page_view,文案生成,v1,desktop
2026-08-26,u_116,20260826_u_116,prompt_submit,文案生成,v1,desktop
2026-08-26,u_116,20260826_u_116,generation_success,文案生成,v1,desktop
2026-08-26,u_117,20260826_u_117,page_view,智能问答,v2,web
2026-08-26,u_117,20260826_u_117,prompt_submit,智能问答,v2,web
2026-08-26,u_117,20260826_u_117,generation_success,智能问答,v2,web
2026-08-26,u_120,20260826_u_120,page_view,表格分析,v1,desktop
2026-08-26,u_123,20260826_u_123,page_view,智能问答,v2,desktop
2026-08-26,u_123,20260826_u_123,prompt_submit,智能问答,v2,desktop
2026-08-26,u_123,20260826_u_123,generation_success,智能问答,v2,desktop
2026-08-26,u_123,20260826_u_123,result_adopt,智能问答,v2,desktop
2026-08-26,u_123,20260826_u_123,feature_click,智能问答,v2,desktop
2026-08-26,u_125,20260826_u_125,page_view,智能问答,v1,desktop
2026-08-26,u_125,20260826_u_125,prompt_submit,智能问答,v1,desktop
2026-08-26,u_125,20260826_u_125,generation_success,智能问答,v1,desktop
2026-08-26,u_127,20260826_u_127,page_view,文案生成,v2,web
2026-08-26,u_127,20260826_u_127,prompt_submit,文案生成,v2,web
2026-08-26,u_127,20260826_u_127,generation_success,文案生成,v2,web
2026-08-26,u_127,20260826_u_127,result_adopt,文案生成,v2,web
2026-08-26,u_128,20260826_u_128,page_view,智能问答,v1,desktop
2026-08-26,u_128,20260826_u_128,prompt_submit,智能问答,v1,desktop
2026-08-26,u_128,20260826_u_128,generation_success,智能问答,v1,desktop
2026-08-26,u_128,20260826_u_128,result_adopt,智能问答,v1,desktop
2026-08-26,u_129,20260826_u_129,page_view,智能问答,v2,desktop
2026-08-26,u_129,20260826_u_129,prompt_submit,智能问答,v2,desktop
2026-08-26,u_129,20260826_u_129,generation_success,智能问答,v2,desktop
2026-08-26,u_129,20260826_u_129,result_adopt,智能问答,v2,desktop
2026-08-26,u_129,20260826_u_129,feature_click,智能问答,v2,desktop
2026-08-26,u_131,20260826_u_131,page_view,表格分析,v1,desktop
2026-08-26,u_135,20260826_u_135,page_view,文案生成,v2,desktop
2026-08-26,u_135,20260826_u_135,prompt_submit,文案生成,v2,desktop
2026-08-26,u_135,20260826_u_135,generation_success,文案生成,v2,desktop
2026-08-26,u_135,20260826_u_135,feature_click,文案生成,v2,desktop
2026-08-26,u_136,20260826_u_136,page_view,智能问答,v2,web
2026-08-26,u_137,20260826_u_137,page_view,智能问答,v2,web
2026-08-26,u_137,20260826_u_137,prompt_submit,智能问答,v2,web
2026-08-26,u_137,20260826_u_137,generation_success,智能问答,v2,web
2026-08-26,u_137,20260826_u_137,feature_click,智能问答,v2,web
2026-08-26,u_138,20260826_u_138,page_view,智能问答,v2,web
2026-08-26,u_138,20260826_u_138,prompt_submit,智能问答,v2,web
2026-08-26,u_138,20260826_u_138,generation_success,智能问答,v2,web
2026-08-26,u_139,20260826_u_139,page_view,表格分析,v2,desktop
2026-08-26,u_140,20260826_u_140,page_view,文案生成,v1,web
2026-08-26,u_140,20260826_u_140,prompt_submit,文案生成,v1,web
2026-08-26,u_142,20260826_u_142,page_view,文案生成,v2,desktop
2026-08-26,u_143,20260826_u_143,page_view,智能问答,v1,web
2026-08-26,u_146,20260826_u_146,page_view,智能问答,v2,desktop
2026-08-26,u_146,20260826_u_146,prompt_submit,智能问答,v2,desktop
2026-08-26,u_146,20260826_u_146,generation_success,智能问答,v2,desktop
2026-08-26,u_146,20260826_u_146,result_adopt,智能问答,v2,desktop
2026-08-26,u_146,20260826_u_146,feature_click,智能问答,v2,desktop
2026-08-26,u_147,20260826_u_147,page_view,智能问答,v2,desktop
2026-08-26,u_147,20260826_u_147,prompt_submit,智能问答,v2,desktop
2026-08-26,u_147,20260826_u_147,generation_success,智能问答,v2,desktop
2026-08-26,u_147,20260826_u_147,result_adopt,智能问答,v2,desktop
2026-08-26,u_147,20260826_u_147,feature_click,智能问答,v2,desktop
2026-08-26,u_148,20260826_u_148,page_view,文案生成,v1,desktop
2026-08-26,u_148,20260826_u_148,prompt_submit,文案生成,v1,desktop
2026-08-26,u_148,20260826_u_148,generation_success,文案生成,v1,desktop
2026-08-26,u_148,20260826_u_148,result_adopt,文案生成,v1,desktop
2026-08-26,u_148,20260826_u_148,feature_click,文案生成,v1,desktop
2026-08-26,u_149,20260826_u_149,page_view,智能问答,v2,web
2026-08-26,u_149,20260826_u_149,prompt_submit,智能问答,v2,web
2026-08-26,u_149,20260826_u_149,generation_success,智能问答,v2,web
2026-08-26,u_149,20260826_u_149,result_adopt,智能问答,v2,web
2026-08-26,u_150,20260826_u_150,page_view,文案生成,v2,web
2026-08-26,u_150,20260826_u_150,prompt_submit,文案生成,v2,web
2026-08-26,u_150,20260826_u_150,generation_success,文案生成,v2,web
2026-08-26,u_150,20260826_u_150,result_adopt,文案生成,v2,web
2026-08-26,u_150,20260826_u_150,feature_click,文案生成,v2,web
2026-08-26,u_151,20260826_u_151,page_view,文案生成,v2,desktop
2026-08-26,u_151,20260826_u_151,prompt_submit,文案生成,v2,desktop
2026-08-26,u_151,20260826_u_151,generation_success,文案生成,v2,desktop
2026-08-26,u_154,20260826_u_154,page_view,文案生成,v2,desktop
2026-08-26,u_155,20260826_u_155,page_view,文案生成,v1,web
2026-08-26,u_155,20260826_u_155,prompt_submit,文案生成,v1,web
2026-08-26,u_155,20260826_u_155,generation_success,文案生成,v1,web
2026-08-26,u_155,20260826_u_155,feature_click,文案生成,v1,web
2026-08-26,u_158,20260826_u_158,page_view,智能问答,v2,desktop
2026-08-26,u_158,20260826_u_158,prompt_submit,智能问答,v2,desktop
2026-08-26,u_158,20260826_u_158,generation_success,智能问答,v2,desktop
2026-08-26,u_159,20260826_u_159,page_view,智能问答,v1,web
2026-08-26,u_159,20260826_u_159,prompt_submit,智能问答,v1,web
2026-08-26,u_159,20260826_u_159,generation_success,智能问答,v1,web
2026-08-26,u_163,20260826_u_163,page_view,智能问答,v1,web
2026-08-26,u_163,20260826_u_163,prompt_submit,智能问答,v1,web
2026-08-26,u_163,20260826_u_163,generation_success,智能问答,v1,web
2026-08-26,u_163,20260826_u_163,feature_click,智能问答,v1,web
2026-08-26,u_164,20260826_u_164,page_view,文案生成,v2,web
2026-08-26,u_165,20260826_u_165,page_view,智能问答,v1,desktop
2026-08-26,u_165,20260826_u_165,prompt_submit,智能问答,v1,desktop
2026-08-26,u_165,20260826_u_165,generation_success,智能问答,v1,desktop
2026-08-26,u_165,20260826_u_165,result_adopt,智能问答,v1,desktop
2026-08-26,u_166,20260826_u_166,page_view,文案生成,v2,desktop
2026-08-26,u_166,20260826_u_166,prompt_submit,文案生成,v2,desktop
2026-08-26,u_166,20260826_u_166,generation_success,文案生成,v2,desktop
2026-08-26,u_167,20260826_u_167,page_view,表格分析,v2,desktop
2026-08-26,u_167,20260826_u_167,prompt_submit,表格分析,v2,desktop
2026-08-26,u_167,20260826_u_167,generation_success,表格分析,v2,desktop
2026-08-26,u_167,20260826_u_167,result_adopt,表格分析,v2,desktop
2026-08-26,u_168,20260826_u_168,page_view,文案生成,v1,desktop
2026-08-26,u_168,20260826_u_168,prompt_submit,文案生成,v1,desktop
2026-08-26,u_168,20260826_u_168,generation_success,文案生成,v1,desktop
2026-08-26,u_168,20260826_u_168,feature_click,文案生成,v1,desktop
2026-08-26,u_169,20260826_u_169,page_view,表格分析,v1,desktop
2026-08-26,u_169,20260826_u_169,prompt_submit,表格分析,v1,desktop
2026-08-26,u_169,20260826_u_169,generation_success,表格分析,v1,desktop
2026-08-26,u_169,20260826_u_169,result_adopt,表格分析,v1,desktop
2026-08-26,u_169,20260826_u_169,feature_click,表格分析,v1,desktop
2026-08-26,u_171,20260826_u_171,page_view,文案生成,v1,desktop
2026-08-26,u_171,20260826_u_171,prompt_submit,文案生成,v1,desktop
2026-08-26,u_171,20260826_u_171,generation_success,文案生成,v1,desktop
2026-08-26,u_172,20260826_u_172,page_view,智能问答,v2,desktop
2026-08-26,u_172,20260826_u_172,prompt_submit,智能问答,v2,desktop
2026-08-26,u_172,20260826_u_172,generation_success,智能问答,v2,desktop
2026-08-26,u_172,20260826_u_172,result_adopt,智能问答,v2,desktop
2026-08-26,u_173,20260826_u_173,page_view,智能问答,v2,web
2026-08-26,u_173,20260826_u_173,prompt_submit,智能问答,v2,web
2026-08-26,u_173,20260826_u_173,generation_success,智能问答,v2,web
2026-08-26,u_173,20260826_u_173,feature_click,智能问答,v2,web
2026-08-26,u_175,20260826_u_175,page_view,智能问答,v2,web
2026-08-26,u_176,20260826_u_176,page_view,文案生成,v2,desktop
2026-08-26,u_176,20260826_u_176,prompt_submit,文案生成,v2,desktop
2026-08-26,u_176,20260826_u_176,generation_success,文案生成,v2,desktop
2026-08-26,u_176,20260826_u_176,result_adopt,文案生成,v2,desktop
2026-08-26,u_176,20260826_u_176,feature_click,文案生成,v2,desktop
2026-08-26,u_177,20260826_u_177,page_view,表格分析,v2,desktop
2026-08-26,u_178,20260826_u_178,page_view,表格分析,v2,desktop
2026-08-26,u_178,20260826_u_178,prompt_submit,表格分析,v2,desktop
2026-08-26,u_178,20260826_u_178,generation_success,表格分析,v2,desktop
2026-08-26,u_178,20260826_u_178,feature_click,表格分析,v2,desktop
2026-08-27,u_002,20260827_u_002,page_view,文案生成,v1,desktop
2026-08-27,u_002,20260827_u_002,prompt_submit,文案生成,v1,desktop
2026-08-27,u_002,20260827_u_002,generation_success,文案生成,v1,desktop
2026-08-27,u_002,20260827_u_002,result_adopt,文案生成,v1,desktop
2026-08-27,u_004,20260827_u_004,page_view,表格分析,v1,web
2026-08-27,u_006,20260827_u_006,page_view,智能问答,v1,web
2026-08-27,u_006,20260827_u_006,prompt_submit,智能问答,v1,web
2026-08-27,u_006,20260827_u_006,generation_success,智能问答,v1,web
2026-08-27,u_006,20260827_u_006,result_adopt,智能问答,v1,web
2026-08-27,u_006,20260827_u_006,feature_click,智能问答,v1,web
2026-08-27,u_008,20260827_u_008,page_view,文案生成,v2,web
2026-08-27,u_008,20260827_u_008,prompt_submit,文案生成,v2,web
2026-08-27,u_008,20260827_u_008,generation_success,文案生成,v2,web
2026-08-27,u_008,20260827_u_008,result_adopt,文案生成,v2,web
2026-08-27,u_009,20260827_u_009,page_view,表格分析,v2,desktop
2026-08-27,u_009,20260827_u_009,prompt_submit,表格分析,v2,desktop
2026-08-27,u_009,20260827_u_009,generation_success,表格分析,v2,desktop
2026-08-27,u_010,20260827_u_010,page_view,文案生成,v1,desktop
2026-08-27,u_011,20260827_u_011,page_view,表格分析,v2,desktop
2026-08-27,u_014,20260827_u_014,page_view,表格分析,v2,web
2026-08-27,u_014,20260827_u_014,prompt_submit,表格分析,v2,web
2026-08-27,u_014,20260827_u_014,generation_success,表格分析,v2,web
2026-08-27,u_015,20260827_u_015,page_view,表格分析,v2,desktop
2026-08-27,u_015,20260827_u_015,prompt_submit,表格分析,v2,desktop
2026-08-27,u_015,20260827_u_015,generation_success,表格分析,v2,desktop
2026-08-27,u_017,20260827_u_017,page_view,智能问答,v2,desktop
2026-08-27,u_017,20260827_u_017,prompt_submit,智能问答,v2,desktop
2026-08-27,u_017,20260827_u_017,generation_success,智能问答,v2,desktop
2026-08-27,u_020,20260827_u_020,page_view,文案生成,v1,desktop
2026-08-27,u_020,20260827_u_020,prompt_submit,文案生成,v1,desktop
2026-08-27,u_020,20260827_u_020,generation_success,文案生成,v1,desktop
2026-08-27,u_020,20260827_u_020,result_adopt,文案生成,v1,desktop
2026-08-27,u_020,20260827_u_020,feature_click,文案生成,v1,desktop
2026-08-27,u_021,20260827_u_021,page_view,文案生成,v2,desktop
2026-08-27,u_021,20260827_u_021,prompt_submit,文案生成,v2,desktop
2026-08-27,u_021,20260827_u_021,generation_success,文案生成,v2,desktop
2026-08-27,u_022,20260827_u_022,page_view,文案生成,v1,web
2026-08-27,u_022,20260827_u_022,prompt_submit,文案生成,v1,web
2026-08-27,u_022,20260827_u_022,generation_success,文案生成,v1,web
2026-08-27,u_024,20260827_u_024,page_view,智能问答,v1,desktop
2026-08-27,u_024,20260827_u_024,prompt_submit,智能问答,v1,desktop
2026-08-27,u_024,20260827_u_024,generation_success,智能问答,v1,desktop
2026-08-27,u_024,20260827_u_024,feature_click,智能问答,v1,desktop
2026-08-27,u_025,20260827_u_025,page_view,文案生成,v2,web
2026-08-27,u_025,20260827_u_025,prompt_submit,文案生成,v2,web
2026-08-27,u_025,20260827_u_025,generation_success,文案生成,v2,web
2026-08-27,u_025,20260827_u_025,feature_click,文案生成,v2,web
2026-08-27,u_026,20260827_u_026,page_view,表格分析,v1,desktop
2026-08-27,u_028,20260827_u_028,page_view,表格分析,v1,web
2026-08-27,u_028,20260827_u_028,prompt_submit,表格分析,v1,web
2026-08-27,u_028,20260827_u_028,generation_success,表格分析,v1,web
2026-08-27,u_029,20260827_u_029,page_view,表格分析,v2,desktop
2026-08-27,u_029,20260827_u_029,prompt_submit,表格分析,v2,desktop
2026-08-27,u_030,20260827_u_030,page_view,智能问答,v2,desktop
2026-08-27,u_030,20260827_u_030,prompt_submit,智能问答,v2,desktop
2026-08-27,u_030,20260827_u_030,generation_success,智能问答,v2,desktop
2026-08-27,u_030,20260827_u_030,result_adopt,智能问答,v2,desktop
2026-08-27,u_034,20260827_u_034,page_view,文案生成,v1,web
2026-08-27,u_034,20260827_u_034,prompt_submit,文案生成,v1,web
2026-08-27,u_034,20260827_u_034,generation_success,文案生成,v1,web
2026-08-27,u_034,20260827_u_034,result_adopt,文案生成,v1,web
2026-08-27,u_034,20260827_u_034,feature_click,文案生成,v1,web
2026-08-27,u_035,20260827_u_035,page_view,文案生成,v2,desktop
2026-08-27,u_035,20260827_u_035,prompt_submit,文案生成,v2,desktop
2026-08-27,u_035,20260827_u_035,generation_success,文案生成,v2,desktop
2026-08-27,u_035,20260827_u_035,feature_click,文案生成,v2,desktop
2026-08-27,u_037,20260827_u_037,page_view,表格分析,v1,web
2026-08-27,u_037,20260827_u_037,prompt_submit,表格分析,v1,web
2026-08-27,u_037,20260827_u_037,generation_success,表格分析,v1,web
2026-08-27,u_038,20260827_u_038,page_view,智能问答,v2,web
2026-08-27,u_038,20260827_u_038,prompt_submit,智能问答,v2,web
2026-08-27,u_038,20260827_u_038,generation_success,智能问答,v2,web
2026-08-27,u_038,20260827_u_038,result_adopt,智能问答,v2,web
2026-08-27,u_041,20260827_u_041,page_view,文案生成,v2,web
2026-08-27,u_041,20260827_u_041,prompt_submit,文案生成,v2,web
2026-08-27,u_044,20260827_u_044,page_view,表格分析,v1,desktop
2026-08-27,u_044,20260827_u_044,prompt_submit,表格分析,v1,desktop
2026-08-27,u_046,20260827_u_046,page_view,文案生成,v1,web
2026-08-27,u_046,20260827_u_046,prompt_submit,文案生成,v1,web
2026-08-27,u_046,20260827_u_046,generation_success,文案生成,v1,web
2026-08-27,u_046,20260827_u_046,result_adopt,文案生成,v1,web
2026-08-27,u_046,20260827_u_046,feature_click,文案生成,v1,web
2026-08-27,u_047,20260827_u_047,page_view,智能问答,v1,web
2026-08-27,u_047,20260827_u_047,prompt_submit,智能问答,v1,web
2026-08-27,u_047,20260827_u_047,generation_success,智能问答,v1,web
2026-08-27,u_047,20260827_u_047,result_adopt,智能问答,v1,web
2026-08-27,u_047,20260827_u_047,feature_click,智能问答,v1,web
2026-08-27,u_048,20260827_u_048,page_view,智能问答,v1,web
2026-08-27,u_048,20260827_u_048,prompt_submit,智能问答,v1,web
2026-08-27,u_048,20260827_u_048,generation_success,智能问答,v1,web
2026-08-27,u_048,20260827_u_048,result_adopt,智能问答,v1,web
2026-08-27,u_048,20260827_u_048,feature_click,智能问答,v1,web
2026-08-27,u_050,20260827_u_050,page_view,表格分析,v1,web
2026-08-27,u_052,20260827_u_052,page_view,表格分析,v2,desktop
2026-08-27,u_052,20260827_u_052,prompt_submit,表格分析,v2,desktop
2026-08-27,u_052,20260827_u_052,generation_success,表格分析,v2,desktop
2026-08-27,u_052,20260827_u_052,feature_click,表格分析,v2,desktop
2026-08-27,u_055,20260827_u_055,page_view,文案生成,v2,desktop
2026-08-27,u_055,20260827_u_055,prompt_submit,文案生成,v2,desktop
2026-08-27,u_055,20260827_u_055,generation_success,文案生成,v2,desktop
2026-08-27,u_055,20260827_u_055,result_adopt,文案生成,v2,desktop
2026-08-27,u_055,20260827_u_055,feature_click,文案生成,v2,desktop
2026-08-27,u_060,20260827_u_060,page_view,表格分析,v2,desktop
2026-08-27,u_060,20260827_u_060,prompt_submit,表格分析,v2,desktop
2026-08-27,u_060,20260827_u_060,generation_success,表格分析,v2,desktop
2026-08-27,u_060,20260827_u_060,result_adopt,表格分析,v2,desktop
2026-08-27,u_061,20260827_u_061,page_view,智能问答,v2,web
2026-08-27,u_061,20260827_u_061,prompt_submit,智能问答,v2,web
2026-08-27,u_061,20260827_u_061,generation_success,智能问答,v2,web
2026-08-27,u_061,20260827_u_061,result_adopt,智能问答,v2,web
2026-08-27,u_065,20260827_u_065,page_view,表格分析,v2,desktop
2026-08-27,u_065,20260827_u_065,prompt_submit,表格分析,v2,desktop
2026-08-27,u_065,20260827_u_065,generation_success,表格分析,v2,desktop
2026-08-27,u_065,20260827_u_065,feature_click,表格分析,v2,desktop
2026-08-27,u_066,20260827_u_066,page_view,表格分析,v1,web
2026-08-27,u_066,20260827_u_066,prompt_submit,表格分析,v1,web
2026-08-27,u_066,20260827_u_066,generation_success,表格分析,v1,web
2026-08-27,u_066,20260827_u_066,result_adopt,表格分析,v1,web
2026-08-27,u_066,20260827_u_066,feature_click,表格分析,v1,web
2026-08-27,u_067,20260827_u_067,page_view,文案生成,v1,desktop
2026-08-27,u_067,20260827_u_067,prompt_submit,文案生成,v1,desktop
2026-08-27,u_067,20260827_u_067,generation_success,文案生成,v1,desktop
2026-08-27,u_067,20260827_u_067,result_adopt,文案生成,v1,desktop
2026-08-27,u_067,20260827_u_067,feature_click,文案生成,v1,desktop
2026-08-27,u_068,20260827_u_068,page_view,智能问答,v1,web
2026-08-27,u_068,20260827_u_068,prompt_submit,智能问答,v1,web
2026-08-27,u_068,20260827_u_068,generation_success,智能问答,v1,web
2026-08-27,u_068,20260827_u_068,result_adopt,智能问答,v1,web
2026-08-27,u_068,20260827_u_068,feature_click,智能问答,v1,web
2026-08-27,u_075,20260827_u_075,page_view,智能问答,v1,desktop
2026-08-27,u_075,20260827_u_075,prompt_submit,智能问答,v1,desktop
2026-08-27,u_075,20260827_u_075,generation_success,智能问答,v1,desktop
2026-08-27,u_075,20260827_u_075,result_adopt,智能问答,v1,desktop
2026-08-27,u_078,20260827_u_078,page_view,表格分析,v2,web
2026-08-27,u_078,20260827_u_078,prompt_submit,表格分析,v2,web
2026-08-27,u_078,20260827_u_078,generation_success,表格分析,v2,web
2026-08-27,u_078,20260827_u_078,result_adopt,表格分析,v2,web
2026-08-27,u_078,20260827_u_078,feature_click,表格分析,v2,web
2026-08-27,u_080,20260827_u_080,page_view,文案生成,v1,web
2026-08-27,u_080,20260827_u_080,prompt_submit,文案生成,v1,web
2026-08-27,u_080,20260827_u_080,generation_success,文案生成,v1,web
2026-08-27,u_080,20260827_u_080,result_adopt,文案生成,v1,web
2026-08-27,u_080,20260827_u_080,feature_click,文案生成,v1,web
2026-08-27,u_082,20260827_u_082,page_view,智能问答,v2,web
2026-08-27,u_082,20260827_u_082,prompt_submit,智能问答,v2,web
2026-08-27,u_082,20260827_u_082,generation_success,智能问答,v2,web
2026-08-27,u_082,20260827_u_082,feature_click,智能问答,v2,web
2026-08-27,u_084,20260827_u_084,page_view,智能问答,v2,web
2026-08-27,u_084,20260827_u_084,prompt_submit,智能问答,v2,web
2026-08-27,u_084,20260827_u_084,generation_success,智能问答,v2,web
2026-08-27,u_084,20260827_u_084,result_adopt,智能问答,v2,web
2026-08-27,u_084,20260827_u_084,feature_click,智能问答,v2,web
2026-08-27,u_085,20260827_u_085,page_view,文案生成,v1,desktop
2026-08-27,u_087,20260827_u_087,page_view,表格分析,v1,desktop
2026-08-27,u_089,20260827_u_089,page_view,文案生成,v2,desktop
2026-08-27,u_089,20260827_u_089,prompt_submit,文案生成,v2,desktop
2026-08-27,u_089,20260827_u_089,generation_success,文案生成,v2,desktop
2026-08-27,u_091,20260827_u_091,page_view,智能问答,v1,desktop
2026-08-27,u_094,20260827_u_094,page_view,智能问答,v1,desktop
2026-08-27,u_094,20260827_u_094,prompt_submit,智能问答,v1,desktop
2026-08-27,u_094,20260827_u_094,generation_success,智能问答,v1,desktop
2026-08-27,u_094,20260827_u_094,feature_click,智能问答,v1,desktop
2026-08-27,u_095,20260827_u_095,page_view,文案生成,v1,desktop
2026-08-27,u_097,20260827_u_097,page_view,文案生成,v1,web
2026-08-27,u_097,20260827_u_097,prompt_submit,文案生成,v1,web
2026-08-27,u_097,20260827_u_097,generation_success,文案生成,v1,web
2026-08-27,u_098,20260827_u_098,page_view,文案生成,v1,desktop
2026-08-27,u_098,20260827_u_098,prompt_submit,文案生成,v1,desktop
2026-08-27,u_098,20260827_u_098,generation_success,文案生成,v1,desktop
2026-08-27,u_098,20260827_u_098,feature_click,文案生成,v1,desktop
2026-08-27,u_099,20260827_u_099,page_view,智能问答,v1,desktop
2026-08-27,u_099,20260827_u_099,prompt_submit,智能问答,v1,desktop
2026-08-27,u_099,20260827_u_099,generation_success,智能问答,v1,desktop
2026-08-27,u_099,20260827_u_099,result_adopt,智能问答,v1,desktop
2026-08-27,u_101,20260827_u_101,page_view,表格分析,v1,desktop
2026-08-27,u_101,20260827_u_101,prompt_submit,表格分析,v1,desktop
2026-08-27,u_101,20260827_u_101,generation_success,表格分析,v1,desktop
2026-08-27,u_101,20260827_u_101,result_adopt,表格分析,v1,desktop
2026-08-27,u_102,20260827_u_102,page_view,智能问答,v2,desktop
2026-08-27,u_102,20260827_u_102,prompt_submit,智能问答,v2,desktop
2026-08-27,u_102,20260827_u_102,generation_success,智能问答,v2,desktop
2026-08-27,u_102,20260827_u_102,result_adopt,智能问答,v2,desktop
2026-08-27,u_102,20260827_u_102,feature_click,智能问答,v2,desktop
2026-08-27,u_105,20260827_u_105,page_view,文案生成,v1,web
2026-08-27,u_105,20260827_u_105,prompt_submit,文案生成,v1,web
2026-08-27,u_105,20260827_u_105,generation_success,文案生成,v1,web
2026-08-27,u_105,20260827_u_105,result_adopt,文案生成,v1,web
2026-08-27,u_106,20260827_u_106,page_view,文案生成,v2,web
2026-08-27,u_106,20260827_u_106,prompt_submit,文案生成,v2,web
2026-08-27,u_108,20260827_u_108,page_view,文案生成,v2,desktop
2026-08-27,u_108,20260827_u_108,prompt_submit,文案生成,v2,desktop
2026-08-27,u_108,20260827_u_108,generation_success,文案生成,v2,desktop
2026-08-27,u_109,20260827_u_109,page_view,智能问答,v2,desktop
2026-08-27,u_111,20260827_u_111,page_view,智能问答,v2,desktop
2026-08-27,u_111,20260827_u_111,prompt_submit,智能问答,v2,desktop
2026-08-27,u_111,20260827_u_111,generation_success,智能问答,v2,desktop
2026-08-27,u_114,20260827_u_114,page_view,表格分析,v1,desktop
2026-08-27,u_114,20260827_u_114,prompt_submit,表格分析,v1,desktop
2026-08-27,u_114,20260827_u_114,generation_success,表格分析,v1,desktop
2026-08-27,u_116,20260827_u_116,page_view,表格分析,v2,web
2026-08-27,u_116,20260827_u_116,prompt_submit,表格分析,v2,web
2026-08-27,u_116,20260827_u_116,generation_success,表格分析,v2,web
2026-08-27,u_117,20260827_u_117,page_view,文案生成,v1,desktop
2026-08-27,u_121,20260827_u_121,page_view,智能问答,v1,desktop
2026-08-27,u_121,20260827_u_121,prompt_submit,智能问答,v1,desktop
2026-08-27,u_121,20260827_u_121,generation_success,智能问答,v1,desktop
2026-08-27,u_121,20260827_u_121,result_adopt,智能问答,v1,desktop
2026-08-27,u_121,20260827_u_121,feature_click,智能问答,v1,desktop
2026-08-27,u_124,20260827_u_124,page_view,文案生成,v2,desktop
2026-08-27,u_128,20260827_u_128,page_view,智能问答,v2,desktop
2026-08-27,u_128,20260827_u_128,prompt_submit,智能问答,v2,desktop
2026-08-27,u_128,20260827_u_128,generation_success,智能问答,v2,desktop
2026-08-27,u_128,20260827_u_128,result_adopt,智能问答,v2,desktop
2026-08-27,u_129,20260827_u_129,page_view,表格分析,v1,desktop
2026-08-27,u_130,20260827_u_130,page_view,智能问答,v2,desktop
2026-08-27,u_132,20260827_u_132,page_view,文案生成,v1,web
2026-08-27,u_132,20260827_u_132,prompt_submit,文案生成,v1,web
2026-08-27,u_132,20260827_u_132,generation_success,文案生成,v1,web
2026-08-27,u_132,20260827_u_132,result_adopt,文案生成,v1,web
2026-08-27,u_132,20260827_u_132,feature_click,文案生成,v1,web
2026-08-27,u_133,20260827_u_133,page_view,智能问答,v1,desktop
2026-08-27,u_135,20260827_u_135,page_view,智能问答,v2,desktop
2026-08-27,u_137,20260827_u_137,page_view,表格分析,v2,web
2026-08-27,u_137,20260827_u_137,prompt_submit,表格分析,v2,web
2026-08-27,u_137,20260827_u_137,generation_success,表格分析,v2,web
2026-08-27,u_137,20260827_u_137,result_adopt,表格分析,v2,web
2026-08-27,u_137,20260827_u_137,feature_click,表格分析,v2,web
2026-08-27,u_138,20260827_u_138,page_view,表格分析,v1,desktop
2026-08-27,u_138,20260827_u_138,prompt_submit,表格分析,v1,desktop
2026-08-27,u_138,20260827_u_138,generation_success,表格分析,v1,desktop
2026-08-27,u_138,20260827_u_138,result_adopt,表格分析,v1,desktop
2026-08-27,u_142,20260827_u_142,page_view,智能问答,v2,desktop
2026-08-27,u_142,20260827_u_142,prompt_submit,智能问答,v2,desktop
2026-08-27,u_142,20260827_u_142,generation_success,智能问答,v2,desktop
2026-08-27,u_142,20260827_u_142,feature_click,智能问答,v2,desktop
2026-08-27,u_143,20260827_u_143,page_view,智能问答,v1,desktop
2026-08-27,u_143,20260827_u_143,prompt_submit,智能问答,v1,desktop
2026-08-27,u_143,20260827_u_143,generation_success,智能问答,v1,desktop
2026-08-27,u_144,20260827_u_144,page_view,文案生成,v2,desktop
2026-08-27,u_144,20260827_u_144,prompt_submit,文案生成,v2,desktop
2026-08-27,u_144,20260827_u_144,generation_success,文案生成,v2,desktop
2026-08-27,u_145,20260827_u_145,page_view,文案生成,v2,web
2026-08-27,u_145,20260827_u_145,prompt_submit,文案生成,v2,web
2026-08-27,u_145,20260827_u_145,generation_success,文案生成,v2,web
2026-08-27,u_148,20260827_u_148,page_view,智能问答,v1,web
2026-08-27,u_148,20260827_u_148,prompt_submit,智能问答,v1,web
2026-08-27,u_149,20260827_u_149,page_view,智能问答,v1,web
2026-08-27,u_149,20260827_u_149,prompt_submit,智能问答,v1,web
2026-08-27,u_149,20260827_u_149,generation_success,智能问答,v1,web
2026-08-27,u_149,20260827_u_149,result_adopt,智能问答,v1,web
2026-08-27,u_149,20260827_u_149,feature_click,智能问答,v1,web
2026-08-27,u_151,20260827_u_151,page_view,智能问答,v2,desktop
2026-08-27,u_151,20260827_u_151,prompt_submit,智能问答,v2,desktop
2026-08-27,u_151,20260827_u_151,generation_success,智能问答,v2,desktop
2026-08-27,u_151,20260827_u_151,result_adopt,智能问答,v2,desktop
2026-08-27,u_151,20260827_u_151,feature_click,智能问答,v2,desktop
2026-08-27,u_152,20260827_u_152,page_view,文案生成,v1,desktop
2026-08-27,u_152,20260827_u_152,prompt_submit,文案生成,v1,desktop
2026-08-27,u_152,20260827_u_152,generation_success,文案生成,v1,desktop
2026-08-27,u_153,20260827_u_153,page_view,智能问答,v1,desktop
2026-08-27,u_153,20260827_u_153,prompt_submit,智能问答,v1,desktop
2026-08-27,u_153,20260827_u_153,generation_success,智能问答,v1,desktop
2026-08-27,u_153,20260827_u_153,result_adopt,智能问答,v1,desktop
2026-08-27,u_153,20260827_u_153,feature_click,智能问答,v1,desktop
2026-08-27,u_154,20260827_u_154,page_view,智能问答,v2,desktop
2026-08-27,u_155,20260827_u_155,page_view,文案生成,v2,web
2026-08-27,u_155,20260827_u_155,prompt_submit,文案生成,v2,web
2026-08-27,u_158,20260827_u_158,page_view,表格分析,v2,desktop
2026-08-27,u_158,20260827_u_158,prompt_submit,表格分析,v2,desktop
2026-08-27,u_158,20260827_u_158,generation_success,表格分析,v2,desktop
2026-08-27,u_160,20260827_u_160,page_view,表格分析,v2,web
2026-08-27,u_160,20260827_u_160,prompt_submit,表格分析,v2,web
2026-08-27,u_160,20260827_u_160,generation_success,表格分析,v2,web
2026-08-27,u_160,20260827_u_160,result_adopt,表格分析,v2,web
2026-08-27,u_160,20260827_u_160,feature_click,表格分析,v2,web
2026-08-27,u_162,20260827_u_162,page_view,表格分析,v2,desktop
2026-08-27,u_163,20260827_u_163,page_view,表格分析,v2,desktop
2026-08-27,u_163,20260827_u_163,prompt_submit,表格分析,v2,desktop
2026-08-27,u_163,20260827_u_163,generation_success,表格分析,v2,desktop
2026-08-27,u_163,20260827_u_163,result_adopt,表格分析,v2,desktop
2026-08-27,u_163,20260827_u_163,feature_click,表格分析,v2,desktop
2026-08-27,u_164,20260827_u_164,page_view,智能问答,v1,web
2026-08-27,u_164,20260827_u_164,prompt_submit,智能问答,v1,web
2026-08-27,u_164,20260827_u_164,generation_success,智能问答,v1,web
2026-08-27,u_164,20260827_u_164,result_adopt,智能问答,v1,web
2026-08-27,u_166,20260827_u_166,page_view,文案生成,v1,web
2026-08-27,u_166,20260827_u_166,prompt_submit,文案生成,v1,web
2026-08-27,u_166,20260827_u_166,generation_success,文案生成,v1,web
2026-08-27,u_166,20260827_u_166,feature_click,文案生成,v1,web
2026-08-27,u_168,20260827_u_168,page_view,文案生成,v1,web
2026-08-27,u_169,20260827_u_169,page_view,表格分析,v1,desktop
2026-08-27,u_169,20260827_u_169,prompt_submit,表格分析,v1,desktop
2026-08-27,u_169,20260827_u_169,generation_success,表格分析,v1,desktop
2026-08-27,u_169,20260827_u_169,result_adopt,表格分析,v1,desktop
2026-08-27,u_170,20260827_u_170,page_view,表格分析,v1,web
2026-08-27,u_170,20260827_u_170,prompt_submit,表格分析,v1,web
2026-08-27,u_170,20260827_u_170,generation_success,表格分析,v1,web
2026-08-27,u_170,20260827_u_170,result_adopt,表格分析,v1,web
2026-08-27,u_170,20260827_u_170,feature_click,表格分析,v1,web
2026-08-27,u_171,20260827_u_171,page_view,文案生成,v1,desktop
2026-08-27,u_171,20260827_u_171,prompt_submit,文案生成,v1,desktop
2026-08-27,u_171,20260827_u_171,generation_success,文案生成,v1,desktop
2026-08-27,u_171,20260827_u_171,result_adopt,文案生成,v1,desktop
2026-08-27,u_172,20260827_u_172,page_view,智能问答,v2,desktop
2026-08-27,u_172,20260827_u_172,prompt_submit,智能问答,v2,desktop
2026-08-27,u_172,20260827_u_172,generation_success,智能问答,v2,desktop
2026-08-27,u_174,20260827_u_174,page_view,智能问答,v1,desktop
2026-08-27,u_174,20260827_u_174,prompt_submit,智能问答,v1,desktop
2026-08-27,u_174,20260827_u_174,generation_success,智能问答,v1,desktop
2026-08-27,u_174,20260827_u_174,result_adopt,智能问答,v1,desktop
2026-08-27,u_174,20260827_u_174,feature_click,智能问答,v1,desktop
2026-08-27,u_175,20260827_u_175,page_view,智能问答,v1,desktop
2026-08-27,u_175,20260827_u_175,prompt_submit,智能问答,v1,desktop
2026-08-27,u_175,20260827_u_175,generation_success,智能问答,v1,desktop
2026-08-27,u_175,20260827_u_175,result_adopt,智能问答,v1,desktop
2026-08-27,u_176,20260827_u_176,page_view,文案生成,v1,web
2026-08-27,u_176,20260827_u_176,prompt_submit,文案生成,v1,web
2026-08-27,u_176,20260827_u_176,generation_success,文案生成,v1,web
2026-08-27,u_176,20260827_u_176,result_adopt,文案生成,v1,web
2026-08-27,u_178,20260827_u_178,page_view,文案生成,v2,desktop
2026-08-27,u_178,20260827_u_178,prompt_submit,文案生成,v2,desktop
2026-08-27,u_178,20260827_u_178,generation_success,文案生成,v2,desktop
2026-08-27,u_178,20260827_u_178,result_adopt,文案生成,v2,desktop
2026-08-27,u_179,20260827_u_179,page_view,文案生成,v2,web
2026-08-27,u_180,20260827_u_180,page_view,文案生成,v2,desktop
2026-08-27,u_180,20260827_u_180,prompt_submit,文案生成,v2,desktop
2026-08-27,u_180,20260827_u_180,generation_success,文案生成,v2,desktop
2026-08-28,u_003,20260828_u_003,page_view,文案生成,v2,web
2026-08-28,u_003,20260828_u_003,prompt_submit,文案生成,v2,web
2026-08-28,u_003,20260828_u_003,generation_success,文案生成,v2,web
2026-08-28,u_003,20260828_u_003,result_adopt,文案生成,v2,web
2026-08-28,u_003,20260828_u_003,feature_click,文案生成,v2,web
2026-08-28,u_004,20260828_u_004,page_view,表格分析,v2,desktop
2026-08-28,u_004,20260828_u_004,prompt_submit,表格分析,v2,desktop
2026-08-28,u_004,20260828_u_004,generation_success,表格分析,v2,desktop
2026-08-28,u_004,20260828_u_004,result_adopt,表格分析,v2,desktop
2026-08-28,u_004,20260828_u_004,feature_click,表格分析,v2,desktop
2026-08-28,u_006,20260828_u_006,page_view,表格分析,v1,desktop
2026-08-28,u_006,20260828_u_006,prompt_submit,表格分析,v1,desktop
2026-08-28,u_006,20260828_u_006,generation_success,表格分析,v1,desktop
2026-08-28,u_007,20260828_u_007,page_view,文案生成,v2,desktop
2026-08-28,u_007,20260828_u_007,prompt_submit,文案生成,v2,desktop
2026-08-28,u_007,20260828_u_007,generation_success,文案生成,v2,desktop
2026-08-28,u_007,20260828_u_007,result_adopt,文案生成,v2,desktop
2026-08-28,u_008,20260828_u_008,page_view,智能问答,v2,web
2026-08-28,u_009,20260828_u_009,page_view,表格分析,v2,desktop
2026-08-28,u_009,20260828_u_009,prompt_submit,表格分析,v2,desktop
2026-08-28,u_009,20260828_u_009,generation_success,表格分析,v2,desktop
2026-08-28,u_009,20260828_u_009,result_adopt,表格分析,v2,desktop
2026-08-28,u_010,20260828_u_010,page_view,表格分析,v1,web
2026-08-28,u_011,20260828_u_011,page_view,表格分析,v2,desktop
2026-08-28,u_012,20260828_u_012,page_view,文案生成,v2,web
2026-08-28,u_012,20260828_u_012,prompt_submit,文案生成,v2,web
2026-08-28,u_013,20260828_u_013,page_view,表格分析,v1,web
2026-08-28,u_013,20260828_u_013,prompt_submit,表格分析,v1,web
2026-08-28,u_013,20260828_u_013,generation_success,表格分析,v1,web
2026-08-28,u_013,20260828_u_013,result_adopt,表格分析,v1,web
2026-08-28,u_013,20260828_u_013,feature_click,表格分析,v1,web
2026-08-28,u_016,20260828_u_016,page_view,智能问答,v2,web
2026-08-28,u_016,20260828_u_016,prompt_submit,智能问答,v2,web
2026-08-28,u_016,20260828_u_016,generation_success,智能问答,v2,web
2026-08-28,u_016,20260828_u_016,result_adopt,智能问答,v2,web
2026-08-28,u_018,20260828_u_018,page_view,表格分析,v1,web
2026-08-28,u_018,20260828_u_018,prompt_submit,表格分析,v1,web
2026-08-28,u_018,20260828_u_018,generation_success,表格分析,v1,web
2026-08-28,u_018,20260828_u_018,result_adopt,表格分析,v1,web
2026-08-28,u_019,20260828_u_019,page_view,表格分析,v2,web
2026-08-28,u_020,20260828_u_020,page_view,智能问答,v2,desktop
2026-08-28,u_020,20260828_u_020,prompt_submit,智能问答,v2,desktop
2026-08-28,u_020,20260828_u_020,generation_success,智能问答,v2,desktop
2026-08-28,u_020,20260828_u_020,result_adopt,智能问答,v2,desktop
2026-08-28,u_021,20260828_u_021,page_view,表格分析,v2,desktop
2026-08-28,u_021,20260828_u_021,prompt_submit,表格分析,v2,desktop
2026-08-28,u_021,20260828_u_021,generation_success,表格分析,v2,desktop
2026-08-28,u_021,20260828_u_021,result_adopt,表格分析,v2,desktop
2026-08-28,u_021,20260828_u_021,feature_click,表格分析,v2,desktop
2026-08-28,u_022,20260828_u_022,page_view,智能问答,v2,desktop
2026-08-28,u_022,20260828_u_022,prompt_submit,智能问答,v2,desktop
2026-08-28,u_022,20260828_u_022,generation_success,智能问答,v2,desktop
2026-08-28,u_022,20260828_u_022,result_adopt,智能问答,v2,desktop
2026-08-28,u_024,20260828_u_024,page_view,表格分析,v1,desktop
2026-08-28,u_024,20260828_u_024,prompt_submit,表格分析,v1,desktop
2026-08-28,u_024,20260828_u_024,generation_success,表格分析,v1,desktop
2026-08-28,u_024,20260828_u_024,result_adopt,表格分析,v1,desktop
2026-08-28,u_024,20260828_u_024,feature_click,表格分析,v1,desktop
2026-08-28,u_025,20260828_u_025,page_view,表格分析,v1,desktop
2026-08-28,u_028,20260828_u_028,page_view,文案生成,v2,web
2026-08-28,u_028,20260828_u_028,prompt_submit,文案生成,v2,web
2026-08-28,u_028,20260828_u_028,generation_success,文案生成,v2,web
2026-08-28,u_028,20260828_u_028,result_adopt,文案生成,v2,web
2026-08-28,u_029,20260828_u_029,page_view,表格分析,v1,desktop
2026-08-28,u_032,20260828_u_032,page_view,智能问答,v2,desktop
2026-08-28,u_032,20260828_u_032,prompt_submit,智能问答,v2,desktop
2026-08-28,u_032,20260828_u_032,generation_success,智能问答,v2,desktop
2026-08-28,u_032,20260828_u_032,result_adopt,智能问答,v2,desktop
2026-08-28,u_032,20260828_u_032,feature_click,智能问答,v2,desktop
2026-08-28,u_034,20260828_u_034,page_view,文案生成,v1,web
2026-08-28,u_035,20260828_u_035,page_view,智能问答,v2,web
2026-08-28,u_035,20260828_u_035,prompt_submit,智能问答,v2,web
2026-08-28,u_035,20260828_u_035,generation_success,智能问答,v2,web
2026-08-28,u_038,20260828_u_038,page_view,智能问答,v1,web
2026-08-28,u_038,20260828_u_038,prompt_submit,智能问答,v1,web
2026-08-28,u_038,20260828_u_038,generation_success,智能问答,v1,web
2026-08-28,u_038,20260828_u_038,feature_click,智能问答,v1,web
2026-08-28,u_040,20260828_u_040,page_view,表格分析,v2,web
2026-08-28,u_040,20260828_u_040,prompt_submit,表格分析,v2,web
2026-08-28,u_040,20260828_u_040,generation_success,表格分析,v2,web
2026-08-28,u_040,20260828_u_040,result_adopt,表格分析,v2,web
2026-08-28,u_041,20260828_u_041,page_view,文案生成,v1,desktop
2026-08-28,u_041,20260828_u_041,prompt_submit,文案生成,v1,desktop
2026-08-28,u_041,20260828_u_041,generation_success,文案生成,v1,desktop
2026-08-28,u_041,20260828_u_041,feature_click,文案生成,v1,desktop
2026-08-28,u_043,20260828_u_043,page_view,表格分析,v2,desktop
2026-08-28,u_043,20260828_u_043,prompt_submit,表格分析,v2,desktop
2026-08-28,u_043,20260828_u_043,generation_success,表格分析,v2,desktop
2026-08-28,u_045,20260828_u_045,page_view,表格分析,v1,desktop
2026-08-28,u_045,20260828_u_045,prompt_submit,表格分析,v1,desktop
2026-08-28,u_045,20260828_u_045,generation_success,表格分析,v1,desktop
2026-08-28,u_048,20260828_u_048,page_view,表格分析,v1,web
2026-08-28,u_048,20260828_u_048,prompt_submit,表格分析,v1,web
2026-08-28,u_048,20260828_u_048,generation_success,表格分析,v1,web
2026-08-28,u_048,20260828_u_048,result_adopt,表格分析,v1,web
2026-08-28,u_050,20260828_u_050,page_view,表格分析,v1,desktop
2026-08-28,u_052,20260828_u_052,page_view,智能问答,v1,desktop
2026-08-28,u_052,20260828_u_052,prompt_submit,智能问答,v1,desktop
2026-08-28,u_052,20260828_u_052,generation_success,智能问答,v1,desktop
2026-08-28,u_052,20260828_u_052,feature_click,智能问答,v1,desktop
2026-08-28,u_054,20260828_u_054,page_view,智能问答,v1,web
2026-08-28,u_054,20260828_u_054,prompt_submit,智能问答,v1,web
2026-08-28,u_054,20260828_u_054,generation_success,智能问答,v1,web
2026-08-28,u_054,20260828_u_054,result_adopt,智能问答,v1,web
2026-08-28,u_054,20260828_u_054,feature_click,智能问答,v1,web
2026-08-28,u_055,20260828_u_055,page_view,表格分析,v1,web
2026-08-28,u_055,20260828_u_055,prompt_submit,表格分析,v1,web
2026-08-28,u_055,20260828_u_055,generation_success,表格分析,v1,web
2026-08-28,u_055,20260828_u_055,result_adopt,表格分析,v1,web
2026-08-28,u_058,20260828_u_058,page_view,表格分析,v2,desktop
2026-08-28,u_058,20260828_u_058,prompt_submit,表格分析,v2,desktop
2026-08-28,u_058,20260828_u_058,generation_success,表格分析,v2,desktop
2026-08-28,u_058,20260828_u_058,result_adopt,表格分析,v2,desktop
2026-08-28,u_058,20260828_u_058,feature_click,表格分析,v2,desktop
2026-08-28,u_059,20260828_u_059,page_view,文案生成,v2,web
2026-08-28,u_059,20260828_u_059,prompt_submit,文案生成,v2,web
2026-08-28,u_059,20260828_u_059,generation_success,文案生成,v2,web
2026-08-28,u_059,20260828_u_059,result_adopt,文案生成,v2,web
2026-08-28,u_060,20260828_u_060,page_view,智能问答,v1,desktop
2026-08-28,u_060,20260828_u_060,prompt_submit,智能问答,v1,desktop
2026-08-28,u_060,20260828_u_060,generation_success,智能问答,v1,desktop
2026-08-28,u_061,20260828_u_061,page_view,表格分析,v1,desktop
2026-08-28,u_061,20260828_u_061,prompt_submit,表格分析,v1,desktop
2026-08-28,u_061,20260828_u_061,generation_success,表格分析,v1,desktop
2026-08-28,u_061,20260828_u_061,result_adopt,表格分析,v1,desktop
2026-08-28,u_061,20260828_u_061,feature_click,表格分析,v1,desktop
2026-08-28,u_063,20260828_u_063,page_view,表格分析,v2,web
2026-08-28,u_063,20260828_u_063,prompt_submit,表格分析,v2,web
2026-08-28,u_063,20260828_u_063,generation_success,表格分析,v2,web
2026-08-28,u_063,20260828_u_063,result_adopt,表格分析,v2,web
2026-08-28,u_066,20260828_u_066,page_view,智能问答,v2,desktop
2026-08-28,u_067,20260828_u_067,page_view,表格分析,v1,desktop
2026-08-28,u_068,20260828_u_068,page_view,文案生成,v2,web
2026-08-28,u_068,20260828_u_068,prompt_submit,文案生成,v2,web
2026-08-28,u_068,20260828_u_068,generation_success,文案生成,v2,web
2026-08-28,u_068,20260828_u_068,feature_click,文案生成,v2,web
2026-08-28,u_069,20260828_u_069,page_view,智能问答,v2,desktop
2026-08-28,u_069,20260828_u_069,prompt_submit,智能问答,v2,desktop
2026-08-28,u_069,20260828_u_069,generation_success,智能问答,v2,desktop
2026-08-28,u_069,20260828_u_069,feature_click,智能问答,v2,desktop
2026-08-28,u_070,20260828_u_070,page_view,表格分析,v2,desktop
2026-08-28,u_070,20260828_u_070,prompt_submit,表格分析,v2,desktop
2026-08-28,u_070,20260828_u_070,generation_success,表格分析,v2,desktop
2026-08-28,u_070,20260828_u_070,result_adopt,表格分析,v2,desktop
2026-08-28,u_070,20260828_u_070,feature_click,表格分析,v2,desktop
2026-08-28,u_071,20260828_u_071,page_view,文案生成,v1,desktop
2026-08-28,u_071,20260828_u_071,prompt_submit,文案生成,v1,desktop
2026-08-28,u_071,20260828_u_071,generation_success,文案生成,v1,desktop
2026-08-28,u_071,20260828_u_071,result_adopt,文案生成,v1,desktop
2026-08-28,u_074,20260828_u_074,page_view,表格分析,v2,desktop
2026-08-28,u_074,20260828_u_074,prompt_submit,表格分析,v2,desktop
2026-08-28,u_074,20260828_u_074,generation_success,表格分析,v2,desktop
2026-08-28,u_079,20260828_u_079,page_view,表格分析,v1,desktop
2026-08-28,u_079,20260828_u_079,prompt_submit,表格分析,v1,desktop
2026-08-28,u_079,20260828_u_079,generation_success,表格分析,v1,desktop
2026-08-28,u_079,20260828_u_079,result_adopt,表格分析,v1,desktop
2026-08-28,u_082,20260828_u_082,page_view,智能问答,v1,web
2026-08-28,u_082,20260828_u_082,prompt_submit,智能问答,v1,web
2026-08-28,u_082,20260828_u_082,generation_success,智能问答,v1,web
2026-08-28,u_082,20260828_u_082,feature_click,智能问答,v1,web
2026-08-28,u_083,20260828_u_083,page_view,表格分析,v1,desktop
2026-08-28,u_085,20260828_u_085,page_view,文案生成,v2,desktop
2026-08-28,u_086,20260828_u_086,page_view,文案生成,v1,web
2026-08-28,u_086,20260828_u_086,prompt_submit,文案生成,v1,web
2026-08-28,u_086,20260828_u_086,generation_success,文案生成,v1,web
2026-08-28,u_087,20260828_u_087,page_view,文案生成,v2,desktop
2026-08-28,u_087,20260828_u_087,prompt_submit,文案生成,v2,desktop
2026-08-28,u_087,20260828_u_087,generation_success,文案生成,v2,desktop
2026-08-28,u_088,20260828_u_088,page_view,文案生成,v2,web
2026-08-28,u_088,20260828_u_088,prompt_submit,文案生成,v2,web
2026-08-28,u_088,20260828_u_088,generation_success,文案生成,v2,web
2026-08-28,u_088,20260828_u_088,result_adopt,文案生成,v2,web
2026-08-28,u_088,20260828_u_088,feature_click,文案生成,v2,web
2026-08-28,u_093,20260828_u_093,page_view,表格分析,v1,desktop
2026-08-28,u_094,20260828_u_094,page_view,文案生成,v2,desktop
2026-08-28,u_094,20260828_u_094,prompt_submit,文案生成,v2,desktop
2026-08-28,u_094,20260828_u_094,generation_success,文案生成,v2,desktop
2026-08-28,u_095,20260828_u_095,page_view,表格分析,v2,web
2026-08-28,u_095,20260828_u_095,prompt_submit,表格分析,v2,web
2026-08-28,u_098,20260828_u_098,page_view,智能问答,v1,web
2026-08-28,u_098,20260828_u_098,prompt_submit,智能问答,v1,web
2026-08-28,u_098,20260828_u_098,generation_success,智能问答,v1,web
2026-08-28,u_098,20260828_u_098,result_adopt,智能问答,v1,web
2026-08-28,u_099,20260828_u_099,page_view,文案生成,v2,web
2026-08-28,u_099,20260828_u_099,prompt_submit,文案生成,v2,web
2026-08-28,u_099,20260828_u_099,generation_success,文案生成,v2,web
2026-08-28,u_099,20260828_u_099,result_adopt,文案生成,v2,web
2026-08-28,u_100,20260828_u_100,page_view,文案生成,v1,desktop
2026-08-28,u_100,20260828_u_100,prompt_submit,文案生成,v1,desktop
2026-08-28,u_100,20260828_u_100,generation_success,文案生成,v1,desktop
2026-08-28,u_100,20260828_u_100,result_adopt,文案生成,v1,desktop
2026-08-28,u_100,20260828_u_100,feature_click,文案生成,v1,desktop
2026-08-28,u_101,20260828_u_101,page_view,文案生成,v1,desktop
2026-08-28,u_101,20260828_u_101,prompt_submit,文案生成,v1,desktop
2026-08-28,u_101,20260828_u_101,generation_success,文案生成,v1,desktop
2026-08-28,u_101,20260828_u_101,result_adopt,文案生成,v1,desktop
2026-08-28,u_102,20260828_u_102,page_view,智能问答,v2,desktop
2026-08-28,u_102,20260828_u_102,prompt_submit,智能问答,v2,desktop
2026-08-28,u_102,20260828_u_102,generation_success,智能问答,v2,desktop
2026-08-28,u_102,20260828_u_102,result_adopt,智能问答,v2,desktop
2026-08-28,u_102,20260828_u_102,feature_click,智能问答,v2,desktop
2026-08-28,u_105,20260828_u_105,page_view,智能问答,v2,desktop
2026-08-28,u_105,20260828_u_105,prompt_submit,智能问答,v2,desktop
2026-08-28,u_105,20260828_u_105,generation_success,智能问答,v2,desktop
2026-08-28,u_105,20260828_u_105,result_adopt,智能问答,v2,desktop
2026-08-28,u_105,20260828_u_105,feature_click,智能问答,v2,desktop
2026-08-28,u_106,20260828_u_106,page_view,表格分析,v2,web
2026-08-28,u_106,20260828_u_106,prompt_submit,表格分析,v2,web
2026-08-28,u_106,20260828_u_106,generation_success,表格分析,v2,web
2026-08-28,u_106,20260828_u_106,feature_click,表格分析,v2,web
2026-08-28,u_107,20260828_u_107,page_view,智能问答,v1,desktop
2026-08-28,u_107,20260828_u_107,prompt_submit,智能问答,v1,desktop
2026-08-28,u_109,20260828_u_109,page_view,表格分析,v2,desktop
2026-08-28,u_109,20260828_u_109,prompt_submit,表格分析,v2,desktop
2026-08-28,u_109,20260828_u_109,generation_success,表格分析,v2,desktop
2026-08-28,u_111,20260828_u_111,page_view,表格分析,v1,web
2026-08-28,u_111,20260828_u_111,prompt_submit,表格分析,v1,web
2026-08-28,u_111,20260828_u_111,generation_success,表格分析,v1,web
2026-08-28,u_111,20260828_u_111,result_adopt,表格分析,v1,web
2026-08-28,u_111,20260828_u_111,feature_click,表格分析,v1,web
2026-08-28,u_114,20260828_u_114,page_view,表格分析,v1,desktop
2026-08-28,u_114,20260828_u_114,prompt_submit,表格分析,v1,desktop
2026-08-28,u_114,20260828_u_114,generation_success,表格分析,v1,desktop
2026-08-28,u_114,20260828_u_114,result_adopt,表格分析,v1,desktop
2026-08-28,u_114,20260828_u_114,feature_click,表格分析,v1,desktop
2026-08-28,u_117,20260828_u_117,page_view,表格分析,v2,web
2026-08-28,u_117,20260828_u_117,prompt_submit,表格分析,v2,web
2026-08-28,u_117,20260828_u_117,generation_success,表格分析,v2,web
2026-08-28,u_117,20260828_u_117,feature_click,表格分析,v2,web
2026-08-28,u_118,20260828_u_118,page_view,文案生成,v1,web
2026-08-28,u_119,20260828_u_119,page_view,表格分析,v1,desktop
2026-08-28,u_119,20260828_u_119,prompt_submit,表格分析,v1,desktop
2026-08-28,u_119,20260828_u_119,generation_success,表格分析,v1,desktop
2026-08-28,u_119,20260828_u_119,result_adopt,表格分析,v1,desktop
2026-08-28,u_119,20260828_u_119,feature_click,表格分析,v1,desktop
2026-08-28,u_122,20260828_u_122,page_view,文案生成,v1,desktop
2026-08-28,u_123,20260828_u_123,page_view,表格分析,v1,web
2026-08-28,u_124,20260828_u_124,page_view,智能问答,v1,desktop
2026-08-28,u_124,20260828_u_124,prompt_submit,智能问答,v1,desktop
2026-08-28,u_124,20260828_u_124,generation_success,智能问答,v1,desktop
2026-08-28,u_124,20260828_u_124,result_adopt,智能问答,v1,desktop
2026-08-28,u_124,20260828_u_124,feature_click,智能问答,v1,desktop
2026-08-28,u_125,20260828_u_125,page_view,文案生成,v2,web
2026-08-28,u_126,20260828_u_126,page_view,表格分析,v1,desktop
2026-08-28,u_126,20260828_u_126,prompt_submit,表格分析,v1,desktop
2026-08-28,u_126,20260828_u_126,generation_success,表格分析,v1,desktop
2026-08-28,u_126,20260828_u_126,result_adopt,表格分析,v1,desktop
2026-08-28,u_127,20260828_u_127,page_view,智能问答,v1,desktop
2026-08-28,u_127,20260828_u_127,prompt_submit,智能问答,v1,desktop
2026-08-28,u_127,20260828_u_127,generation_success,智能问答,v1,desktop
2026-08-28,u_127,20260828_u_127,feature_click,智能问答,v1,desktop
2026-08-28,u_128,20260828_u_128,page_view,文案生成,v2,desktop
2026-08-28,u_128,20260828_u_128,prompt_submit,文案生成,v2,desktop
2026-08-28,u_128,20260828_u_128,generation_success,文案生成,v2,desktop
2026-08-28,u_128,20260828_u_128,result_adopt,文案生成,v2,desktop
2026-08-28,u_129,20260828_u_129,page_view,文案生成,v2,desktop
2026-08-28,u_129,20260828_u_129,prompt_submit,文案生成,v2,desktop
2026-08-28,u_129,20260828_u_129,generation_success,文案生成,v2,desktop
2026-08-28,u_129,20260828_u_129,feature_click,文案生成,v2,desktop
2026-08-28,u_131,20260828_u_131,page_view,文案生成,v1,web
2026-08-28,u_131,20260828_u_131,prompt_submit,文案生成,v1,web
2026-08-28,u_131,20260828_u_131,generation_success,文案生成,v1,web
2026-08-28,u_131,20260828_u_131,feature_click,文案生成,v1,web
2026-08-28,u_132,20260828_u_132,page_view,智能问答,v1,web
2026-08-28,u_132,20260828_u_132,prompt_submit,智能问答,v1,web
2026-08-28,u_132,20260828_u_132,generation_success,智能问答,v1,web
2026-08-28,u_132,20260828_u_132,feature_click,智能问答,v1,web
2026-08-28,u_135,20260828_u_135,page_view,文案生成,v2,web
2026-08-28,u_135,20260828_u_135,prompt_submit,文案生成,v2,web
2026-08-28,u_135,20260828_u_135,generation_success,文案生成,v2,web
2026-08-28,u_136,20260828_u_136,page_view,表格分析,v1,web
2026-08-28,u_136,20260828_u_136,prompt_submit,表格分析,v1,web
2026-08-28,u_136,20260828_u_136,generation_success,表格分析,v1,web
2026-08-28,u_136,20260828_u_136,result_adopt,表格分析,v1,web
2026-08-28,u_136,20260828_u_136,feature_click,表格分析,v1,web
2026-08-28,u_138,20260828_u_138,page_view,文案生成,v2,web
2026-08-28,u_138,20260828_u_138,prompt_submit,文案生成,v2,web
2026-08-28,u_140,20260828_u_140,page_view,智能问答,v2,desktop
2026-08-28,u_141,20260828_u_141,page_view,智能问答,v2,web
2026-08-28,u_141,20260828_u_141,prompt_submit,智能问答,v2,web
2026-08-28,u_141,20260828_u_141,generation_success,智能问答,v2,web
2026-08-28,u_141,20260828_u_141,result_adopt,智能问答,v2,web
2026-08-28,u_141,20260828_u_141,feature_click,智能问答,v2,web
2026-08-28,u_142,20260828_u_142,page_view,文案生成,v1,web
2026-08-28,u_142,20260828_u_142,prompt_submit,文案生成,v1,web
2026-08-28,u_142,20260828_u_142,generation_success,文案生成,v1,web
2026-08-28,u_142,20260828_u_142,feature_click,文案生成,v1,web
2026-08-28,u_143,20260828_u_143,page_view,文案生成,v1,desktop
2026-08-28,u_143,20260828_u_143,prompt_submit,文案生成,v1,desktop
2026-08-28,u_143,20260828_u_143,generation_success,文案生成,v1,desktop
2026-08-28,u_143,20260828_u_143,feature_click,文案生成,v1,desktop
2026-08-28,u_145,20260828_u_145,page_view,表格分析,v1,desktop
2026-08-28,u_145,20260828_u_145,prompt_submit,表格分析,v1,desktop
2026-08-28,u_145,20260828_u_145,generation_success,表格分析,v1,desktop
2026-08-28,u_145,20260828_u_145,result_adopt,表格分析,v1,desktop
2026-08-28,u_147,20260828_u_147,page_view,表格分析,v1,web
2026-08-28,u_148,20260828_u_148,page_view,文案生成,v2,desktop
2026-08-28,u_149,20260828_u_149,page_view,表格分析,v2,desktop
2026-08-28,u_150,20260828_u_150,page_view,文案生成,v2,web
2026-08-28,u_150,20260828_u_150,prompt_submit,文案生成,v2,web
2026-08-28,u_150,20260828_u_150,generation_success,文案生成,v2,web
2026-08-28,u_150,20260828_u_150,feature_click,文案生成,v2,web
2026-08-28,u_153,20260828_u_153,page_view,文案生成,v1,desktop
2026-08-28,u_154,20260828_u_154,page_view,文案生成,v1,web
2026-08-28,u_154,20260828_u_154,prompt_submit,文案生成,v1,web
2026-08-28,u_154,20260828_u_154,generation_success,文案生成,v1,web
2026-08-28,u_154,20260828_u_154,feature_click,文案生成,v1,web
2026-08-28,u_155,20260828_u_155,page_view,智能问答,v2,desktop
2026-08-28,u_156,20260828_u_156,page_view,智能问答,v1,web
2026-08-28,u_156,20260828_u_156,prompt_submit,智能问答,v1,web
2026-08-28,u_156,20260828_u_156,generation_success,智能问答,v1,web
2026-08-28,u_156,20260828_u_156,feature_click,智能问答,v1,web
2026-08-28,u_157,20260828_u_157,page_view,表格分析,v2,web
2026-08-28,u_157,20260828_u_157,prompt_submit,表格分析,v2,web
2026-08-28,u_159,20260828_u_159,page_view,智能问答,v1,desktop
2026-08-28,u_159,20260828_u_159,prompt_submit,智能问答,v1,desktop
2026-08-28,u_159,20260828_u_159,generation_success,智能问答,v1,desktop
2026-08-28,u_160,20260828_u_160,page_view,表格分析,v2,desktop
2026-08-28,u_160,20260828_u_160,prompt_submit,表格分析,v2,desktop
2026-08-28,u_160,20260828_u_160,generation_success,表格分析,v2,desktop
2026-08-28,u_160,20260828_u_160,feature_click,表格分析,v2,desktop
2026-08-28,u_161,20260828_u_161,page_view,表格分析,v1,web
2026-08-28,u_161,20260828_u_161,prompt_submit,表格分析,v1,web
2026-08-28,u_161,20260828_u_161,generation_success,表格分析,v1,web
2026-08-28,u_161,20260828_u_161,result_adopt,表格分析,v1,web
2026-08-28,u_162,20260828_u_162,page_view,智能问答,v2,desktop
2026-08-28,u_162,20260828_u_162,prompt_submit,智能问答,v2,desktop
2026-08-28,u_162,20260828_u_162,generation_success,智能问答,v2,desktop
2026-08-28,u_163,20260828_u_163,page_view,智能问答,v2,web
2026-08-28,u_163,20260828_u_163,prompt_submit,智能问答,v2,web
2026-08-28,u_163,20260828_u_163,generation_success,智能问答,v2,web
2026-08-28,u_165,20260828_u_165,page_view,文案生成,v1,desktop
2026-08-28,u_165,20260828_u_165,prompt_submit,文案生成,v1,desktop
2026-08-28,u_166,20260828_u_166,page_view,文案生成,v2,desktop
2026-08-28,u_167,20260828_u_167,page_view,表格分析,v2,desktop
2026-08-28,u_168,20260828_u_168,page_view,表格分析,v1,web
2026-08-28,u_168,20260828_u_168,prompt_submit,表格分析,v1,web
2026-08-28,u_168,20260828_u_168,generation_success,表格分析,v1,web
2026-08-28,u_168,20260828_u_168,result_adopt,表格分析,v1,web
2026-08-28,u_170,20260828_u_170,page_view,文案生成,v1,desktop
2026-08-28,u_171,20260828_u_171,page_view,文案生成,v2,desktop
2026-08-28,u_171,20260828_u_171,prompt_submit,文案生成,v2,desktop
2026-08-28,u_173,20260828_u_173,page_view,表格分析,v1,desktop
2026-08-28,u_175,20260828_u_175,page_view,表格分析,v1,web
2026-08-28,u_175,20260828_u_175,prompt_submit,表格分析,v1,web
2026-08-28,u_175,20260828_u_175,generation_success,表格分析,v1,web
2026-08-28,u_176,20260828_u_176,page_view,智能问答,v2,desktop
2026-08-28,u_176,20260828_u_176,prompt_submit,智能问答,v2,desktop
2026-08-28,u_176,20260828_u_176,generation_success,智能问答,v2,desktop
2026-08-28,u_177,20260828_u_177,page_view,表格分析,v2,web
2026-08-29,u_002,20260829_u_002,page_view,智能问答,v2,web
2026-08-29,u_002,20260829_u_002,prompt_submit,智能问答,v2,web
2026-08-29,u_002,20260829_u_002,generation_success,智能问答,v2,web
2026-08-29,u_003,20260829_u_003,page_view,表格分析,v1,desktop
2026-08-29,u_003,20260829_u_003,prompt_submit,表格分析,v1,desktop
2026-08-29,u_005,20260829_u_005,page_view,文案生成,v1,desktop
2026-08-29,u_005,20260829_u_005,prompt_submit,文案生成,v1,desktop
2026-08-29,u_005,20260829_u_005,generation_success,文案生成,v1,desktop
2026-08-29,u_005,20260829_u_005,result_adopt,文案生成,v1,desktop
2026-08-29,u_005,20260829_u_005,feature_click,文案生成,v1,desktop
2026-08-29,u_008,20260829_u_008,page_view,智能问答,v1,web
2026-08-29,u_008,20260829_u_008,prompt_submit,智能问答,v1,web
2026-08-29,u_008,20260829_u_008,generation_success,智能问答,v1,web
2026-08-29,u_008,20260829_u_008,feature_click,智能问答,v1,web
2026-08-29,u_011,20260829_u_011,page_view,文案生成,v2,desktop
2026-08-29,u_011,20260829_u_011,prompt_submit,文案生成,v2,desktop
2026-08-29,u_011,20260829_u_011,generation_success,文案生成,v2,desktop
2026-08-29,u_013,20260829_u_013,page_view,智能问答,v2,desktop
2026-08-29,u_014,20260829_u_014,page_view,文案生成,v2,desktop
2026-08-29,u_014,20260829_u_014,prompt_submit,文案生成,v2,desktop
2026-08-29,u_014,20260829_u_014,generation_success,文案生成,v2,desktop
2026-08-29,u_017,20260829_u_017,page_view,文案生成,v1,web
2026-08-29,u_017,20260829_u_017,prompt_submit,文案生成,v1,web
2026-08-29,u_019,20260829_u_019,page_view,文案生成,v1,desktop
2026-08-29,u_019,20260829_u_019,prompt_submit,文案生成,v1,desktop
2026-08-29,u_019,20260829_u_019,generation_success,文案生成,v1,desktop
2026-08-29,u_019,20260829_u_019,feature_click,文案生成,v1,desktop
2026-08-29,u_020,20260829_u_020,page_view,文案生成,v2,desktop
2026-08-29,u_020,20260829_u_020,prompt_submit,文案生成,v2,desktop
2026-08-29,u_020,20260829_u_020,generation_success,文案生成,v2,desktop
2026-08-29,u_020,20260829_u_020,result_adopt,文案生成,v2,desktop
2026-08-29,u_021,20260829_u_021,page_view,智能问答,v2,desktop
2026-08-29,u_021,20260829_u_021,prompt_submit,智能问答,v2,desktop
2026-08-29,u_021,20260829_u_021,generation_success,智能问答,v2,desktop
2026-08-29,u_021,20260829_u_021,result_adopt,智能问答,v2,desktop
2026-08-29,u_021,20260829_u_021,feature_click,智能问答,v2,desktop
2026-08-29,u_022,20260829_u_022,page_view,表格分析,v1,desktop
2026-08-29,u_022,20260829_u_022,prompt_submit,表格分析,v1,desktop
2026-08-29,u_022,20260829_u_022,generation_success,表格分析,v1,desktop
2026-08-29,u_022,20260829_u_022,feature_click,表格分析,v1,desktop
2026-08-29,u_023,20260829_u_023,page_view,表格分析,v2,desktop
2026-08-29,u_024,20260829_u_024,page_view,表格分析,v1,web
2026-08-29,u_024,20260829_u_024,prompt_submit,表格分析,v1,web
2026-08-29,u_024,20260829_u_024,generation_success,表格分析,v1,web
2026-08-29,u_024,20260829_u_024,result_adopt,表格分析,v1,web
2026-08-29,u_025,20260829_u_025,page_view,文案生成,v1,web
2026-08-29,u_026,20260829_u_026,page_view,文案生成,v2,desktop
2026-08-29,u_026,20260829_u_026,prompt_submit,文案生成,v2,desktop
2026-08-29,u_026,20260829_u_026,generation_success,文案生成,v2,desktop
2026-08-29,u_026,20260829_u_026,result_adopt,文案生成,v2,desktop
2026-08-29,u_027,20260829_u_027,page_view,表格分析,v2,desktop
2026-08-29,u_027,20260829_u_027,prompt_submit,表格分析,v2,desktop
2026-08-29,u_027,20260829_u_027,generation_success,表格分析,v2,desktop
2026-08-29,u_027,20260829_u_027,feature_click,表格分析,v2,desktop
2026-08-29,u_029,20260829_u_029,page_view,文案生成,v2,web
2026-08-29,u_029,20260829_u_029,prompt_submit,文案生成,v2,web
2026-08-29,u_029,20260829_u_029,generation_success,文案生成,v2,web
2026-08-29,u_029,20260829_u_029,result_adopt,文案生成,v2,web
2026-08-29,u_030,20260829_u_030,page_view,智能问答,v2,desktop
2026-08-29,u_030,20260829_u_030,prompt_submit,智能问答,v2,desktop
2026-08-29,u_030,20260829_u_030,generation_success,智能问答,v2,desktop
2026-08-29,u_031,20260829_u_031,page_view,表格分析,v1,desktop
2026-08-29,u_031,20260829_u_031,prompt_submit,表格分析,v1,desktop
2026-08-29,u_031,20260829_u_031,generation_success,表格分析,v1,desktop
2026-08-29,u_031,20260829_u_031,feature_click,表格分析,v1,desktop
2026-08-29,u_032,20260829_u_032,page_view,表格分析,v1,web
2026-08-29,u_032,20260829_u_032,prompt_submit,表格分析,v1,web
2026-08-29,u_032,20260829_u_032,generation_success,表格分析,v1,web
2026-08-29,u_032,20260829_u_032,result_adopt,表格分析,v1,web
2026-08-29,u_032,20260829_u_032,feature_click,表格分析,v1,web
2026-08-29,u_033,20260829_u_033,page_view,表格分析,v2,web
2026-08-29,u_033,20260829_u_033,prompt_submit,表格分析,v2,web
2026-08-29,u_033,20260829_u_033,generation_success,表格分析,v2,web
2026-08-29,u_033,20260829_u_033,result_adopt,表格分析,v2,web
2026-08-29,u_034,20260829_u_034,page_view,文案生成,v2,desktop
2026-08-29,u_035,20260829_u_035,page_view,智能问答,v1,desktop
2026-08-29,u_035,20260829_u_035,prompt_submit,智能问答,v1,desktop
2026-08-29,u_035,20260829_u_035,generation_success,智能问答,v1,desktop
2026-08-29,u_035,20260829_u_035,result_adopt,智能问答,v1,desktop
2026-08-29,u_035,20260829_u_035,feature_click,智能问答,v1,desktop
2026-08-29,u_037,20260829_u_037,page_view,智能问答,v2,desktop
2026-08-29,u_037,20260829_u_037,prompt_submit,智能问答,v2,desktop
2026-08-29,u_037,20260829_u_037,generation_success,智能问答,v2,desktop
2026-08-29,u_037,20260829_u_037,result_adopt,智能问答,v2,desktop
2026-08-29,u_039,20260829_u_039,page_view,文案生成,v2,web
2026-08-29,u_040,20260829_u_040,page_view,文案生成,v2,web
2026-08-29,u_040,20260829_u_040,prompt_submit,文案生成,v2,web
2026-08-29,u_040,20260829_u_040,generation_success,文案生成,v2,web
2026-08-29,u_041,20260829_u_041,page_view,智能问答,v1,desktop
2026-08-29,u_042,20260829_u_042,page_view,表格分析,v2,web
2026-08-29,u_042,20260829_u_042,prompt_submit,表格分析,v2,web
2026-08-29,u_042,20260829_u_042,generation_success,表格分析,v2,web
2026-08-29,u_042,20260829_u_042,result_adopt,表格分析,v2,web
2026-08-29,u_045,20260829_u_045,page_view,文案生成,v2,desktop
2026-08-29,u_045,20260829_u_045,prompt_submit,文案生成,v2,desktop
2026-08-29,u_045,20260829_u_045,generation_success,文案生成,v2,desktop
2026-08-29,u_045,20260829_u_045,result_adopt,文案生成,v2,desktop
2026-08-29,u_045,20260829_u_045,feature_click,文案生成,v2,desktop
2026-08-29,u_047,20260829_u_047,page_view,表格分析,v1,web
2026-08-29,u_047,20260829_u_047,prompt_submit,表格分析,v1,web
2026-08-29,u_047,20260829_u_047,generation_success,表格分析,v1,web
2026-08-29,u_047,20260829_u_047,result_adopt,表格分析,v1,web
2026-08-29,u_049,20260829_u_049,page_view,文案生成,v1,desktop
2026-08-29,u_049,20260829_u_049,prompt_submit,文案生成,v1,desktop
2026-08-29,u_057,20260829_u_057,page_view,表格分析,v2,web
2026-08-29,u_057,20260829_u_057,prompt_submit,表格分析,v2,web
2026-08-29,u_057,20260829_u_057,generation_success,表格分析,v2,web
2026-08-29,u_057,20260829_u_057,result_adopt,表格分析,v2,web
2026-08-29,u_058,20260829_u_058,page_view,智能问答,v2,web
2026-08-29,u_058,20260829_u_058,prompt_submit,智能问答,v2,web
2026-08-29,u_058,20260829_u_058,generation_success,智能问答,v2,web
2026-08-29,u_058,20260829_u_058,result_adopt,智能问答,v2,web
2026-08-29,u_058,20260829_u_058,feature_click,智能问答,v2,web
2026-08-29,u_059,20260829_u_059,page_view,文案生成,v1,desktop
2026-08-29,u_059,20260829_u_059,prompt_submit,文案生成,v1,desktop
2026-08-29,u_059,20260829_u_059,generation_success,文案生成,v1,desktop
2026-08-29,u_059,20260829_u_059,result_adopt,文案生成,v1,desktop
2026-08-29,u_059,20260829_u_059,feature_click,文案生成,v1,desktop
2026-08-29,u_061,20260829_u_061,page_view,表格分析,v2,web
2026-08-29,u_061,20260829_u_061,prompt_submit,表格分析,v2,web
2026-08-29,u_061,20260829_u_061,generation_success,表格分析,v2,web
2026-08-29,u_061,20260829_u_061,result_adopt,表格分析,v2,web
2026-08-29,u_061,20260829_u_061,feature_click,表格分析,v2,web
2026-08-29,u_064,20260829_u_064,page_view,表格分析,v2,desktop
2026-08-29,u_064,20260829_u_064,prompt_submit,表格分析,v2,desktop
2026-08-29,u_064,20260829_u_064,generation_success,表格分析,v2,desktop
2026-08-29,u_064,20260829_u_064,feature_click,表格分析,v2,desktop
2026-08-29,u_066,20260829_u_066,page_view,表格分析,v1,desktop
2026-08-29,u_069,20260829_u_069,page_view,智能问答,v1,web
2026-08-29,u_069,20260829_u_069,prompt_submit,智能问答,v1,web
2026-08-29,u_069,20260829_u_069,generation_success,智能问答,v1,web
2026-08-29,u_069,20260829_u_069,result_adopt,智能问答,v1,web
2026-08-29,u_069,20260829_u_069,feature_click,智能问答,v1,web
2026-08-29,u_070,20260829_u_070,page_view,文案生成,v2,web
2026-08-29,u_070,20260829_u_070,prompt_submit,文案生成,v2,web
2026-08-29,u_070,20260829_u_070,generation_success,文案生成,v2,web
2026-08-29,u_070,20260829_u_070,feature_click,文案生成,v2,web
2026-08-29,u_071,20260829_u_071,page_view,智能问答,v2,web
2026-08-29,u_071,20260829_u_071,prompt_submit,智能问答,v2,web
2026-08-29,u_073,20260829_u_073,page_view,文案生成,v2,desktop
2026-08-29,u_073,20260829_u_073,prompt_submit,文案生成,v2,desktop
2026-08-29,u_073,20260829_u_073,generation_success,文案生成,v2,desktop
2026-08-29,u_073,20260829_u_073,result_adopt,文案生成,v2,desktop
2026-08-29,u_075,20260829_u_075,page_view,智能问答,v1,web
2026-08-29,u_075,20260829_u_075,prompt_submit,智能问答,v1,web
2026-08-29,u_075,20260829_u_075,generation_success,智能问答,v1,web
2026-08-29,u_075,20260829_u_075,feature_click,智能问答,v1,web
2026-08-29,u_077,20260829_u_077,page_view,智能问答,v2,web
2026-08-29,u_078,20260829_u_078,page_view,文案生成,v2,web
2026-08-29,u_078,20260829_u_078,prompt_submit,文案生成,v2,web
2026-08-29,u_078,20260829_u_078,generation_success,文案生成,v2,web
2026-08-29,u_078,20260829_u_078,feature_click,文案生成,v2,web
2026-08-29,u_079,20260829_u_079,page_view,智能问答,v2,desktop
2026-08-29,u_079,20260829_u_079,prompt_submit,智能问答,v2,desktop
2026-08-29,u_079,20260829_u_079,generation_success,智能问答,v2,desktop
2026-08-29,u_079,20260829_u_079,feature_click,智能问答,v2,desktop
2026-08-29,u_081,20260829_u_081,page_view,智能问答,v1,desktop
2026-08-29,u_081,20260829_u_081,prompt_submit,智能问答,v1,desktop
2026-08-29,u_081,20260829_u_081,generation_success,智能问答,v1,desktop
2026-08-29,u_081,20260829_u_081,feature_click,智能问答,v1,desktop
2026-08-29,u_084,20260829_u_084,page_view,表格分析,v1,web
2026-08-29,u_084,20260829_u_084,prompt_submit,表格分析,v1,web
2026-08-29,u_084,20260829_u_084,generation_success,表格分析,v1,web
2026-08-29,u_084,20260829_u_084,result_adopt,表格分析,v1,web
2026-08-29,u_084,20260829_u_084,feature_click,表格分析,v1,web
2026-08-29,u_086,20260829_u_086,page_view,文案生成,v2,web
2026-08-29,u_086,20260829_u_086,prompt_submit,文案生成,v2,web
2026-08-29,u_086,20260829_u_086,generation_success,文案生成,v2,web
2026-08-29,u_086,20260829_u_086,result_adopt,文案生成,v2,web
2026-08-29,u_088,20260829_u_088,page_view,表格分析,v2,desktop
2026-08-29,u_088,20260829_u_088,prompt_submit,表格分析,v2,desktop
2026-08-29,u_088,20260829_u_088,generation_success,表格分析,v2,desktop
2026-08-29,u_088,20260829_u_088,result_adopt,表格分析,v2,desktop
2026-08-29,u_088,20260829_u_088,feature_click,表格分析,v2,desktop
2026-08-29,u_089,20260829_u_089,page_view,智能问答,v1,web
2026-08-29,u_089,20260829_u_089,prompt_submit,智能问答,v1,web
2026-08-29,u_089,20260829_u_089,generation_success,智能问答,v1,web
2026-08-29,u_092,20260829_u_092,page_view,智能问答,v2,desktop
2026-08-29,u_093,20260829_u_093,page_view,文案生成,v1,web
2026-08-29,u_093,20260829_u_093,prompt_submit,文案生成,v1,web
2026-08-29,u_093,20260829_u_093,generation_success,文案生成,v1,web
2026-08-29,u_093,20260829_u_093,result_adopt,文案生成,v1,web
2026-08-29,u_093,20260829_u_093,feature_click,文案生成,v1,web
2026-08-29,u_095,20260829_u_095,page_view,智能问答,v2,desktop
2026-08-29,u_095,20260829_u_095,prompt_submit,智能问答,v2,desktop
2026-08-29,u_095,20260829_u_095,generation_success,智能问答,v2,desktop
2026-08-29,u_095,20260829_u_095,result_adopt,智能问答,v2,desktop
2026-08-29,u_095,20260829_u_095,feature_click,智能问答,v2,desktop
2026-08-29,u_096,20260829_u_096,page_view,文案生成,v2,web
2026-08-29,u_096,20260829_u_096,prompt_submit,文案生成,v2,web
2026-08-29,u_096,20260829_u_096,generation_success,文案生成,v2,web
2026-08-29,u_100,20260829_u_100,page_view,智能问答,v2,desktop
2026-08-29,u_100,20260829_u_100,prompt_submit,智能问答,v2,desktop
2026-08-29,u_100,20260829_u_100,generation_success,智能问答,v2,desktop
2026-08-29,u_100,20260829_u_100,result_adopt,智能问答,v2,desktop
2026-08-29,u_100,20260829_u_100,feature_click,智能问答,v2,desktop
2026-08-29,u_101,20260829_u_101,page_view,文案生成,v2,desktop
2026-08-29,u_101,20260829_u_101,prompt_submit,文案生成,v2,desktop
2026-08-29,u_101,20260829_u_101,generation_success,文案生成,v2,desktop
2026-08-29,u_101,20260829_u_101,feature_click,文案生成,v2,desktop
2026-08-29,u_102,20260829_u_102,page_view,文案生成,v2,desktop
2026-08-29,u_102,20260829_u_102,prompt_submit,文案生成,v2,desktop
2026-08-29,u_102,20260829_u_102,generation_success,文案生成,v2,desktop
2026-08-29,u_107,20260829_u_107,page_view,文案生成,v2,desktop
2026-08-29,u_107,20260829_u_107,prompt_submit,文案生成,v2,desktop
2026-08-29,u_107,20260829_u_107,generation_success,文案生成,v2,desktop
2026-08-29,u_108,20260829_u_108,page_view,文案生成,v2,web
2026-08-29,u_108,20260829_u_108,prompt_submit,文案生成,v2,web
2026-08-29,u_108,20260829_u_108,generation_success,文案生成,v2,web
2026-08-29,u_108,20260829_u_108,feature_click,文案生成,v2,web
2026-08-29,u_111,20260829_u_111,page_view,文案生成,v1,desktop
2026-08-29,u_113,20260829_u_113,page_view,表格分析,v1,desktop
2026-08-29,u_113,20260829_u_113,prompt_submit,表格分析,v1,desktop
2026-08-29,u_113,20260829_u_113,generation_success,表格分析,v1,desktop
2026-08-29,u_114,20260829_u_114,page_view,表格分析,v2,web
2026-08-29,u_114,20260829_u_114,prompt_submit,表格分析,v2,web
2026-08-29,u_114,20260829_u_114,generation_success,表格分析,v2,web
2026-08-29,u_114,20260829_u_114,feature_click,表格分析,v2,web
2026-08-29,u_115,20260829_u_115,page_view,表格分析,v2,web
2026-08-29,u_115,20260829_u_115,prompt_submit,表格分析,v2,web
2026-08-29,u_115,20260829_u_115,generation_success,表格分析,v2,web
2026-08-29,u_117,20260829_u_117,page_view,文案生成,v1,desktop
2026-08-29,u_117,20260829_u_117,prompt_submit,文案生成,v1,desktop
2026-08-29,u_120,20260829_u_120,page_view,智能问答,v1,web
2026-08-29,u_120,20260829_u_120,prompt_submit,智能问答,v1,web
2026-08-29,u_120,20260829_u_120,generation_success,智能问答,v1,web
2026-08-29,u_120,20260829_u_120,result_adopt,智能问答,v1,web
2026-08-29,u_120,20260829_u_120,feature_click,智能问答,v1,web
2026-08-29,u_121,20260829_u_121,page_view,文案生成,v2,desktop
2026-08-29,u_121,20260829_u_121,prompt_submit,文案生成,v2,desktop
2026-08-29,u_121,20260829_u_121,generation_success,文案生成,v2,desktop
2026-08-29,u_121,20260829_u_121,result_adopt,文案生成,v2,desktop
2026-08-29,u_121,20260829_u_121,feature_click,文案生成,v2,desktop
2026-08-29,u_122,20260829_u_122,page_view,表格分析,v1,desktop
2026-08-29,u_124,20260829_u_124,page_view,表格分析,v2,web
2026-08-29,u_124,20260829_u_124,prompt_submit,表格分析,v2,web
2026-08-29,u_124,20260829_u_124,generation_success,表格分析,v2,web
2026-08-29,u_124,20260829_u_124,result_adopt,表格分析,v2,web
2026-08-29,u_125,20260829_u_125,page_view,智能问答,v2,web
2026-08-29,u_126,20260829_u_126,page_view,文案生成,v1,desktop
2026-08-29,u_126,20260829_u_126,prompt_submit,文案生成,v1,desktop
2026-08-29,u_126,20260829_u_126,generation_success,文案生成,v1,desktop
2026-08-29,u_126,20260829_u_126,result_adopt,文案生成,v1,desktop
2026-08-29,u_127,20260829_u_127,page_view,文案生成,v2,web
2026-08-29,u_127,20260829_u_127,prompt_submit,文案生成,v2,web
2026-08-29,u_127,20260829_u_127,generation_success,文案生成,v2,web
2026-08-29,u_127,20260829_u_127,result_adopt,文案生成,v2,web
2026-08-29,u_127,20260829_u_127,feature_click,文案生成,v2,web
2026-08-29,u_130,20260829_u_130,page_view,智能问答,v1,web
2026-08-29,u_130,20260829_u_130,prompt_submit,智能问答,v1,web
2026-08-29,u_130,20260829_u_130,generation_success,智能问答,v1,web
2026-08-29,u_130,20260829_u_130,result_adopt,智能问答,v1,web
2026-08-29,u_131,20260829_u_131,page_view,文案生成,v1,desktop
2026-08-29,u_131,20260829_u_131,prompt_submit,文案生成,v1,desktop
2026-08-29,u_131,20260829_u_131,generation_success,文案生成,v1,desktop
2026-08-29,u_132,20260829_u_132,page_view,表格分析,v2,web
2026-08-29,u_133,20260829_u_133,page_view,表格分析,v1,desktop
2026-08-29,u_133,20260829_u_133,prompt_submit,表格分析,v1,desktop
2026-08-29,u_133,20260829_u_133,generation_success,表格分析,v1,desktop
2026-08-29,u_133,20260829_u_133,result_adopt,表格分析,v1,desktop
2026-08-29,u_134,20260829_u_134,page_view,表格分析,v1,desktop
2026-08-29,u_135,20260829_u_135,page_view,文案生成,v1,web
2026-08-29,u_135,20260829_u_135,prompt_submit,文案生成,v1,web
2026-08-29,u_135,20260829_u_135,generation_success,文案生成,v1,web
2026-08-29,u_135,20260829_u_135,result_adopt,文案生成,v1,web
2026-08-29,u_135,20260829_u_135,feature_click,文案生成,v1,web
2026-08-29,u_136,20260829_u_136,page_view,表格分析,v2,web
2026-08-29,u_136,20260829_u_136,prompt_submit,表格分析,v2,web
2026-08-29,u_136,20260829_u_136,generation_success,表格分析,v2,web
2026-08-29,u_136,20260829_u_136,feature_click,表格分析,v2,web
2026-08-29,u_138,20260829_u_138,page_view,智能问答,v2,desktop
2026-08-29,u_138,20260829_u_138,prompt_submit,智能问答,v2,desktop
2026-08-29,u_138,20260829_u_138,generation_success,智能问答,v2,desktop
2026-08-29,u_138,20260829_u_138,feature_click,智能问答,v2,desktop
2026-08-29,u_139,20260829_u_139,page_view,表格分析,v1,web
2026-08-29,u_140,20260829_u_140,page_view,文案生成,v1,desktop
2026-08-29,u_140,20260829_u_140,prompt_submit,文案生成,v1,desktop
2026-08-29,u_140,20260829_u_140,generation_success,文案生成,v1,desktop
2026-08-29,u_140,20260829_u_140,feature_click,文案生成,v1,desktop
2026-08-29,u_142,20260829_u_142,page_view,表格分析,v1,desktop
2026-08-29,u_142,20260829_u_142,prompt_submit,表格分析,v1,desktop
2026-08-29,u_142,20260829_u_142,generation_success,表格分析,v1,desktop
2026-08-29,u_142,20260829_u_142,feature_click,表格分析,v1,desktop
2026-08-29,u_143,20260829_u_143,page_view,表格分析,v2,desktop
2026-08-29,u_143,20260829_u_143,prompt_submit,表格分析,v2,desktop
2026-08-29,u_144,20260829_u_144,page_view,智能问答,v1,web
2026-08-29,u_145,20260829_u_145,page_view,文案生成,v1,desktop
2026-08-29,u_145,20260829_u_145,prompt_submit,文案生成,v1,desktop
2026-08-29,u_145,20260829_u_145,generation_success,文案生成,v1,desktop
2026-08-29,u_145,20260829_u_145,result_adopt,文案生成,v1,desktop
2026-08-29,u_145,20260829_u_145,feature_click,文案生成,v1,desktop
2026-08-29,u_146,20260829_u_146,page_view,表格分析,v1,desktop
2026-08-29,u_146,20260829_u_146,prompt_submit,表格分析,v1,desktop
2026-08-29,u_146,20260829_u_146,generation_success,表格分析,v1,desktop
2026-08-29,u_146,20260829_u_146,feature_click,表格分析,v1,desktop
2026-08-29,u_147,20260829_u_147,page_view,智能问答,v1,desktop
2026-08-29,u_147,20260829_u_147,prompt_submit,智能问答,v1,desktop
2026-08-29,u_147,20260829_u_147,generation_success,智能问答,v1,desktop
2026-08-29,u_147,20260829_u_147,result_adopt,智能问答,v1,desktop
2026-08-29,u_148,20260829_u_148,page_view,智能问答,v2,web
2026-08-29,u_148,20260829_u_148,prompt_submit,智能问答,v2,web
2026-08-29,u_148,20260829_u_148,generation_success,智能问答,v2,web
2026-08-29,u_148,20260829_u_148,result_adopt,智能问答,v2,web
2026-08-29,u_148,20260829_u_148,feature_click,智能问答,v2,web
2026-08-29,u_149,20260829_u_149,page_view,表格分析,v2,desktop
2026-08-29,u_149,20260829_u_149,prompt_submit,表格分析,v2,desktop
2026-08-29,u_149,20260829_u_149,generation_success,表格分析,v2,desktop
2026-08-29,u_149,20260829_u_149,result_adopt,表格分析,v2,desktop
2026-08-29,u_149,20260829_u_149,feature_click,表格分析,v2,desktop
2026-08-29,u_150,20260829_u_150,page_view,文案生成,v1,desktop
2026-08-29,u_150,20260829_u_150,prompt_submit,文案生成,v1,desktop
2026-08-29,u_150,20260829_u_150,generation_success,文案生成,v1,desktop
2026-08-29,u_150,20260829_u_150,result_adopt,文案生成,v1,desktop
2026-08-29,u_150,20260829_u_150,feature_click,文案生成,v1,desktop
2026-08-29,u_152,20260829_u_152,page_view,表格分析,v2,web
2026-08-29,u_152,20260829_u_152,prompt_submit,表格分析,v2,web
2026-08-29,u_152,20260829_u_152,generation_success,表格分析,v2,web
2026-08-29,u_152,20260829_u_152,result_adopt,表格分析,v2,web
2026-08-29,u_152,20260829_u_152,feature_click,表格分析,v2,web
2026-08-29,u_153,20260829_u_153,page_view,文案生成,v2,desktop
2026-08-29,u_153,20260829_u_153,prompt_submit,文案生成,v2,desktop
2026-08-29,u_153,20260829_u_153,generation_success,文案生成,v2,desktop
2026-08-29,u_154,20260829_u_154,page_view,表格分析,v2,desktop
2026-08-29,u_155,20260829_u_155,page_view,文案生成,v2,web
2026-08-29,u_155,20260829_u_155,prompt_submit,文案生成,v2,web
2026-08-29,u_155,20260829_u_155,generation_success,文案生成,v2,web
2026-08-29,u_158,20260829_u_158,page_view,表格分析,v2,desktop
2026-08-29,u_159,20260829_u_159,page_view,智能问答,v1,desktop
2026-08-29,u_161,20260829_u_161,page_view,表格分析,v2,desktop
2026-08-29,u_161,20260829_u_161,prompt_submit,表格分析,v2,desktop
2026-08-29,u_161,20260829_u_161,generation_success,表格分析,v2,desktop
2026-08-29,u_161,20260829_u_161,result_adopt,表格分析,v2,desktop
2026-08-29,u_163,20260829_u_163,page_view,智能问答,v2,desktop
2026-08-29,u_163,20260829_u_163,prompt_submit,智能问答,v2,desktop
2026-08-29,u_165,20260829_u_165,page_view,表格分析,v2,desktop
2026-08-29,u_169,20260829_u_169,page_view,智能问答,v1,web
2026-08-29,u_172,20260829_u_172,page_view,表格分析,v2,desktop
2026-08-29,u_172,20260829_u_172,prompt_submit,表格分析,v2,desktop
2026-08-29,u_172,20260829_u_172,generation_success,表格分析,v2,desktop
2026-08-29,u_172,20260829_u_172,feature_click,表格分析,v2,desktop
2026-08-29,u_173,20260829_u_173,page_view,智能问答,v1,web
2026-08-29,u_173,20260829_u_173,prompt_submit,智能问答,v1,web
2026-08-29,u_173,20260829_u_173,generation_success,智能问答,v1,web
2026-08-29,u_173,20260829_u_173,result_adopt,智能问答,v1,web
2026-08-29,u_173,20260829_u_173,feature_click,智能问答,v1,web
2026-08-29,u_174,20260829_u_174,page_view,智能问答,v1,desktop
2026-08-29,u_174,20260829_u_174,prompt_submit,智能问答,v1,desktop
2026-08-29,u_174,20260829_u_174,generation_success,智能问答,v1,desktop
2026-08-29,u_178,20260829_u_178,page_view,智能问答,v2,desktop
2026-08-29,u_178,20260829_u_178,prompt_submit,智能问答,v2,desktop
2026-08-29,u_178,20260829_u_178,generation_success,智能问答,v2,desktop
2026-08-29,u_178,20260829_u_178,result_adopt,智能问答,v2,desktop
2026-08-29,u_178,20260829_u_178,feature_click,智能问答,v2,desktop
2026-08-29,u_180,20260829_u_180,page_view,智能问答,v2,web
2026-08-30,u_001,20260830_u_001,page_view,表格分析,v1,web
2026-08-30,u_001,20260830_u_001,prompt_submit,表格分析,v1,web
2026-08-30,u_001,20260830_u_001,generation_success,表格分析,v1,web
2026-08-30,u_001,20260830_u_001,result_adopt,表格分析,v1,web
2026-08-30,u_001,20260830_u_001,feature_click,表格分析,v1,web
2026-08-30,u_002,20260830_u_002,page_view,文案生成,v1,web
2026-08-30,u_002,20260830_u_002,prompt_submit,文案生成,v1,web
2026-08-30,u_002,20260830_u_002,generation_success,文案生成,v1,web
2026-08-30,u_005,20260830_u_005,page_view,文案生成,v1,desktop
2026-08-30,u_006,20260830_u_006,page_view,表格分析,v2,web
2026-08-30,u_007,20260830_u_007,page_view,智能问答,v1,web
2026-08-30,u_008,20260830_u_008,page_view,智能问答,v1,desktop
2026-08-30,u_009,20260830_u_009,page_view,文案生成,v1,desktop
2026-08-30,u_011,20260830_u_011,page_view,表格分析,v2,web
2026-08-30,u_011,20260830_u_011,prompt_submit,表格分析,v2,web
2026-08-30,u_011,20260830_u_011,generation_success,表格分析,v2,web
2026-08-30,u_011,20260830_u_011,feature_click,表格分析,v2,web
2026-08-30,u_013,20260830_u_013,page_view,文案生成,v1,web
2026-08-30,u_013,20260830_u_013,prompt_submit,文案生成,v1,web
2026-08-30,u_014,20260830_u_014,page_view,文案生成,v1,web
2026-08-30,u_014,20260830_u_014,prompt_submit,文案生成,v1,web
2026-08-30,u_014,20260830_u_014,generation_success,文案生成,v1,web
2026-08-30,u_014,20260830_u_014,feature_click,文案生成,v1,web
2026-08-30,u_016,20260830_u_016,page_view,智能问答,v1,web
2026-08-30,u_017,20260830_u_017,page_view,文案生成,v1,desktop
2026-08-30,u_017,20260830_u_017,prompt_submit,文案生成,v1,desktop
2026-08-30,u_017,20260830_u_017,generation_success,文案生成,v1,desktop
2026-08-30,u_017,20260830_u_017,result_adopt,文案生成,v1,desktop
2026-08-30,u_018,20260830_u_018,page_view,表格分析,v1,web
2026-08-30,u_018,20260830_u_018,prompt_submit,表格分析,v1,web
2026-08-30,u_018,20260830_u_018,generation_success,表格分析,v1,web
2026-08-30,u_020,20260830_u_020,page_view,智能问答,v1,web
2026-08-30,u_020,20260830_u_020,prompt_submit,智能问答,v1,web
2026-08-30,u_020,20260830_u_020,generation_success,智能问答,v1,web
2026-08-30,u_020,20260830_u_020,feature_click,智能问答,v1,web
2026-08-30,u_024,20260830_u_024,page_view,智能问答,v1,web
2026-08-30,u_024,20260830_u_024,prompt_submit,智能问答,v1,web
2026-08-30,u_024,20260830_u_024,generation_success,智能问答,v1,web
2026-08-30,u_024,20260830_u_024,result_adopt,智能问答,v1,web
2026-08-30,u_024,20260830_u_024,feature_click,智能问答,v1,web
2026-08-30,u_025,20260830_u_025,page_view,智能问答,v1,web
2026-08-30,u_027,20260830_u_027,page_view,文案生成,v1,web
2026-08-30,u_027,20260830_u_027,prompt_submit,文案生成,v1,web
2026-08-30,u_027,20260830_u_027,generation_success,文案生成,v1,web
2026-08-30,u_029,20260830_u_029,page_view,表格分析,v2,desktop
2026-08-30,u_029,20260830_u_029,prompt_submit,表格分析,v2,desktop
2026-08-30,u_030,20260830_u_030,page_view,智能问答,v1,web
2026-08-30,u_032,20260830_u_032,page_view,文案生成,v1,desktop
2026-08-30,u_032,20260830_u_032,prompt_submit,文案生成,v1,desktop
2026-08-30,u_032,20260830_u_032,generation_success,文案生成,v1,desktop
2026-08-30,u_032,20260830_u_032,feature_click,文案生成,v1,desktop
2026-08-30,u_033,20260830_u_033,page_view,文案生成,v2,desktop
2026-08-30,u_034,20260830_u_034,page_view,智能问答,v1,web
2026-08-30,u_034,20260830_u_034,prompt_submit,智能问答,v1,web
2026-08-30,u_034,20260830_u_034,generation_success,智能问答,v1,web
2026-08-30,u_034,20260830_u_034,feature_click,智能问答,v1,web
2026-08-30,u_035,20260830_u_035,page_view,智能问答,v2,web
2026-08-30,u_035,20260830_u_035,prompt_submit,智能问答,v2,web
2026-08-30,u_035,20260830_u_035,generation_success,智能问答,v2,web
2026-08-30,u_036,20260830_u_036,page_view,智能问答,v1,desktop
2026-08-30,u_036,20260830_u_036,prompt_submit,智能问答,v1,desktop
2026-08-30,u_036,20260830_u_036,generation_success,智能问答,v1,desktop
2026-08-30,u_036,20260830_u_036,feature_click,智能问答,v1,desktop
2026-08-30,u_038,20260830_u_038,page_view,智能问答,v1,desktop
2026-08-30,u_038,20260830_u_038,prompt_submit,智能问答,v1,desktop
2026-08-30,u_039,20260830_u_039,page_view,表格分析,v2,web
2026-08-30,u_039,20260830_u_039,prompt_submit,表格分析,v2,web
2026-08-30,u_039,20260830_u_039,generation_success,表格分析,v2,web
2026-08-30,u_039,20260830_u_039,feature_click,表格分析,v2,web
2026-08-30,u_040,20260830_u_040,page_view,表格分析,v2,web
2026-08-30,u_040,20260830_u_040,prompt_submit,表格分析,v2,web
2026-08-30,u_040,20260830_u_040,generation_success,表格分析,v2,web
2026-08-30,u_040,20260830_u_040,feature_click,表格分析,v2,web
2026-08-30,u_041,20260830_u_041,page_view,文案生成,v2,desktop
2026-08-30,u_042,20260830_u_042,page_view,智能问答,v2,web
2026-08-30,u_042,20260830_u_042,prompt_submit,智能问答,v2,web
2026-08-30,u_042,20260830_u_042,generation_success,智能问答,v2,web
2026-08-30,u_042,20260830_u_042,result_adopt,智能问答,v2,web
2026-08-30,u_044,20260830_u_044,page_view,文案生成,v2,web
2026-08-30,u_044,20260830_u_044,prompt_submit,文案生成,v2,web
2026-08-30,u_044,20260830_u_044,generation_success,文案生成,v2,web
2026-08-30,u_044,20260830_u_044,result_adopt,文案生成,v2,web
2026-08-30,u_045,20260830_u_045,page_view,表格分析,v1,desktop
2026-08-30,u_045,20260830_u_045,prompt_submit,表格分析,v1,desktop
2026-08-30,u_045,20260830_u_045,generation_success,表格分析,v1,desktop
2026-08-30,u_045,20260830_u_045,feature_click,表格分析,v1,desktop
2026-08-30,u_046,20260830_u_046,page_view,文案生成,v1,desktop
2026-08-30,u_046,20260830_u_046,prompt_submit,文案生成,v1,desktop
2026-08-30,u_046,20260830_u_046,generation_success,文案生成,v1,desktop
2026-08-30,u_046,20260830_u_046,result_adopt,文案生成,v1,desktop
2026-08-30,u_047,20260830_u_047,page_view,智能问答,v2,desktop
2026-08-30,u_047,20260830_u_047,prompt_submit,智能问答,v2,desktop
2026-08-30,u_047,20260830_u_047,generation_success,智能问答,v2,desktop
2026-08-30,u_047,20260830_u_047,feature_click,智能问答,v2,desktop
2026-08-30,u_049,20260830_u_049,page_view,表格分析,v1,desktop
2026-08-30,u_052,20260830_u_052,page_view,智能问答,v2,web
2026-08-30,u_052,20260830_u_052,prompt_submit,智能问答,v2,web
2026-08-30,u_052,20260830_u_052,generation_success,智能问答,v2,web
2026-08-30,u_053,20260830_u_053,page_view,表格分析,v2,desktop
2026-08-30,u_054,20260830_u_054,page_view,文案生成,v2,desktop
2026-08-30,u_054,20260830_u_054,prompt_submit,文案生成,v2,desktop
2026-08-30,u_054,20260830_u_054,generation_success,文案生成,v2,desktop
2026-08-30,u_054,20260830_u_054,result_adopt,文案生成,v2,desktop
2026-08-30,u_056,20260830_u_056,page_view,文案生成,v1,desktop
2026-08-30,u_057,20260830_u_057,page_view,文案生成,v1,desktop
2026-08-30,u_057,20260830_u_057,prompt_submit,文案生成,v1,desktop
2026-08-30,u_057,20260830_u_057,generation_success,文案生成,v1,desktop
2026-08-30,u_057,20260830_u_057,result_adopt,文案生成,v1,desktop
2026-08-30,u_058,20260830_u_058,page_view,文案生成,v2,web
2026-08-30,u_058,20260830_u_058,prompt_submit,文案生成,v2,web
2026-08-30,u_058,20260830_u_058,generation_success,文案生成,v2,web
2026-08-30,u_058,20260830_u_058,result_adopt,文案生成,v2,web
2026-08-30,u_060,20260830_u_060,page_view,文案生成,v2,desktop
2026-08-30,u_062,20260830_u_062,page_view,智能问答,v1,desktop
2026-08-30,u_062,20260830_u_062,prompt_submit,智能问答,v1,desktop
2026-08-30,u_062,20260830_u_062,generation_success,智能问答,v1,desktop
2026-08-30,u_062,20260830_u_062,feature_click,智能问答,v1,desktop
2026-08-30,u_063,20260830_u_063,page_view,智能问答,v2,web
2026-08-30,u_063,20260830_u_063,prompt_submit,智能问答,v2,web
2026-08-30,u_063,20260830_u_063,generation_success,智能问答,v2,web
2026-08-30,u_063,20260830_u_063,result_adopt,智能问答,v2,web
2026-08-30,u_064,20260830_u_064,page_view,智能问答,v1,desktop
2026-08-30,u_064,20260830_u_064,prompt_submit,智能问答,v1,desktop
2026-08-30,u_064,20260830_u_064,generation_success,智能问答,v1,desktop
2026-08-30,u_064,20260830_u_064,feature_click,智能问答,v1,desktop
2026-08-30,u_065,20260830_u_065,page_view,智能问答,v2,desktop
2026-08-30,u_066,20260830_u_066,page_view,表格分析,v1,web
2026-08-30,u_066,20260830_u_066,prompt_submit,表格分析,v1,web
2026-08-30,u_066,20260830_u_066,generation_success,表格分析,v1,web
2026-08-30,u_067,20260830_u_067,page_view,表格分析,v1,web
2026-08-30,u_067,20260830_u_067,prompt_submit,表格分析,v1,web
2026-08-30,u_067,20260830_u_067,generation_success,表格分析,v1,web
2026-08-30,u_070,20260830_u_070,page_view,智能问答,v1,desktop
2026-08-30,u_070,20260830_u_070,prompt_submit,智能问答,v1,desktop
2026-08-30,u_070,20260830_u_070,generation_success,智能问答,v1,desktop
2026-08-30,u_070,20260830_u_070,result_adopt,智能问答,v1,desktop
2026-08-30,u_070,20260830_u_070,feature_click,智能问答,v1,desktop
2026-08-30,u_074,20260830_u_074,page_view,表格分析,v2,web
2026-08-30,u_074,20260830_u_074,prompt_submit,表格分析,v2,web
2026-08-30,u_074,20260830_u_074,generation_success,表格分析,v2,web
2026-08-30,u_075,20260830_u_075,page_view,智能问答,v2,web
2026-08-30,u_075,20260830_u_075,prompt_submit,智能问答,v2,web
2026-08-30,u_075,20260830_u_075,generation_success,智能问答,v2,web
2026-08-30,u_075,20260830_u_075,result_adopt,智能问答,v2,web
2026-08-30,u_076,20260830_u_076,page_view,智能问答,v2,desktop
2026-08-30,u_076,20260830_u_076,prompt_submit,智能问答,v2,desktop
2026-08-30,u_076,20260830_u_076,generation_success,智能问答,v2,desktop
2026-08-30,u_076,20260830_u_076,result_adopt,智能问答,v2,desktop
2026-08-30,u_076,20260830_u_076,feature_click,智能问答,v2,desktop
2026-08-30,u_077,20260830_u_077,page_view,文案生成,v1,web
2026-08-30,u_077,20260830_u_077,prompt_submit,文案生成,v1,web
2026-08-30,u_077,20260830_u_077,generation_success,文案生成,v1,web
2026-08-30,u_077,20260830_u_077,result_adopt,文案生成,v1,web
2026-08-30,u_077,20260830_u_077,feature_click,文案生成,v1,web
2026-08-30,u_078,20260830_u_078,page_view,智能问答,v2,desktop
2026-08-30,u_078,20260830_u_078,prompt_submit,智能问答,v2,desktop
2026-08-30,u_079,20260830_u_079,page_view,表格分析,v1,desktop
2026-08-30,u_083,20260830_u_083,page_view,文案生成,v2,web
2026-08-30,u_084,20260830_u_084,page_view,表格分析,v2,desktop
2026-08-30,u_084,20260830_u_084,prompt_submit,表格分析,v2,desktop
2026-08-30,u_084,20260830_u_084,generation_success,表格分析,v2,desktop
2026-08-30,u_085,20260830_u_085,page_view,表格分析,v2,web
2026-08-30,u_085,20260830_u_085,prompt_submit,表格分析,v2,web
2026-08-30,u_085,20260830_u_085,generation_success,表格分析,v2,web
2026-08-30,u_085,20260830_u_085,feature_click,表格分析,v2,web
2026-08-30,u_086,20260830_u_086,page_view,表格分析,v1,web
2026-08-30,u_086,20260830_u_086,prompt_submit,表格分析,v1,web
2026-08-30,u_086,20260830_u_086,generation_success,表格分析,v1,web
2026-08-30,u_086,20260830_u_086,result_adopt,表格分析,v1,web
2026-08-30,u_087,20260830_u_087,page_view,智能问答,v2,desktop
2026-08-30,u_087,20260830_u_087,prompt_submit,智能问答,v2,desktop
2026-08-30,u_087,20260830_u_087,generation_success,智能问答,v2,desktop
2026-08-30,u_087,20260830_u_087,result_adopt,智能问答,v2,desktop
2026-08-30,u_087,20260830_u_087,feature_click,智能问答,v2,desktop
2026-08-30,u_090,20260830_u_090,page_view,文案生成,v1,web
2026-08-30,u_090,20260830_u_090,prompt_submit,文案生成,v1,web
2026-08-30,u_090,20260830_u_090,generation_success,文案生成,v1,web
2026-08-30,u_090,20260830_u_090,feature_click,文案生成,v1,web
2026-08-30,u_091,20260830_u_091,page_view,智能问答,v2,desktop
2026-08-30,u_091,20260830_u_091,prompt_submit,智能问答,v2,desktop
2026-08-30,u_091,20260830_u_091,generation_success,智能问答,v2,desktop
2026-08-30,u_092,20260830_u_092,page_view,文案生成,v1,desktop
2026-08-30,u_092,20260830_u_092,prompt_submit,文案生成,v1,desktop
2026-08-30,u_092,20260830_u_092,generation_success,文案生成,v1,desktop
2026-08-30,u_092,20260830_u_092,result_adopt,文案生成,v1,desktop
2026-08-30,u_093,20260830_u_093,page_view,文案生成,v1,desktop
2026-08-30,u_093,20260830_u_093,prompt_submit,文案生成,v1,desktop
2026-08-30,u_093,20260830_u_093,generation_success,文案生成,v1,desktop
2026-08-30,u_096,20260830_u_096,page_view,表格分析,v1,desktop
2026-08-30,u_096,20260830_u_096,prompt_submit,表格分析,v1,desktop
2026-08-30,u_096,20260830_u_096,generation_success,表格分析,v1,desktop
2026-08-30,u_096,20260830_u_096,result_adopt,表格分析,v1,desktop
2026-08-30,u_096,20260830_u_096,feature_click,表格分析,v1,desktop
2026-08-30,u_098,20260830_u_098,page_view,文案生成,v2,web
2026-08-30,u_098,20260830_u_098,prompt_submit,文案生成,v2,web
2026-08-30,u_098,20260830_u_098,generation_success,文案生成,v2,web
2026-08-30,u_105,20260830_u_105,page_view,表格分析,v1,desktop
2026-08-30,u_105,20260830_u_105,prompt_submit,表格分析,v1,desktop
2026-08-30,u_105,20260830_u_105,generation_success,表格分析,v1,desktop
2026-08-30,u_107,20260830_u_107,page_view,文案生成,v2,web
2026-08-30,u_107,20260830_u_107,prompt_submit,文案生成,v2,web
2026-08-30,u_108,20260830_u_108,page_view,文案生成,v2,desktop
2026-08-30,u_108,20260830_u_108,prompt_submit,文案生成,v2,desktop
2026-08-30,u_108,20260830_u_108,generation_success,文案生成,v2,desktop
2026-08-30,u_108,20260830_u_108,feature_click,文案生成,v2,desktop
2026-08-30,u_113,20260830_u_113,page_view,智能问答,v2,desktop
2026-08-30,u_114,20260830_u_114,page_view,表格分析,v1,desktop
2026-08-30,u_114,20260830_u_114,prompt_submit,表格分析,v1,desktop
2026-08-30,u_114,20260830_u_114,generation_success,表格分析,v1,desktop
2026-08-30,u_114,20260830_u_114,feature_click,表格分析,v1,desktop
2026-08-30,u_115,20260830_u_115,page_view,文案生成,v2,desktop
2026-08-30,u_115,20260830_u_115,prompt_submit,文案生成,v2,desktop
2026-08-30,u_115,20260830_u_115,generation_success,文案生成,v2,desktop
2026-08-30,u_115,20260830_u_115,result_adopt,文案生成,v2,desktop
2026-08-30,u_116,20260830_u_116,page_view,文案生成,v1,web
2026-08-30,u_116,20260830_u_116,prompt_submit,文案生成,v1,web
2026-08-30,u_116,20260830_u_116,generation_success,文案生成,v1,web
2026-08-30,u_116,20260830_u_116,feature_click,文案生成,v1,web
2026-08-30,u_117,20260830_u_117,page_view,文案生成,v2,web
2026-08-30,u_117,20260830_u_117,prompt_submit,文案生成,v2,web
2026-08-30,u_117,20260830_u_117,generation_success,文案生成,v2,web
2026-08-30,u_117,20260830_u_117,result_adopt,文案生成,v2,web
2026-08-30,u_119,20260830_u_119,page_view,智能问答,v1,web
2026-08-30,u_119,20260830_u_119,prompt_submit,智能问答,v1,web
2026-08-30,u_119,20260830_u_119,generation_success,智能问答,v1,web
2026-08-30,u_119,20260830_u_119,feature_click,智能问答,v1,web
2026-08-30,u_121,20260830_u_121,page_view,智能问答,v2,web
2026-08-30,u_121,20260830_u_121,prompt_submit,智能问答,v2,web
2026-08-30,u_121,20260830_u_121,generation_success,智能问答,v2,web
2026-08-30,u_121,20260830_u_121,feature_click,智能问答,v2,web
2026-08-30,u_122,20260830_u_122,page_view,文案生成,v1,web
2026-08-30,u_123,20260830_u_123,page_view,文案生成,v2,web
2026-08-30,u_123,20260830_u_123,prompt_submit,文案生成,v2,web
2026-08-30,u_123,20260830_u_123,generation_success,文案生成,v2,web
2026-08-30,u_123,20260830_u_123,feature_click,文案生成,v2,web
2026-08-30,u_124,20260830_u_124,page_view,表格分析,v1,web
2026-08-30,u_127,20260830_u_127,page_view,表格分析,v1,desktop
2026-08-30,u_127,20260830_u_127,prompt_submit,表格分析,v1,desktop
2026-08-30,u_127,20260830_u_127,generation_success,表格分析,v1,desktop
2026-08-30,u_130,20260830_u_130,page_view,表格分析,v1,web
2026-08-30,u_130,20260830_u_130,prompt_submit,表格分析,v1,web
2026-08-30,u_130,20260830_u_130,generation_success,表格分析,v1,web
2026-08-30,u_130,20260830_u_130,result_adopt,表格分析,v1,web
2026-08-30,u_130,20260830_u_130,feature_click,表格分析,v1,web
2026-08-30,u_131,20260830_u_131,page_view,智能问答,v1,desktop
2026-08-30,u_131,20260830_u_131,prompt_submit,智能问答,v1,desktop
2026-08-30,u_131,20260830_u_131,generation_success,智能问答,v1,desktop
2026-08-30,u_131,20260830_u_131,result_adopt,智能问答,v1,desktop
2026-08-30,u_131,20260830_u_131,feature_click,智能问答,v1,desktop
2026-08-30,u_132,20260830_u_132,page_view,文案生成,v1,desktop
2026-08-30,u_132,20260830_u_132,prompt_submit,文案生成,v1,desktop
2026-08-30,u_132,20260830_u_132,generation_success,文案生成,v1,desktop
2026-08-30,u_132,20260830_u_132,result_adopt,文案生成,v1,desktop
2026-08-30,u_132,20260830_u_132,feature_click,文案生成,v1,desktop
2026-08-30,u_133,20260830_u_133,page_view,智能问答,v2,desktop
2026-08-30,u_133,20260830_u_133,prompt_submit,智能问答,v2,desktop
2026-08-30,u_133,20260830_u_133,generation_success,智能问答,v2,desktop
2026-08-30,u_133,20260830_u_133,result_adopt,智能问答,v2,desktop
2026-08-30,u_134,20260830_u_134,page_view,文案生成,v1,desktop
2026-08-30,u_134,20260830_u_134,prompt_submit,文案生成,v1,desktop
2026-08-30,u_134,20260830_u_134,generation_success,文案生成,v1,desktop
2026-08-30,u_134,20260830_u_134,feature_click,文案生成,v1,desktop
2026-08-30,u_137,20260830_u_137,page_view,表格分析,v2,desktop
2026-08-30,u_137,20260830_u_137,prompt_submit,表格分析,v2,desktop
2026-08-30,u_137,20260830_u_137,generation_success,表格分析,v2,desktop
2026-08-30,u_137,20260830_u_137,feature_click,表格分析,v2,desktop
2026-08-30,u_138,20260830_u_138,page_view,文案生成,v2,web
2026-08-30,u_138,20260830_u_138,prompt_submit,文案生成,v2,web
2026-08-30,u_138,20260830_u_138,generation_success,文案生成,v2,web
2026-08-30,u_138,20260830_u_138,feature_click,文案生成,v2,web
2026-08-30,u_139,20260830_u_139,page_view,文案生成,v1,web
2026-08-30,u_139,20260830_u_139,prompt_submit,文案生成,v1,web
2026-08-30,u_139,20260830_u_139,generation_success,文案生成,v1,web
2026-08-30,u_139,20260830_u_139,feature_click,文案生成,v1,web
2026-08-30,u_140,20260830_u_140,page_view,文案生成,v1,desktop
2026-08-30,u_140,20260830_u_140,prompt_submit,文案生成,v1,desktop
2026-08-30,u_140,20260830_u_140,generation_success,文案生成,v1,desktop
2026-08-30,u_140,20260830_u_140,result_adopt,文案生成,v1,desktop
2026-08-30,u_140,20260830_u_140,feature_click,文案生成,v1,desktop
2026-08-30,u_141,20260830_u_141,page_view,文案生成,v2,web
2026-08-30,u_141,20260830_u_141,prompt_submit,文案生成,v2,web
2026-08-30,u_143,20260830_u_143,page_view,智能问答,v2,web
2026-08-30,u_143,20260830_u_143,prompt_submit,智能问答,v2,web
2026-08-30,u_143,20260830_u_143,generation_success,智能问答,v2,web
2026-08-30,u_143,20260830_u_143,result_adopt,智能问答,v2,web
2026-08-30,u_143,20260830_u_143,feature_click,智能问答,v2,web
2026-08-30,u_145,20260830_u_145,page_view,表格分析,v2,desktop
2026-08-30,u_145,20260830_u_145,prompt_submit,表格分析,v2,desktop
2026-08-30,u_145,20260830_u_145,generation_success,表格分析,v2,desktop
2026-08-30,u_145,20260830_u_145,feature_click,表格分析,v2,desktop
2026-08-30,u_146,20260830_u_146,page_view,文案生成,v1,web
2026-08-30,u_146,20260830_u_146,prompt_submit,文案生成,v1,web
2026-08-30,u_146,20260830_u_146,generation_success,文案生成,v1,web
2026-08-30,u_146,20260830_u_146,feature_click,文案生成,v1,web
2026-08-30,u_147,20260830_u_147,page_view,文案生成,v1,web
2026-08-30,u_147,20260830_u_147,prompt_submit,文案生成,v1,web
2026-08-30,u_147,20260830_u_147,generation_success,文案生成,v1,web
2026-08-30,u_148,20260830_u_148,page_view,表格分析,v2,desktop
2026-08-30,u_148,20260830_u_148,prompt_submit,表格分析,v2,desktop
2026-08-30,u_148,20260830_u_148,generation_success,表格分析,v2,desktop
2026-08-30,u_148,20260830_u_148,result_adopt,表格分析,v2,desktop
2026-08-30,u_148,20260830_u_148,feature_click,表格分析,v2,desktop
2026-08-30,u_150,20260830_u_150,page_view,智能问答,v2,desktop
2026-08-30,u_150,20260830_u_150,prompt_submit,智能问答,v2,desktop
2026-08-30,u_150,20260830_u_150,generation_success,智能问答,v2,desktop
2026-08-30,u_150,20260830_u_150,result_adopt,智能问答,v2,desktop
2026-08-30,u_150,20260830_u_150,feature_click,智能问答,v2,desktop
2026-08-30,u_151,20260830_u_151,page_view,表格分析,v1,desktop
2026-08-30,u_151,20260830_u_151,prompt_submit,表格分析,v1,desktop
2026-08-30,u_151,20260830_u_151,generation_success,表格分析,v1,desktop
2026-08-30,u_152,20260830_u_152,page_view,表格分析,v2,web
2026-08-30,u_152,20260830_u_152,prompt_submit,表格分析,v2,web
2026-08-30,u_152,20260830_u_152,generation_success,表格分析,v2,web
2026-08-30,u_152,20260830_u_152,feature_click,表格分析,v2,web
2026-08-30,u_154,20260830_u_154,page_view,表格分析,v2,desktop
2026-08-30,u_154,20260830_u_154,prompt_submit,表格分析,v2,desktop
2026-08-30,u_154,20260830_u_154,generation_success,表格分析,v2,desktop
2026-08-30,u_154,20260830_u_154,result_adopt,表格分析,v2,desktop
2026-08-30,u_155,20260830_u_155,page_view,智能问答,v1,web
2026-08-30,u_155,20260830_u_155,prompt_submit,智能问答,v1,web
2026-08-30,u_155,20260830_u_155,generation_success,智能问答,v1,web
2026-08-30,u_158,20260830_u_158,page_view,文案生成,v1,web
2026-08-30,u_159,20260830_u_159,page_view,表格分析,v1,web
2026-08-30,u_159,20260830_u_159,prompt_submit,表格分析,v1,web
2026-08-30,u_159,20260830_u_159,generation_success,表格分析,v1,web
2026-08-30,u_159,20260830_u_159,result_adopt,表格分析,v1,web
2026-08-30,u_159,20260830_u_159,feature_click,表格分析,v1,web
2026-08-30,u_160,20260830_u_160,page_view,智能问答,v1,desktop
2026-08-30,u_160,20260830_u_160,prompt_submit,智能问答,v1,desktop
2026-08-30,u_160,20260830_u_160,generation_success,智能问答,v1,desktop
2026-08-30,u_160,20260830_u_160,feature_click,智能问答,v1,desktop
2026-08-30,u_162,20260830_u_162,page_view,文案生成,v2,desktop
2026-08-30,u_162,20260830_u_162,prompt_submit,文案生成,v2,desktop
2026-08-30,u_162,20260830_u_162,generation_success,文案生成,v2,desktop
2026-08-30,u_162,20260830_u_162,result_adopt,文案生成,v2,desktop
2026-08-30,u_162,20260830_u_162,feature_click,文案生成,v2,desktop
2026-08-30,u_163,20260830_u_163,page_view,文案生成,v1,web
2026-08-30,u_163,20260830_u_163,prompt_submit,文案生成,v1,web
2026-08-30,u_163,20260830_u_163,generation_success,文案生成,v1,web
2026-08-30,u_164,20260830_u_164,page_view,表格分析,v2,web
2026-08-30,u_164,20260830_u_164,prompt_submit,表格分析,v2,web
2026-08-30,u_164,20260830_u_164,generation_success,表格分析,v2,web
2026-08-30,u_165,20260830_u_165,page_view,表格分析,v1,web
2026-08-30,u_165,20260830_u_165,prompt_submit,表格分析,v1,web
2026-08-30,u_167,20260830_u_167,page_view,文案生成,v1,web
2026-08-30,u_167,20260830_u_167,prompt_submit,文案生成,v1,web
2026-08-30,u_168,20260830_u_168,page_view,表格分析,v1,desktop
2026-08-30,u_168,20260830_u_168,prompt_submit,表格分析,v1,desktop
2026-08-30,u_168,20260830_u_168,generation_success,表格分析,v1,desktop
2026-08-30,u_168,20260830_u_168,feature_click,表格分析,v1,desktop
2026-08-30,u_169,20260830_u_169,page_view,文案生成,v2,desktop
2026-08-30,u_170,20260830_u_170,page_view,智能问答,v2,web
2026-08-30,u_170,20260830_u_170,prompt_submit,智能问答,v2,web
2026-08-30,u_172,20260830_u_172,page_view,文案生成,v1,desktop
2026-08-30,u_172,20260830_u_172,prompt_submit,文案生成,v1,desktop
2026-08-30,u_172,20260830_u_172,generation_success,文案生成,v1,desktop
2026-08-30,u_172,20260830_u_172,feature_click,文案生成,v1,desktop
2026-08-30,u_173,20260830_u_173,page_view,智能问答,v2,web
2026-08-30,u_173,20260830_u_173,prompt_submit,智能问答,v2,web
2026-08-30,u_173,20260830_u_173,generation_success,智能问答,v2,web
2026-08-30,u_173,20260830_u_173,feature_click,智能问答,v2,web
2026-08-30,u_174,20260830_u_174,page_view,表格分析,v1,web
2026-08-30,u_175,20260830_u_175,page_view,文案生成,v1,web
2026-08-31,u_001,20260831_u_001,page_view,表格分析,v1,web
2026-08-31,u_001,20260831_u_001,prompt_submit,表格分析,v1,web
2026-08-31,u_001,20260831_u_001,generation_success,表格分析,v1,web
2026-08-31,u_001,20260831_u_001,feature_click,表格分析,v1,web
2026-08-31,u_003,20260831_u_003,page_view,文案生成,v2,desktop
2026-08-31,u_003,20260831_u_003,prompt_submit,文案生成,v2,desktop
2026-08-31,u_004,20260831_u_004,page_view,表格分析,v1,desktop
2026-08-31,u_004,20260831_u_004,prompt_submit,表格分析,v1,desktop
2026-08-31,u_004,20260831_u_004,generation_success,表格分析,v1,desktop
2026-08-31,u_004,20260831_u_004,feature_click,表格分析,v1,desktop
2026-08-31,u_008,20260831_u_008,page_view,智能问答,v1,web
2026-08-31,u_009,20260831_u_009,page_view,表格分析,v2,desktop
2026-08-31,u_009,20260831_u_009,prompt_submit,表格分析,v2,desktop
2026-08-31,u_009,20260831_u_009,generation_success,表格分析,v2,desktop
2026-08-31,u_009,20260831_u_009,feature_click,表格分析,v2,desktop
2026-08-31,u_010,20260831_u_010,page_view,智能问答,v1,desktop
2026-08-31,u_010,20260831_u_010,prompt_submit,智能问答,v1,desktop
2026-08-31,u_010,20260831_u_010,generation_success,智能问答,v1,desktop
2026-08-31,u_010,20260831_u_010,result_adopt,智能问答,v1,desktop
2026-08-31,u_010,20260831_u_010,feature_click,智能问答,v1,desktop
2026-08-31,u_011,20260831_u_011,page_view,表格分析,v2,desktop
2026-08-31,u_011,20260831_u_011,prompt_submit,表格分析,v2,desktop
2026-08-31,u_012,20260831_u_012,page_view,表格分析,v2,web
2026-08-31,u_012,20260831_u_012,prompt_submit,表格分析,v2,web
2026-08-31,u_012,20260831_u_012,generation_success,表格分析,v2,web
2026-08-31,u_012,20260831_u_012,result_adopt,表格分析,v2,web
2026-08-31,u_012,20260831_u_012,feature_click,表格分析,v2,web
2026-08-31,u_014,20260831_u_014,page_view,智能问答,v2,web
2026-08-31,u_014,20260831_u_014,prompt_submit,智能问答,v2,web
2026-08-31,u_014,20260831_u_014,generation_success,智能问答,v2,web
2026-08-31,u_014,20260831_u_014,result_adopt,智能问答,v2,web
2026-08-31,u_014,20260831_u_014,feature_click,智能问答,v2,web
2026-08-31,u_015,20260831_u_015,page_view,智能问答,v2,web
2026-08-31,u_015,20260831_u_015,prompt_submit,智能问答,v2,web
2026-08-31,u_015,20260831_u_015,generation_success,智能问答,v2,web
2026-08-31,u_015,20260831_u_015,feature_click,智能问答,v2,web
2026-08-31,u_016,20260831_u_016,page_view,文案生成,v1,desktop
2026-08-31,u_016,20260831_u_016,prompt_submit,文案生成,v1,desktop
2026-08-31,u_016,20260831_u_016,generation_success,文案生成,v1,desktop
2026-08-31,u_016,20260831_u_016,result_adopt,文案生成,v1,desktop
2026-08-31,u_018,20260831_u_018,page_view,表格分析,v2,desktop
2026-08-31,u_018,20260831_u_018,prompt_submit,表格分析,v2,desktop
2026-08-31,u_018,20260831_u_018,generation_success,表格分析,v2,desktop
2026-08-31,u_019,20260831_u_019,page_view,智能问答,v1,desktop
2026-08-31,u_022,20260831_u_022,page_view,表格分析,v1,desktop
2026-08-31,u_022,20260831_u_022,prompt_submit,表格分析,v1,desktop
2026-08-31,u_022,20260831_u_022,generation_success,表格分析,v1,desktop
2026-08-31,u_022,20260831_u_022,result_adopt,表格分析,v1,desktop
2026-08-31,u_023,20260831_u_023,page_view,智能问答,v1,web
2026-08-31,u_026,20260831_u_026,page_view,智能问答,v2,desktop
2026-08-31,u_026,20260831_u_026,prompt_submit,智能问答,v2,desktop
2026-08-31,u_026,20260831_u_026,generation_success,智能问答,v2,desktop
2026-08-31,u_026,20260831_u_026,result_adopt,智能问答,v2,desktop
2026-08-31,u_026,20260831_u_026,feature_click,智能问答,v2,desktop
2026-08-31,u_027,20260831_u_027,page_view,文案生成,v2,web
2026-08-31,u_027,20260831_u_027,prompt_submit,文案生成,v2,web
2026-08-31,u_027,20260831_u_027,generation_success,文案生成,v2,web
2026-08-31,u_027,20260831_u_027,result_adopt,文案生成,v2,web
2026-08-31,u_027,20260831_u_027,feature_click,文案生成,v2,web
2026-08-31,u_028,20260831_u_028,page_view,文案生成,v2,desktop
2026-08-31,u_028,20260831_u_028,prompt_submit,文案生成,v2,desktop
2026-08-31,u_028,20260831_u_028,generation_success,文案生成,v2,desktop
2026-08-31,u_028,20260831_u_028,feature_click,文案生成,v2,desktop
2026-08-31,u_029,20260831_u_029,page_view,智能问答,v1,web
2026-08-31,u_029,20260831_u_029,prompt_submit,智能问答,v1,web
2026-08-31,u_029,20260831_u_029,generation_success,智能问答,v1,web
2026-08-31,u_029,20260831_u_029,result_adopt,智能问答,v1,web
2026-08-31,u_033,20260831_u_033,page_view,文案生成,v1,desktop
2026-08-31,u_033,20260831_u_033,prompt_submit,文案生成,v1,desktop
2026-08-31,u_033,20260831_u_033,generation_success,文案生成,v1,desktop
2026-08-31,u_033,20260831_u_033,feature_click,文案生成,v1,desktop
2026-08-31,u_035,20260831_u_035,page_view,表格分析,v2,desktop
2026-08-31,u_035,20260831_u_035,prompt_submit,表格分析,v2,desktop
2026-08-31,u_035,20260831_u_035,generation_success,表格分析,v2,desktop
2026-08-31,u_035,20260831_u_035,result_adopt,表格分析,v2,desktop
2026-08-31,u_037,20260831_u_037,page_view,表格分析,v2,desktop
2026-08-31,u_041,20260831_u_041,page_view,表格分析,v1,desktop
2026-08-31,u_041,20260831_u_041,prompt_submit,表格分析,v1,desktop
2026-08-31,u_041,20260831_u_041,generation_success,表格分析,v1,desktop
2026-08-31,u_041,20260831_u_041,result_adopt,表格分析,v1,desktop
2026-08-31,u_042,20260831_u_042,page_view,智能问答,v2,desktop
2026-08-31,u_043,20260831_u_043,page_view,表格分析,v2,desktop
2026-08-31,u_043,20260831_u_043,prompt_submit,表格分析,v2,desktop
2026-08-31,u_044,20260831_u_044,page_view,智能问答,v1,desktop
2026-08-31,u_044,20260831_u_044,prompt_submit,智能问答,v1,desktop
2026-08-31,u_045,20260831_u_045,page_view,文案生成,v2,desktop
2026-08-31,u_045,20260831_u_045,prompt_submit,文案生成,v2,desktop
2026-08-31,u_045,20260831_u_045,generation_success,文案生成,v2,desktop
2026-08-31,u_045,20260831_u_045,feature_click,文案生成,v2,desktop
2026-08-31,u_046,20260831_u_046,page_view,表格分析,v1,desktop
2026-08-31,u_046,20260831_u_046,prompt_submit,表格分析,v1,desktop
2026-08-31,u_046,20260831_u_046,generation_success,表格分析,v1,desktop
2026-08-31,u_046,20260831_u_046,result_adopt,表格分析,v1,desktop
2026-08-31,u_047,20260831_u_047,page_view,智能问答,v1,desktop
2026-08-31,u_047,20260831_u_047,prompt_submit,智能问答,v1,desktop
2026-08-31,u_047,20260831_u_047,generation_success,智能问答,v1,desktop
2026-08-31,u_047,20260831_u_047,feature_click,智能问答,v1,desktop
2026-08-31,u_049,20260831_u_049,page_view,文案生成,v1,web
2026-08-31,u_050,20260831_u_050,page_view,智能问答,v2,desktop
2026-08-31,u_050,20260831_u_050,prompt_submit,智能问答,v2,desktop
2026-08-31,u_050,20260831_u_050,generation_success,智能问答,v2,desktop
2026-08-31,u_050,20260831_u_050,feature_click,智能问答,v2,desktop
2026-08-31,u_053,20260831_u_053,page_view,智能问答,v2,web
2026-08-31,u_053,20260831_u_053,prompt_submit,智能问答,v2,web
2026-08-31,u_053,20260831_u_053,generation_success,智能问答,v2,web
2026-08-31,u_053,20260831_u_053,feature_click,智能问答,v2,web
2026-08-31,u_054,20260831_u_054,page_view,文案生成,v2,desktop
2026-08-31,u_057,20260831_u_057,page_view,文案生成,v1,desktop
2026-08-31,u_058,20260831_u_058,page_view,智能问答,v1,web
2026-08-31,u_059,20260831_u_059,page_view,文案生成,v2,desktop
2026-08-31,u_059,20260831_u_059,prompt_submit,文案生成,v2,desktop
2026-08-31,u_059,20260831_u_059,generation_success,文案生成,v2,desktop
2026-08-31,u_059,20260831_u_059,result_adopt,文案生成,v2,desktop
2026-08-31,u_061,20260831_u_061,page_view,文案生成,v1,web
2026-08-31,u_062,20260831_u_062,page_view,表格分析,v2,desktop
2026-08-31,u_062,20260831_u_062,prompt_submit,表格分析,v2,desktop
2026-08-31,u_062,20260831_u_062,generation_success,表格分析,v2,desktop
2026-08-31,u_062,20260831_u_062,feature_click,表格分析,v2,desktop
2026-08-31,u_064,20260831_u_064,page_view,表格分析,v2,web
2026-08-31,u_064,20260831_u_064,prompt_submit,表格分析,v2,web
2026-08-31,u_064,20260831_u_064,generation_success,表格分析,v2,web
2026-08-31,u_064,20260831_u_064,result_adopt,表格分析,v2,web
2026-08-31,u_066,20260831_u_066,page_view,表格分析,v2,web
2026-08-31,u_066,20260831_u_066,prompt_submit,表格分析,v2,web
2026-08-31,u_066,20260831_u_066,generation_success,表格分析,v2,web
2026-08-31,u_066,20260831_u_066,feature_click,表格分析,v2,web
2026-08-31,u_067,20260831_u_067,page_view,文案生成,v2,desktop
2026-08-31,u_068,20260831_u_068,page_view,文案生成,v1,web
2026-08-31,u_068,20260831_u_068,prompt_submit,文案生成,v1,web
2026-08-31,u_068,20260831_u_068,generation_success,文案生成,v1,web
2026-08-31,u_069,20260831_u_069,page_view,智能问答,v2,desktop
2026-08-31,u_071,20260831_u_071,page_view,表格分析,v2,desktop
2026-08-31,u_072,20260831_u_072,page_view,文案生成,v1,desktop
2026-08-31,u_074,20260831_u_074,page_view,文案生成,v2,desktop
2026-08-31,u_074,20260831_u_074,prompt_submit,文案生成,v2,desktop
2026-08-31,u_074,20260831_u_074,generation_success,文案生成,v2,desktop
2026-08-31,u_074,20260831_u_074,result_adopt,文案生成,v2,desktop
2026-08-31,u_074,20260831_u_074,feature_click,文案生成,v2,desktop
2026-08-31,u_075,20260831_u_075,page_view,智能问答,v2,desktop
2026-08-31,u_076,20260831_u_076,page_view,表格分析,v2,web
2026-08-31,u_077,20260831_u_077,page_view,表格分析,v1,desktop
2026-08-31,u_077,20260831_u_077,prompt_submit,表格分析,v1,desktop
2026-08-31,u_077,20260831_u_077,generation_success,表格分析,v1,desktop
2026-08-31,u_077,20260831_u_077,result_adopt,表格分析,v1,desktop
2026-08-31,u_078,20260831_u_078,page_view,文案生成,v2,web
2026-08-31,u_078,20260831_u_078,prompt_submit,文案生成,v2,web
2026-08-31,u_078,20260831_u_078,generation_success,文案生成,v2,web
2026-08-31,u_078,20260831_u_078,result_adopt,文案生成,v2,web
2026-08-31,u_079,20260831_u_079,page_view,表格分析,v2,desktop
2026-08-31,u_079,20260831_u_079,prompt_submit,表格分析,v2,desktop
2026-08-31,u_079,20260831_u_079,generation_success,表格分析,v2,desktop
2026-08-31,u_080,20260831_u_080,page_view,文案生成,v2,web
2026-08-31,u_080,20260831_u_080,prompt_submit,文案生成,v2,web
2026-08-31,u_080,20260831_u_080,generation_success,文案生成,v2,web
2026-08-31,u_081,20260831_u_081,page_view,智能问答,v1,web
2026-08-31,u_081,20260831_u_081,prompt_submit,智能问答,v1,web
2026-08-31,u_081,20260831_u_081,generation_success,智能问答,v1,web
2026-08-31,u_081,20260831_u_081,result_adopt,智能问答,v1,web
2026-08-31,u_082,20260831_u_082,page_view,智能问答,v1,desktop
2026-08-31,u_082,20260831_u_082,prompt_submit,智能问答,v1,desktop
2026-08-31,u_082,20260831_u_082,generation_success,智能问答,v1,desktop
2026-08-31,u_083,20260831_u_083,page_view,文案生成,v1,web
2026-08-31,u_083,20260831_u_083,prompt_submit,文案生成,v1,web
2026-08-31,u_083,20260831_u_083,generation_success,文案生成,v1,web
2026-08-31,u_083,20260831_u_083,result_adopt,文案生成,v1,web
2026-08-31,u_083,20260831_u_083,feature_click,文案生成,v1,web
2026-08-31,u_086,20260831_u_086,page_view,表格分析,v1,web
2026-08-31,u_086,20260831_u_086,prompt_submit,表格分析,v1,web
2026-08-31,u_086,20260831_u_086,generation_success,表格分析,v1,web
2026-08-31,u_086,20260831_u_086,feature_click,表格分析,v1,web
2026-08-31,u_088,20260831_u_088,page_view,文案生成,v2,web
2026-08-31,u_088,20260831_u_088,prompt_submit,文案生成,v2,web
2026-08-31,u_088,20260831_u_088,generation_success,文案生成,v2,web
2026-08-31,u_088,20260831_u_088,result_adopt,文案生成,v2,web
2026-08-31,u_089,20260831_u_089,page_view,智能问答,v1,desktop
2026-08-31,u_090,20260831_u_090,page_view,文案生成,v1,web
2026-08-31,u_090,20260831_u_090,prompt_submit,文案生成,v1,web
2026-08-31,u_090,20260831_u_090,generation_success,文案生成,v1,web
2026-08-31,u_090,20260831_u_090,result_adopt,文案生成,v1,web
2026-08-31,u_090,20260831_u_090,feature_click,文案生成,v1,web
2026-08-31,u_091,20260831_u_091,page_view,文案生成,v2,desktop
2026-08-31,u_091,20260831_u_091,prompt_submit,文案生成,v2,desktop
2026-08-31,u_091,20260831_u_091,generation_success,文案生成,v2,desktop
2026-08-31,u_092,20260831_u_092,page_view,智能问答,v1,web
2026-08-31,u_092,20260831_u_092,prompt_submit,智能问答,v1,web
2026-08-31,u_092,20260831_u_092,generation_success,智能问答,v1,web
2026-08-31,u_092,20260831_u_092,result_adopt,智能问答,v1,web
2026-08-31,u_095,20260831_u_095,page_view,文案生成,v2,web
2026-08-31,u_095,20260831_u_095,prompt_submit,文案生成,v2,web
2026-08-31,u_095,20260831_u_095,generation_success,文案生成,v2,web
2026-08-31,u_095,20260831_u_095,feature_click,文案生成,v2,web
2026-08-31,u_097,20260831_u_097,page_view,智能问答,v1,desktop
2026-08-31,u_097,20260831_u_097,prompt_submit,智能问答,v1,desktop
2026-08-31,u_097,20260831_u_097,generation_success,智能问答,v1,desktop
2026-08-31,u_097,20260831_u_097,feature_click,智能问答,v1,desktop
2026-08-31,u_099,20260831_u_099,page_view,文案生成,v1,web
2026-08-31,u_100,20260831_u_100,page_view,智能问答,v1,desktop
2026-08-31,u_100,20260831_u_100,prompt_submit,智能问答,v1,desktop
2026-08-31,u_100,20260831_u_100,generation_success,智能问答,v1,desktop
2026-08-31,u_100,20260831_u_100,result_adopt,智能问答,v1,desktop
2026-08-31,u_100,20260831_u_100,feature_click,智能问答,v1,desktop
2026-08-31,u_106,20260831_u_106,page_view,文案生成,v1,desktop
2026-08-31,u_106,20260831_u_106,prompt_submit,文案生成,v1,desktop
2026-08-31,u_106,20260831_u_106,generation_success,文案生成,v1,desktop
2026-08-31,u_106,20260831_u_106,result_adopt,文案生成,v1,desktop
2026-08-31,u_106,20260831_u_106,feature_click,文案生成,v1,desktop
2026-08-31,u_108,20260831_u_108,page_view,表格分析,v1,web
2026-08-31,u_109,20260831_u_109,page_view,智能问答,v1,desktop
2026-08-31,u_109,20260831_u_109,prompt_submit,智能问答,v1,desktop
2026-08-31,u_109,20260831_u_109,generation_success,智能问答,v1,desktop
2026-08-31,u_110,20260831_u_110,page_view,表格分析,v1,desktop
2026-08-31,u_110,20260831_u_110,prompt_submit,表格分析,v1,desktop
2026-08-31,u_110,20260831_u_110,generation_success,表格分析,v1,desktop
2026-08-31,u_110,20260831_u_110,result_adopt,表格分析,v1,desktop
2026-08-31,u_114,20260831_u_114,page_view,智能问答,v2,web
2026-08-31,u_114,20260831_u_114,prompt_submit,智能问答,v2,web
2026-08-31,u_114,20260831_u_114,generation_success,智能问答,v2,web
2026-08-31,u_114,20260831_u_114,result_adopt,智能问答,v2,web
2026-08-31,u_115,20260831_u_115,page_view,表格分析,v1,desktop
2026-08-31,u_115,20260831_u_115,prompt_submit,表格分析,v1,desktop
2026-08-31,u_115,20260831_u_115,generation_success,表格分析,v1,desktop
2026-08-31,u_115,20260831_u_115,feature_click,表格分析,v1,desktop
2026-08-31,u_116,20260831_u_116,page_view,智能问答,v2,web
2026-08-31,u_117,20260831_u_117,page_view,表格分析,v1,desktop
2026-08-31,u_117,20260831_u_117,prompt_submit,表格分析,v1,desktop
2026-08-31,u_117,20260831_u_117,generation_success,表格分析,v1,desktop
2026-08-31,u_117,20260831_u_117,result_adopt,表格分析,v1,desktop
2026-08-31,u_117,20260831_u_117,feature_click,表格分析,v1,desktop
2026-08-31,u_121,20260831_u_121,page_view,表格分析,v2,web
2026-08-31,u_123,20260831_u_123,page_view,智能问答,v2,web
2026-08-31,u_123,20260831_u_123,prompt_submit,智能问答,v2,web
2026-08-31,u_123,20260831_u_123,generation_success,智能问答,v2,web
2026-08-31,u_123,20260831_u_123,feature_click,智能问答,v2,web
2026-08-31,u_125,20260831_u_125,page_view,智能问答,v2,web
2026-08-31,u_125,20260831_u_125,prompt_submit,智能问答,v2,web
2026-08-31,u_125,20260831_u_125,generation_success,智能问答,v2,web
2026-08-31,u_127,20260831_u_127,page_view,表格分析,v2,desktop
2026-08-31,u_127,20260831_u_127,prompt_submit,表格分析,v2,desktop
2026-08-31,u_127,20260831_u_127,generation_success,表格分析,v2,desktop
2026-08-31,u_127,20260831_u_127,result_adopt,表格分析,v2,desktop
2026-08-31,u_127,20260831_u_127,feature_click,表格分析,v2,desktop
2026-08-31,u_130,20260831_u_130,page_view,文案生成,v1,web
2026-08-31,u_130,20260831_u_130,prompt_submit,文案生成,v1,web
2026-08-31,u_130,20260831_u_130,generation_success,文案生成,v1,web
2026-08-31,u_130,20260831_u_130,result_adopt,文案生成,v1,web
2026-08-31,u_134,20260831_u_134,page_view,文案生成,v1,desktop
2026-08-31,u_134,20260831_u_134,prompt_submit,文案生成,v1,desktop
2026-08-31,u_134,20260831_u_134,generation_success,文案生成,v1,desktop
2026-08-31,u_134,20260831_u_134,result_adopt,文案生成,v1,desktop
2026-08-31,u_135,20260831_u_135,page_view,智能问答,v2,web
2026-08-31,u_135,20260831_u_135,prompt_submit,智能问答,v2,web
2026-08-31,u_135,20260831_u_135,generation_success,智能问答,v2,web
2026-08-31,u_135,20260831_u_135,result_adopt,智能问答,v2,web
2026-08-31,u_135,20260831_u_135,feature_click,智能问答,v2,web
2026-08-31,u_136,20260831_u_136,page_view,智能问答,v2,desktop
2026-08-31,u_137,20260831_u_137,page_view,文案生成,v2,desktop
2026-08-31,u_137,20260831_u_137,prompt_submit,文案生成,v2,desktop
2026-08-31,u_138,20260831_u_138,page_view,文案生成,v2,web
2026-08-31,u_138,20260831_u_138,prompt_submit,文案生成,v2,web
2026-08-31,u_138,20260831_u_138,generation_success,文案生成,v2,web
2026-08-31,u_140,20260831_u_140,page_view,表格分析,v1,desktop
2026-08-31,u_140,20260831_u_140,prompt_submit,表格分析,v1,desktop
2026-08-31,u_140,20260831_u_140,generation_success,表格分析,v1,desktop
2026-08-31,u_140,20260831_u_140,result_adopt,表格分析,v1,desktop
2026-08-31,u_141,20260831_u_141,page_view,表格分析,v1,desktop
2026-08-31,u_141,20260831_u_141,prompt_submit,表格分析,v1,desktop
2026-08-31,u_141,20260831_u_141,generation_success,表格分析,v1,desktop
2026-08-31,u_141,20260831_u_141,result_adopt,表格分析,v1,desktop
2026-08-31,u_141,20260831_u_141,feature_click,表格分析,v1,desktop
2026-08-31,u_142,20260831_u_142,page_view,表格分析,v1,desktop
2026-08-31,u_142,20260831_u_142,prompt_submit,表格分析,v1,desktop
2026-08-31,u_142,20260831_u_142,generation_success,表格分析,v1,desktop
2026-08-31,u_142,20260831_u_142,result_adopt,表格分析,v1,desktop
2026-08-31,u_142,20260831_u_142,feature_click,表格分析,v1,desktop
2026-08-31,u_145,20260831_u_145,page_view,表格分析,v2,web
2026-08-31,u_145,20260831_u_145,prompt_submit,表格分析,v2,web
2026-08-31,u_145,20260831_u_145,generation_success,表格分析,v2,web
2026-08-31,u_145,20260831_u_145,result_adopt,表格分析,v2,web
2026-08-31,u_146,20260831_u_146,page_view,智能问答,v1,web
2026-08-31,u_146,20260831_u_146,prompt_submit,智能问答,v1,web
2026-08-31,u_146,20260831_u_146,generation_success,智能问答,v1,web
2026-08-31,u_146,20260831_u_146,result_adopt,智能问答,v1,web
2026-08-31,u_146,20260831_u_146,feature_click,智能问答,v1,web
2026-08-31,u_147,20260831_u_147,page_view,表格分析,v1,desktop
2026-08-31,u_147,20260831_u_147,prompt_submit,表格分析,v1,desktop
2026-08-31,u_147,20260831_u_147,generation_success,表格分析,v1,desktop
2026-08-31,u_148,20260831_u_148,page_view,智能问答,v1,web
2026-08-31,u_148,20260831_u_148,prompt_submit,智能问答,v1,web
2026-08-31,u_148,20260831_u_148,generation_success,智能问答,v1,web
2026-08-31,u_148,20260831_u_148,feature_click,智能问答,v1,web
2026-08-31,u_149,20260831_u_149,page_view,文案生成,v1,desktop
2026-08-31,u_154,20260831_u_154,page_view,表格分析,v1,web
2026-08-31,u_154,20260831_u_154,prompt_submit,表格分析,v1,web
2026-08-31,u_154,20260831_u_154,generation_success,表格分析,v1,web
2026-08-31,u_154,20260831_u_154,result_adopt,表格分析,v1,web
2026-08-31,u_154,20260831_u_154,feature_click,表格分析,v1,web
2026-08-31,u_158,20260831_u_158,page_view,文案生成,v2,web
2026-08-31,u_159,20260831_u_159,page_view,文案生成,v2,desktop
2026-08-31,u_159,20260831_u_159,prompt_submit,文案生成,v2,desktop
2026-08-31,u_159,20260831_u_159,generation_success,文案生成,v2,desktop
2026-08-31,u_159,20260831_u_159,result_adopt,文案生成,v2,desktop
2026-08-31,u_159,20260831_u_159,feature_click,文案生成,v2,desktop
2026-08-31,u_160,20260831_u_160,page_view,文案生成,v1,web
2026-08-31,u_162,20260831_u_162,page_view,智能问答,v1,web
2026-08-31,u_162,20260831_u_162,prompt_submit,智能问答,v1,web
2026-08-31,u_162,20260831_u_162,generation_success,智能问答,v1,web
2026-08-31,u_164,20260831_u_164,page_view,表格分析,v1,web
2026-08-31,u_164,20260831_u_164,prompt_submit,表格分析,v1,web
2026-08-31,u_164,20260831_u_164,generation_success,表格分析,v1,web
2026-08-31,u_165,20260831_u_165,page_view,表格分析,v1,web
2026-08-31,u_169,20260831_u_169,page_view,智能问答,v2,desktop
2026-08-31,u_169,20260831_u_169,prompt_submit,智能问答,v2,desktop
2026-08-31,u_169,20260831_u_169,generation_success,智能问答,v2,desktop
2026-08-31,u_169,20260831_u_169,feature_click,智能问答,v2,desktop
2026-08-31,u_170,20260831_u_170,page_view,智能问答,v2,web
2026-08-31,u_171,20260831_u_171,page_view,表格分析,v1,desktop
2026-08-31,u_171,20260831_u_171,prompt_submit,表格分析,v1,desktop
2026-08-31,u_171,20260831_u_171,generation_success,表格分析,v1,desktop
2026-08-31,u_171,20260831_u_171,result_adopt,表格分析,v1,desktop
2026-08-31,u_171,20260831_u_171,feature_click,表格分析,v1,desktop
2026-08-31,u_172,20260831_u_172,page_view,文案生成,v1,desktop
2026-08-31,u_172,20260831_u_172,prompt_submit,文案生成,v1,desktop
2026-08-31,u_172,20260831_u_172,generation_success,文案生成,v1,desktop
2026-08-31,u_173,20260831_u_173,page_view,表格分析,v1,web
2026-08-31,u_173,20260831_u_173,prompt_submit,表格分析,v1,web
2026-08-31,u_173,20260831_u_173,generation_success,表格分析,v1,web
2026-08-31,u_173,20260831_u_173,feature_click,表格分析,v1,web
2026-08-31,u_174,20260831_u_174,page_view,表格分析,v1,web
2026-08-31,u_174,20260831_u_174,prompt_submit,表格分析,v1,web
2026-08-31,u_174,20260831_u_174,generation_success,表格分析,v1,web
2026-08-31,u_175,20260831_u_175,page_view,文案生成,v2,desktop
2026-08-31,u_176,20260831_u_176,page_view,文案生成,v1,web
2026-08-31,u_176,20260831_u_176,prompt_submit,文案生成,v1,web
2026-08-31,u_176,20260831_u_176,generation_success,文案生成,v1,web
2026-08-31,u_176,20260831_u_176,result_adopt,文案生成,v1,web
2026-08-31,u_176,20260831_u_176,feature_click,文案生成,v1,web
2026-08-31,u_180,20260831_u_180,page_view,智能问答,v1,desktop
2026-08-31,u_180,20260831_u_180,prompt_submit,智能问答,v1,desktop
2026-08-31,u_180,20260831_u_180,generation_success,智能问答,v1,desktop
2026-08-31,u_180,20260831_u_180,feature_click,智能问答,v1,desktop
2026-09-01,u_001,20260901_u_001,page_view,表格分析,v2,web
2026-09-01,u_001,20260901_u_001,prompt_submit,表格分析,v2,web
2026-09-01,u_001,20260901_u_001,generation_success,表格分析,v2,web
2026-09-01,u_001,20260901_u_001,feature_click,表格分析,v2,web
2026-09-01,u_002,20260901_u_002,page_view,表格分析,v1,desktop
2026-09-01,u_003,20260901_u_003,page_view,文案生成,v1,desktop
2026-09-01,u_003,20260901_u_003,prompt_submit,文案生成,v1,desktop
2026-09-01,u_004,20260901_u_004,page_view,表格分析,v2,web
2026-09-01,u_004,20260901_u_004,prompt_submit,表格分析,v2,web
2026-09-01,u_006,20260901_u_006,page_view,智能问答,v2,web
2026-09-01,u_006,20260901_u_006,prompt_submit,智能问答,v2,web
2026-09-01,u_006,20260901_u_006,generation_success,智能问答,v2,web
2026-09-01,u_006,20260901_u_006,result_adopt,智能问答,v2,web
2026-09-01,u_006,20260901_u_006,feature_click,智能问答,v2,web
2026-09-01,u_011,20260901_u_011,page_view,智能问答,v1,desktop
2026-09-01,u_011,20260901_u_011,prompt_submit,智能问答,v1,desktop
2026-09-01,u_011,20260901_u_011,generation_success,智能问答,v1,desktop
2026-09-01,u_011,20260901_u_011,result_adopt,智能问答,v1,desktop
2026-09-01,u_015,20260901_u_015,page_view,文案生成,v1,desktop
2026-09-01,u_015,20260901_u_015,prompt_submit,文案生成,v1,desktop
2026-09-01,u_015,20260901_u_015,generation_success,文案生成,v1,desktop
2026-09-01,u_015,20260901_u_015,result_adopt,文案生成,v1,desktop
2026-09-01,u_018,20260901_u_018,page_view,表格分析,v1,desktop
2026-09-01,u_019,20260901_u_019,page_view,文案生成,v1,desktop
2026-09-01,u_019,20260901_u_019,prompt_submit,文案生成,v1,desktop
2026-09-01,u_019,20260901_u_019,generation_success,文案生成,v1,desktop
2026-09-01,u_019,20260901_u_019,feature_click,文案生成,v1,desktop
2026-09-01,u_021,20260901_u_021,page_view,智能问答,v1,web
2026-09-01,u_021,20260901_u_021,prompt_submit,智能问答,v1,web
2026-09-01,u_021,20260901_u_021,generation_success,智能问答,v1,web
2026-09-01,u_021,20260901_u_021,feature_click,智能问答,v1,web
2026-09-01,u_022,20260901_u_022,page_view,表格分析,v2,desktop
2026-09-01,u_022,20260901_u_022,prompt_submit,表格分析,v2,desktop
2026-09-01,u_022,20260901_u_022,generation_success,表格分析,v2,desktop
2026-09-01,u_022,20260901_u_022,result_adopt,表格分析,v2,desktop
2026-09-01,u_022,20260901_u_022,feature_click,表格分析,v2,desktop
2026-09-01,u_023,20260901_u_023,page_view,智能问答,v1,desktop
2026-09-01,u_023,20260901_u_023,prompt_submit,智能问答,v1,desktop
2026-09-01,u_023,20260901_u_023,generation_success,智能问答,v1,desktop
2026-09-01,u_024,20260901_u_024,page_view,文案生成,v2,web
2026-09-01,u_024,20260901_u_024,prompt_submit,文案生成,v2,web
2026-09-01,u_024,20260901_u_024,generation_success,文案生成,v2,web
2026-09-01,u_024,20260901_u_024,feature_click,文案生成,v2,web
2026-09-01,u_025,20260901_u_025,page_view,文案生成,v2,desktop
2026-09-01,u_025,20260901_u_025,prompt_submit,文案生成,v2,desktop
2026-09-01,u_025,20260901_u_025,generation_success,文案生成,v2,desktop
2026-09-01,u_025,20260901_u_025,feature_click,文案生成,v2,desktop
2026-09-01,u_026,20260901_u_026,page_view,文案生成,v2,web
2026-09-01,u_030,20260901_u_030,page_view,表格分析,v2,web
2026-09-01,u_030,20260901_u_030,prompt_submit,表格分析,v2,web
2026-09-01,u_030,20260901_u_030,generation_success,表格分析,v2,web
2026-09-01,u_030,20260901_u_030,result_adopt,表格分析,v2,web
2026-09-01,u_030,20260901_u_030,feature_click,表格分析,v2,web
2026-09-01,u_031,20260901_u_031,page_view,智能问答,v1,desktop
2026-09-01,u_032,20260901_u_032,page_view,表格分析,v1,web
2026-09-01,u_033,20260901_u_033,page_view,表格分析,v2,web
2026-09-01,u_033,20260901_u_033,prompt_submit,表格分析,v2,web
2026-09-01,u_033,20260901_u_033,generation_success,表格分析,v2,web
2026-09-01,u_034,20260901_u_034,page_view,智能问答,v2,web
2026-09-01,u_034,20260901_u_034,prompt_submit,智能问答,v2,web
2026-09-01,u_034,20260901_u_034,generation_success,智能问答,v2,web
2026-09-01,u_034,20260901_u_034,result_adopt,智能问答,v2,web
2026-09-01,u_034,20260901_u_034,feature_click,智能问答,v2,web
2026-09-01,u_038,20260901_u_038,page_view,文案生成,v2,desktop
2026-09-01,u_038,20260901_u_038,prompt_submit,文案生成,v2,desktop
2026-09-01,u_038,20260901_u_038,generation_success,文案生成,v2,desktop
2026-09-01,u_043,20260901_u_043,page_view,文案生成,v1,web
2026-09-01,u_043,20260901_u_043,prompt_submit,文案生成,v1,web
2026-09-01,u_043,20260901_u_043,generation_success,文案生成,v1,web
2026-09-01,u_045,20260901_u_045,page_view,文案生成,v2,web
2026-09-01,u_045,20260901_u_045,prompt_submit,文案生成,v2,web
2026-09-01,u_045,20260901_u_045,generation_success,文案生成,v2,web
2026-09-01,u_045,20260901_u_045,feature_click,文案生成,v2,web
2026-09-01,u_046,20260901_u_046,page_view,智能问答,v1,web
2026-09-01,u_046,20260901_u_046,prompt_submit,智能问答,v1,web
2026-09-01,u_046,20260901_u_046,generation_success,智能问答,v1,web
2026-09-01,u_046,20260901_u_046,result_adopt,智能问答,v1,web
2026-09-01,u_046,20260901_u_046,feature_click,智能问答,v1,web
2026-09-01,u_051,20260901_u_051,page_view,智能问答,v1,web
2026-09-01,u_052,20260901_u_052,page_view,智能问答,v2,desktop
2026-09-01,u_052,20260901_u_052,prompt_submit,智能问答,v2,desktop
2026-09-01,u_052,20260901_u_052,generation_success,智能问答,v2,desktop
2026-09-01,u_052,20260901_u_052,feature_click,智能问答,v2,desktop
2026-09-01,u_054,20260901_u_054,page_view,表格分析,v2,web
2026-09-01,u_055,20260901_u_055,page_view,智能问答,v2,web
2026-09-01,u_055,20260901_u_055,prompt_submit,智能问答,v2,web
2026-09-01,u_055,20260901_u_055,generation_success,智能问答,v2,web
2026-09-01,u_055,20260901_u_055,feature_click,智能问答,v2,web
2026-09-01,u_058,20260901_u_058,page_view,表格分析,v2,web
2026-09-01,u_058,20260901_u_058,prompt_submit,表格分析,v2,web
2026-09-01,u_058,20260901_u_058,generation_success,表格分析,v2,web
2026-09-01,u_058,20260901_u_058,result_adopt,表格分析,v2,web
2026-09-01,u_058,20260901_u_058,feature_click,表格分析,v2,web
2026-09-01,u_059,20260901_u_059,page_view,智能问答,v2,desktop
2026-09-01,u_059,20260901_u_059,prompt_submit,智能问答,v2,desktop
2026-09-01,u_059,20260901_u_059,generation_success,智能问答,v2,desktop
2026-09-01,u_059,20260901_u_059,result_adopt,智能问答,v2,desktop
2026-09-01,u_059,20260901_u_059,feature_click,智能问答,v2,desktop
2026-09-01,u_060,20260901_u_060,page_view,表格分析,v2,desktop
2026-09-01,u_060,20260901_u_060,prompt_submit,表格分析,v2,desktop
2026-09-01,u_060,20260901_u_060,generation_success,表格分析,v2,desktop
2026-09-01,u_060,20260901_u_060,feature_click,表格分析,v2,desktop
2026-09-01,u_061,20260901_u_061,page_view,文案生成,v2,web
2026-09-01,u_062,20260901_u_062,page_view,智能问答,v1,web
2026-09-01,u_062,20260901_u_062,prompt_submit,智能问答,v1,web
2026-09-01,u_062,20260901_u_062,generation_success,智能问答,v1,web
2026-09-01,u_062,20260901_u_062,result_adopt,智能问答,v1,web
2026-09-01,u_064,20260901_u_064,page_view,表格分析,v1,desktop
2026-09-01,u_064,20260901_u_064,prompt_submit,表格分析,v1,desktop
2026-09-01,u_064,20260901_u_064,generation_success,表格分析,v1,desktop
2026-09-01,u_064,20260901_u_064,feature_click,表格分析,v1,desktop
2026-09-01,u_065,20260901_u_065,page_view,智能问答,v2,web
2026-09-01,u_065,20260901_u_065,prompt_submit,智能问答,v2,web
2026-09-01,u_065,20260901_u_065,generation_success,智能问答,v2,web
2026-09-01,u_065,20260901_u_065,feature_click,智能问答,v2,web
2026-09-01,u_068,20260901_u_068,page_view,表格分析,v2,web
2026-09-01,u_069,20260901_u_069,page_view,智能问答,v2,desktop
2026-09-01,u_069,20260901_u_069,prompt_submit,智能问答,v2,desktop
2026-09-01,u_069,20260901_u_069,generation_success,智能问答,v2,desktop
2026-09-01,u_070,20260901_u_070,page_view,文案生成,v2,desktop
2026-09-01,u_070,20260901_u_070,prompt_submit,文案生成,v2,desktop
2026-09-01,u_070,20260901_u_070,generation_success,文案生成,v2,desktop
2026-09-01,u_071,20260901_u_071,page_view,智能问答,v2,web
2026-09-01,u_071,20260901_u_071,prompt_submit,智能问答,v2,web
2026-09-01,u_071,20260901_u_071,generation_success,智能问答,v2,web
2026-09-01,u_071,20260901_u_071,result_adopt,智能问答,v2,web
2026-09-01,u_071,20260901_u_071,feature_click,智能问答,v2,web
2026-09-01,u_072,20260901_u_072,page_view,文案生成,v2,desktop
2026-09-01,u_072,20260901_u_072,prompt_submit,文案生成,v2,desktop
2026-09-01,u_072,20260901_u_072,generation_success,文案生成,v2,desktop
2026-09-01,u_073,20260901_u_073,page_view,智能问答,v2,desktop
2026-09-01,u_073,20260901_u_073,prompt_submit,智能问答,v2,desktop
2026-09-01,u_073,20260901_u_073,generation_success,智能问答,v2,desktop
2026-09-01,u_073,20260901_u_073,result_adopt,智能问答,v2,desktop
2026-09-01,u_074,20260901_u_074,page_view,表格分析,v2,web
2026-09-01,u_074,20260901_u_074,prompt_submit,表格分析,v2,web
2026-09-01,u_077,20260901_u_077,page_view,表格分析,v2,web
2026-09-01,u_077,20260901_u_077,prompt_submit,表格分析,v2,web
2026-09-01,u_077,20260901_u_077,generation_success,表格分析,v2,web
2026-09-01,u_077,20260901_u_077,feature_click,表格分析,v2,web
2026-09-01,u_078,20260901_u_078,page_view,智能问答,v2,web
2026-09-01,u_081,20260901_u_081,page_view,文案生成,v2,web
2026-09-01,u_081,20260901_u_081,prompt_submit,文案生成,v2,web
2026-09-01,u_081,20260901_u_081,generation_success,文案生成,v2,web
2026-09-01,u_081,20260901_u_081,feature_click,文案生成,v2,web
2026-09-01,u_084,20260901_u_084,page_view,智能问答,v2,web
2026-09-01,u_084,20260901_u_084,prompt_submit,智能问答,v2,web
2026-09-01,u_084,20260901_u_084,generation_success,智能问答,v2,web
2026-09-01,u_084,20260901_u_084,feature_click,智能问答,v2,web
2026-09-01,u_086,20260901_u_086,page_view,文案生成,v1,desktop
2026-09-01,u_087,20260901_u_087,page_view,智能问答,v1,desktop
2026-09-01,u_091,20260901_u_091,page_view,智能问答,v1,desktop
2026-09-01,u_091,20260901_u_091,prompt_submit,智能问答,v1,desktop
2026-09-01,u_091,20260901_u_091,generation_success,智能问答,v1,desktop
2026-09-01,u_091,20260901_u_091,result_adopt,智能问答,v1,desktop
2026-09-01,u_091,20260901_u_091,feature_click,智能问答,v1,desktop
2026-09-01,u_093,20260901_u_093,page_view,智能问答,v1,desktop
2026-09-01,u_093,20260901_u_093,prompt_submit,智能问答,v1,desktop
2026-09-01,u_093,20260901_u_093,generation_success,智能问答,v1,desktop
2026-09-01,u_093,20260901_u_093,result_adopt,智能问答,v1,desktop
2026-09-01,u_093,20260901_u_093,feature_click,智能问答,v1,desktop
2026-09-01,u_094,20260901_u_094,page_view,文案生成,v2,web
2026-09-01,u_095,20260901_u_095,page_view,表格分析,v2,web
2026-09-01,u_096,20260901_u_096,page_view,文案生成,v1,desktop
2026-09-01,u_096,20260901_u_096,prompt_submit,文案生成,v1,desktop
2026-09-01,u_096,20260901_u_096,generation_success,文案生成,v1,desktop
2026-09-01,u_098,20260901_u_098,page_view,文案生成,v1,desktop
2026-09-01,u_100,20260901_u_100,page_view,表格分析,v2,desktop
2026-09-01,u_102,20260901_u_102,page_view,文案生成,v2,web
2026-09-01,u_103,20260901_u_103,page_view,文案生成,v2,desktop
2026-09-01,u_103,20260901_u_103,prompt_submit,文案生成,v2,desktop
2026-09-01,u_104,20260901_u_104,page_view,智能问答,v1,web
2026-09-01,u_104,20260901_u_104,prompt_submit,智能问答,v1,web
2026-09-01,u_104,20260901_u_104,generation_success,智能问答,v1,web
2026-09-01,u_104,20260901_u_104,result_adopt,智能问答,v1,web
2026-09-01,u_104,20260901_u_104,feature_click,智能问答,v1,web
2026-09-01,u_105,20260901_u_105,page_view,智能问答,v2,desktop
2026-09-01,u_105,20260901_u_105,prompt_submit,智能问答,v2,desktop
2026-09-01,u_105,20260901_u_105,generation_success,智能问答,v2,desktop
2026-09-01,u_105,20260901_u_105,feature_click,智能问答,v2,desktop
2026-09-01,u_106,20260901_u_106,page_view,文案生成,v1,desktop
2026-09-01,u_110,20260901_u_110,page_view,文案生成,v1,desktop
2026-09-01,u_110,20260901_u_110,prompt_submit,文案生成,v1,desktop
2026-09-01,u_111,20260901_u_111,page_view,智能问答,v1,web
2026-09-01,u_111,20260901_u_111,prompt_submit,智能问答,v1,web
2026-09-01,u_111,20260901_u_111,generation_success,智能问答,v1,web
2026-09-01,u_111,20260901_u_111,feature_click,智能问答,v1,web
2026-09-01,u_114,20260901_u_114,page_view,文案生成,v2,desktop
2026-09-01,u_118,20260901_u_118,page_view,智能问答,v1,desktop
2026-09-01,u_118,20260901_u_118,prompt_submit,智能问答,v1,desktop
2026-09-01,u_118,20260901_u_118,generation_success,智能问答,v1,desktop
2026-09-01,u_118,20260901_u_118,result_adopt,智能问答,v1,desktop
2026-09-01,u_118,20260901_u_118,feature_click,智能问答,v1,desktop
2026-09-01,u_119,20260901_u_119,page_view,文案生成,v1,web
2026-09-01,u_119,20260901_u_119,prompt_submit,文案生成,v1,web
2026-09-01,u_119,20260901_u_119,generation_success,文案生成,v1,web
2026-09-01,u_119,20260901_u_119,feature_click,文案生成,v1,web
2026-09-01,u_120,20260901_u_120,page_view,文案生成,v2,web
2026-09-01,u_120,20260901_u_120,prompt_submit,文案生成,v2,web
2026-09-01,u_120,20260901_u_120,generation_success,文案生成,v2,web
2026-09-01,u_120,20260901_u_120,feature_click,文案生成,v2,web
2026-09-01,u_121,20260901_u_121,page_view,文案生成,v2,desktop
2026-09-01,u_121,20260901_u_121,prompt_submit,文案生成,v2,desktop
2026-09-01,u_121,20260901_u_121,generation_success,文案生成,v2,desktop
2026-09-01,u_121,20260901_u_121,result_adopt,文案生成,v2,desktop
2026-09-01,u_126,20260901_u_126,page_view,文案生成,v1,desktop
2026-09-01,u_126,20260901_u_126,prompt_submit,文案生成,v1,desktop
2026-09-01,u_126,20260901_u_126,generation_success,文案生成,v1,desktop
2026-09-01,u_126,20260901_u_126,result_adopt,文案生成,v1,desktop
2026-09-01,u_128,20260901_u_128,page_view,智能问答,v1,web
2026-09-01,u_130,20260901_u_130,page_view,表格分析,v1,web
2026-09-01,u_130,20260901_u_130,prompt_submit,表格分析,v1,web
2026-09-01,u_130,20260901_u_130,generation_success,表格分析,v1,web
2026-09-01,u_130,20260901_u_130,feature_click,表格分析,v1,web
2026-09-01,u_132,20260901_u_132,page_view,表格分析,v2,web
2026-09-01,u_132,20260901_u_132,prompt_submit,表格分析,v2,web
2026-09-01,u_132,20260901_u_132,generation_success,表格分析,v2,web
2026-09-01,u_134,20260901_u_134,page_view,表格分析,v2,desktop
2026-09-01,u_136,20260901_u_136,page_view,文案生成,v1,desktop
2026-09-01,u_136,20260901_u_136,prompt_submit,文案生成,v1,desktop
2026-09-01,u_136,20260901_u_136,generation_success,文案生成,v1,desktop
2026-09-01,u_136,20260901_u_136,result_adopt,文案生成,v1,desktop
2026-09-01,u_136,20260901_u_136,feature_click,文案生成,v1,desktop
2026-09-01,u_137,20260901_u_137,page_view,文案生成,v1,web
2026-09-01,u_140,20260901_u_140,page_view,智能问答,v2,web
2026-09-01,u_143,20260901_u_143,page_view,智能问答,v1,desktop
2026-09-01,u_143,20260901_u_143,prompt_submit,智能问答,v1,desktop
2026-09-01,u_143,20260901_u_143,generation_success,智能问答,v1,desktop
2026-09-01,u_143,20260901_u_143,result_adopt,智能问答,v1,desktop
2026-09-01,u_143,20260901_u_143,feature_click,智能问答,v1,desktop
2026-09-01,u_144,20260901_u_144,page_view,文案生成,v2,desktop
2026-09-01,u_144,20260901_u_144,prompt_submit,文案生成,v2,desktop
2026-09-01,u_144,20260901_u_144,generation_success,文案生成,v2,desktop
2026-09-01,u_145,20260901_u_145,page_view,智能问答,v1,web
2026-09-01,u_145,20260901_u_145,prompt_submit,智能问答,v1,web
2026-09-01,u_145,20260901_u_145,generation_success,智能问答,v1,web
2026-09-01,u_146,20260901_u_146,page_view,文案生成,v1,desktop
2026-09-01,u_146,20260901_u_146,prompt_submit,文案生成,v1,desktop
2026-09-01,u_146,20260901_u_146,generation_success,文案生成,v1,desktop
2026-09-01,u_148,20260901_u_148,page_view,表格分析,v1,web
2026-09-01,u_148,20260901_u_148,prompt_submit,表格分析,v1,web
2026-09-01,u_148,20260901_u_148,generation_success,表格分析,v1,web
2026-09-01,u_148,20260901_u_148,feature_click,表格分析,v1,web
2026-09-01,u_149,20260901_u_149,page_view,文案生成,v1,web
2026-09-01,u_149,20260901_u_149,prompt_submit,文案生成,v1,web
2026-09-01,u_149,20260901_u_149,generation_success,文案生成,v1,web
2026-09-01,u_150,20260901_u_150,page_view,文案生成,v1,web
2026-09-01,u_151,20260901_u_151,page_view,文案生成,v1,desktop
2026-09-01,u_155,20260901_u_155,page_view,文案生成,v1,web
2026-09-01,u_157,20260901_u_157,page_view,智能问答,v1,desktop
2026-09-01,u_158,20260901_u_158,page_view,智能问答,v2,web
2026-09-01,u_158,20260901_u_158,prompt_submit,智能问答,v2,web
2026-09-01,u_158,20260901_u_158,generation_success,智能问答,v2,web
2026-09-01,u_158,20260901_u_158,result_adopt,智能问答,v2,web
2026-09-01,u_158,20260901_u_158,feature_click,智能问答,v2,web
2026-09-01,u_159,20260901_u_159,page_view,智能问答,v2,web
2026-09-01,u_159,20260901_u_159,prompt_submit,智能问答,v2,web
2026-09-01,u_159,20260901_u_159,generation_success,智能问答,v2,web
2026-09-01,u_159,20260901_u_159,result_adopt,智能问答,v2,web
2026-09-01,u_159,20260901_u_159,feature_click,智能问答,v2,web
2026-09-01,u_161,20260901_u_161,page_view,表格分析,v2,desktop
2026-09-01,u_161,20260901_u_161,prompt_submit,表格分析,v2,desktop
2026-09-01,u_161,20260901_u_161,generation_success,表格分析,v2,desktop
2026-09-01,u_161,20260901_u_161,result_adopt,表格分析,v2,desktop
2026-09-01,u_161,20260901_u_161,feature_click,表格分析,v2,desktop
2026-09-01,u_163,20260901_u_163,page_view,表格分析,v1,web
2026-09-01,u_163,20260901_u_163,prompt_submit,表格分析,v1,web
2026-09-01,u_163,20260901_u_163,generation_success,表格分析,v1,web
2026-09-01,u_163,20260901_u_163,result_adopt,表格分析,v1,web
2026-09-01,u_165,20260901_u_165,page_view,智能问答,v2,web
2026-09-01,u_165,20260901_u_165,prompt_submit,智能问答,v2,web
2026-09-01,u_165,20260901_u_165,generation_success,智能问答,v2,web
2026-09-01,u_165,20260901_u_165,result_adopt,智能问答,v2,web
2026-09-01,u_165,20260901_u_165,feature_click,智能问答,v2,web
2026-09-01,u_166,20260901_u_166,page_view,智能问答,v2,desktop
2026-09-01,u_166,20260901_u_166,prompt_submit,智能问答,v2,desktop
2026-09-01,u_166,20260901_u_166,generation_success,智能问答,v2,desktop
2026-09-01,u_166,20260901_u_166,result_adopt,智能问答,v2,desktop
2026-09-01,u_166,20260901_u_166,feature_click,智能问答,v2,desktop
2026-09-01,u_167,20260901_u_167,page_view,智能问答,v2,web
2026-09-01,u_169,20260901_u_169,page_view,表格分析,v2,web
2026-09-01,u_171,20260901_u_171,page_view,智能问答,v2,desktop
2026-09-01,u_171,20260901_u_171,prompt_submit,智能问答,v2,desktop
2026-09-01,u_171,20260901_u_171,generation_success,智能问答,v2,desktop
2026-09-01,u_171,20260901_u_171,result_adopt,智能问答,v2,desktop
2026-09-01,u_172,20260901_u_172,page_view,表格分析,v1,desktop
2026-09-01,u_173,20260901_u_173,page_view,表格分析,v2,desktop
2026-09-01,u_174,20260901_u_174,page_view,文案生成,v1,desktop
2026-09-01,u_175,20260901_u_175,page_view,智能问答,v2,web
2026-09-01,u_175,20260901_u_175,prompt_submit,智能问答,v2,web
2026-09-01,u_176,20260901_u_176,page_view,文案生成,v2,web
2026-09-01,u_176,20260901_u_176,prompt_submit,文案生成,v2,web
2026-09-01,u_176,20260901_u_176,generation_success,文案生成,v2,web
2026-09-01,u_176,20260901_u_176,result_adopt,文案生成,v2,web
2026-09-01,u_176,20260901_u_176,feature_click,文案生成,v2,web
2026-09-01,u_177,20260901_u_177,page_view,文案生成,v2,desktop
2026-09-01,u_177,20260901_u_177,prompt_submit,文案生成,v2,desktop
2026-09-01,u_177,20260901_u_177,generation_success,文案生成,v2,desktop
2026-09-01,u_177,20260901_u_177,result_adopt,文案生成,v2,desktop
2026-09-01,u_177,20260901_u_177,feature_click,文案生成,v2,desktop
2026-09-01,u_178,20260901_u_178,page_view,文案生成,v2,desktop
2026-09-01,u_178,20260901_u_178,prompt_submit,文案生成,v2,desktop
2026-09-01,u_178,20260901_u_178,generation_success,文案生成,v2,desktop
2026-09-01,u_178,20260901_u_178,result_adopt,文案生成,v2,desktop
2026-09-01,u_178,20260901_u_178,feature_click,文案生成,v2,desktop
2026-09-01,u_179,20260901_u_179,page_view,表格分析,v1,desktop
2026-09-01,u_179,20260901_u_179,prompt_submit,表格分析,v1,desktop
2026-09-01,u_179,20260901_u_179,generation_success,表格分析,v1,desktop
2026-09-02,u_005,20260902_u_005,page_view,智能问答,v1,desktop
2026-09-02,u_007,20260902_u_007,page_view,表格分析,v2,web
2026-09-02,u_008,20260902_u_008,page_view,表格分析,v1,desktop
2026-09-02,u_009,20260902_u_009,page_view,表格分析,v1,desktop
2026-09-02,u_013,20260902_u_013,page_view,智能问答,v1,desktop
2026-09-02,u_013,20260902_u_013,prompt_submit,智能问答,v1,desktop
2026-09-02,u_013,20260902_u_013,generation_success,智能问答,v1,desktop
2026-09-02,u_016,20260902_u_016,page_view,智能问答,v1,web
2026-09-02,u_016,20260902_u_016,prompt_submit,智能问答,v1,web
2026-09-02,u_016,20260902_u_016,generation_success,智能问答,v1,web
2026-09-02,u_016,20260902_u_016,result_adopt,智能问答,v1,web
2026-09-02,u_016,20260902_u_016,feature_click,智能问答,v1,web
2026-09-02,u_021,20260902_u_021,page_view,文案生成,v1,desktop
2026-09-02,u_021,20260902_u_021,prompt_submit,文案生成,v1,desktop
2026-09-02,u_021,20260902_u_021,generation_success,文案生成,v1,desktop
2026-09-02,u_023,20260902_u_023,page_view,智能问答,v1,desktop
2026-09-02,u_023,20260902_u_023,prompt_submit,智能问答,v1,desktop
2026-09-02,u_023,20260902_u_023,generation_success,智能问答,v1,desktop
2026-09-02,u_023,20260902_u_023,feature_click,智能问答,v1,desktop
2026-09-02,u_026,20260902_u_026,page_view,表格分析,v2,web
2026-09-02,u_026,20260902_u_026,prompt_submit,表格分析,v2,web
2026-09-02,u_026,20260902_u_026,generation_success,表格分析,v2,web
2026-09-02,u_026,20260902_u_026,result_adopt,表格分析,v2,web
2026-09-02,u_026,20260902_u_026,feature_click,表格分析,v2,web
2026-09-02,u_027,20260902_u_027,page_view,智能问答,v1,desktop
2026-09-02,u_028,20260902_u_028,page_view,表格分析,v2,desktop
2026-09-02,u_028,20260902_u_028,prompt_submit,表格分析,v2,desktop
2026-09-02,u_028,20260902_u_028,generation_success,表格分析,v2,desktop
2026-09-02,u_028,20260902_u_028,feature_click,表格分析,v2,desktop
2026-09-02,u_029,20260902_u_029,page_view,智能问答,v1,web
2026-09-02,u_030,20260902_u_030,page_view,文案生成,v1,desktop
2026-09-02,u_030,20260902_u_030,prompt_submit,文案生成,v1,desktop
2026-09-02,u_030,20260902_u_030,generation_success,文案生成,v1,desktop
2026-09-02,u_030,20260902_u_030,result_adopt,文案生成,v1,desktop
2026-09-02,u_030,20260902_u_030,feature_click,文案生成,v1,desktop
2026-09-02,u_032,20260902_u_032,page_view,智能问答,v1,web
2026-09-02,u_032,20260902_u_032,prompt_submit,智能问答,v1,web
2026-09-02,u_032,20260902_u_032,generation_success,智能问答,v1,web
2026-09-02,u_035,20260902_u_035,page_view,文案生成,v2,web
2026-09-02,u_035,20260902_u_035,prompt_submit,文案生成,v2,web
2026-09-02,u_035,20260902_u_035,generation_success,文案生成,v2,web
2026-09-02,u_035,20260902_u_035,result_adopt,文案生成,v2,web
2026-09-02,u_035,20260902_u_035,feature_click,文案生成,v2,web
2026-09-02,u_036,20260902_u_036,page_view,表格分析,v2,desktop
2026-09-02,u_039,20260902_u_039,page_view,智能问答,v1,web
2026-09-02,u_039,20260902_u_039,prompt_submit,智能问答,v1,web
2026-09-02,u_039,20260902_u_039,generation_success,智能问答,v1,web
2026-09-02,u_041,20260902_u_041,page_view,智能问答,v2,web
2026-09-02,u_041,20260902_u_041,prompt_submit,智能问答,v2,web
2026-09-02,u_042,20260902_u_042,page_view,智能问答,v2,web
2026-09-02,u_042,20260902_u_042,prompt_submit,智能问答,v2,web
2026-09-02,u_042,20260902_u_042,generation_success,智能问答,v2,web
2026-09-02,u_042,20260902_u_042,feature_click,智能问答,v2,web
2026-09-02,u_043,20260902_u_043,page_view,表格分析,v1,web
2026-09-02,u_043,20260902_u_043,prompt_submit,表格分析,v1,web
2026-09-02,u_043,20260902_u_043,generation_success,表格分析,v1,web
2026-09-02,u_043,20260902_u_043,result_adopt,表格分析,v1,web
2026-09-02,u_043,20260902_u_043,feature_click,表格分析,v1,web
2026-09-02,u_044,20260902_u_044,page_view,文案生成,v2,desktop
2026-09-02,u_044,20260902_u_044,prompt_submit,文案生成,v2,desktop
2026-09-02,u_044,20260902_u_044,generation_success,文案生成,v2,desktop
2026-09-02,u_044,20260902_u_044,result_adopt,文案生成,v2,desktop
2026-09-02,u_046,20260902_u_046,page_view,智能问答,v2,desktop
2026-09-02,u_047,20260902_u_047,page_view,智能问答,v2,desktop
2026-09-02,u_048,20260902_u_048,page_view,文案生成,v1,web
2026-09-02,u_048,20260902_u_048,prompt_submit,文案生成,v1,web
2026-09-02,u_048,20260902_u_048,generation_success,文案生成,v1,web
2026-09-02,u_048,20260902_u_048,result_adopt,文案生成,v1,web
2026-09-02,u_049,20260902_u_049,page_view,表格分析,v2,web
2026-09-02,u_049,20260902_u_049,prompt_submit,表格分析,v2,web
2026-09-02,u_050,20260902_u_050,page_view,智能问答,v1,web
2026-09-02,u_050,20260902_u_050,prompt_submit,智能问答,v1,web
2026-09-02,u_050,20260902_u_050,generation_success,智能问答,v1,web
2026-09-02,u_050,20260902_u_050,result_adopt,智能问答,v1,web
2026-09-02,u_052,20260902_u_052,page_view,表格分析,v1,desktop
2026-09-02,u_052,20260902_u_052,prompt_submit,表格分析,v1,desktop
2026-09-02,u_052,20260902_u_052,generation_success,表格分析,v1,desktop
2026-09-02,u_052,20260902_u_052,result_adopt,表格分析,v1,desktop
2026-09-02,u_052,20260902_u_052,feature_click,表格分析,v1,desktop
2026-09-02,u_054,20260902_u_054,page_view,智能问答,v1,desktop
2026-09-02,u_054,20260902_u_054,prompt_submit,智能问答,v1,desktop
2026-09-02,u_054,20260902_u_054,generation_success,智能问答,v1,desktop
2026-09-02,u_054,20260902_u_054,feature_click,智能问答,v1,desktop
2026-09-02,u_055,20260902_u_055,page_view,表格分析,v1,desktop
2026-09-02,u_056,20260902_u_056,page_view,文案生成,v2,desktop
2026-09-02,u_059,20260902_u_059,page_view,文案生成,v2,web
2026-09-02,u_059,20260902_u_059,prompt_submit,文案生成,v2,web
2026-09-02,u_059,20260902_u_059,generation_success,文案生成,v2,web
2026-09-02,u_059,20260902_u_059,feature_click,文案生成,v2,web
2026-09-02,u_060,20260902_u_060,page_view,表格分析,v2,desktop
2026-09-02,u_060,20260902_u_060,prompt_submit,表格分析,v2,desktop
2026-09-02,u_060,20260902_u_060,generation_success,表格分析,v2,desktop
2026-09-02,u_060,20260902_u_060,feature_click,表格分析,v2,desktop
2026-09-02,u_061,20260902_u_061,page_view,智能问答,v1,desktop
2026-09-02,u_063,20260902_u_063,page_view,表格分析,v2,web
2026-09-02,u_063,20260902_u_063,prompt_submit,表格分析,v2,web
2026-09-02,u_063,20260902_u_063,generation_success,表格分析,v2,web
2026-09-02,u_063,20260902_u_063,result_adopt,表格分析,v2,web
2026-09-02,u_065,20260902_u_065,page_view,表格分析,v1,desktop
2026-09-02,u_066,20260902_u_066,page_view,智能问答,v2,desktop
2026-09-02,u_066,20260902_u_066,prompt_submit,智能问答,v2,desktop
2026-09-02,u_066,20260902_u_066,generation_success,智能问答,v2,desktop
2026-09-02,u_066,20260902_u_066,feature_click,智能问答,v2,desktop
2026-09-02,u_071,20260902_u_071,page_view,文案生成,v2,desktop
2026-09-02,u_071,20260902_u_071,prompt_submit,文案生成,v2,desktop
2026-09-02,u_071,20260902_u_071,generation_success,文案生成,v2,desktop
2026-09-02,u_071,20260902_u_071,result_adopt,文案生成,v2,desktop
2026-09-02,u_072,20260902_u_072,page_view,文案生成,v2,desktop
2026-09-02,u_072,20260902_u_072,prompt_submit,文案生成,v2,desktop
2026-09-02,u_072,20260902_u_072,generation_success,文案生成,v2,desktop
2026-09-02,u_072,20260902_u_072,result_adopt,文案生成,v2,desktop
2026-09-02,u_072,20260902_u_072,feature_click,文案生成,v2,desktop
2026-09-02,u_073,20260902_u_073,page_view,表格分析,v1,web
2026-09-02,u_073,20260902_u_073,prompt_submit,表格分析,v1,web
2026-09-02,u_073,20260902_u_073,generation_success,表格分析,v1,web
2026-09-02,u_073,20260902_u_073,result_adopt,表格分析,v1,web
2026-09-02,u_073,20260902_u_073,feature_click,表格分析,v1,web
2026-09-02,u_074,20260902_u_074,page_view,表格分析,v1,desktop
2026-09-02,u_074,20260902_u_074,prompt_submit,表格分析,v1,desktop
2026-09-02,u_074,20260902_u_074,generation_success,表格分析,v1,desktop
2026-09-02,u_074,20260902_u_074,result_adopt,表格分析,v1,desktop
2026-09-02,u_074,20260902_u_074,feature_click,表格分析,v1,desktop
2026-09-02,u_076,20260902_u_076,page_view,表格分析,v1,desktop
2026-09-02,u_076,20260902_u_076,prompt_submit,表格分析,v1,desktop
2026-09-02,u_076,20260902_u_076,generation_success,表格分析,v1,desktop
2026-09-02,u_076,20260902_u_076,result_adopt,表格分析,v1,desktop
2026-09-02,u_076,20260902_u_076,feature_click,表格分析,v1,desktop
2026-09-02,u_077,20260902_u_077,page_view,文案生成,v1,desktop
2026-09-02,u_077,20260902_u_077,prompt_submit,文案生成,v1,desktop
2026-09-02,u_077,20260902_u_077,generation_success,文案生成,v1,desktop
2026-09-02,u_077,20260902_u_077,feature_click,文案生成,v1,desktop
2026-09-02,u_080,20260902_u_080,page_view,智能问答,v2,web
2026-09-02,u_080,20260902_u_080,prompt_submit,智能问答,v2,web
2026-09-02,u_080,20260902_u_080,generation_success,智能问答,v2,web
2026-09-02,u_080,20260902_u_080,result_adopt,智能问答,v2,web
2026-09-02,u_080,20260902_u_080,feature_click,智能问答,v2,web
2026-09-02,u_081,20260902_u_081,page_view,文案生成,v2,desktop
2026-09-02,u_083,20260902_u_083,page_view,表格分析,v2,web
2026-09-02,u_085,20260902_u_085,page_view,文案生成,v1,desktop
2026-09-02,u_085,20260902_u_085,prompt_submit,文案生成,v1,desktop
2026-09-02,u_085,20260902_u_085,generation_success,文案生成,v1,desktop
2026-09-02,u_085,20260902_u_085,feature_click,文案生成,v1,desktop
2026-09-02,u_086,20260902_u_086,page_view,智能问答,v2,desktop
2026-09-02,u_086,20260902_u_086,prompt_submit,智能问答,v2,desktop
2026-09-02,u_086,20260902_u_086,generation_success,智能问答,v2,desktop
2026-09-02,u_087,20260902_u_087,page_view,文案生成,v1,web
2026-09-02,u_087,20260902_u_087,prompt_submit,文案生成,v1,web
2026-09-02,u_087,20260902_u_087,generation_success,文案生成,v1,web
2026-09-02,u_087,20260902_u_087,result_adopt,文案生成,v1,web
2026-09-02,u_087,20260902_u_087,feature_click,文案生成,v1,web
2026-09-02,u_088,20260902_u_088,page_view,文案生成,v1,web
2026-09-02,u_088,20260902_u_088,prompt_submit,文案生成,v1,web
2026-09-02,u_088,20260902_u_088,generation_success,文案生成,v1,web
2026-09-02,u_088,20260902_u_088,result_adopt,文案生成,v1,web
2026-09-02,u_089,20260902_u_089,page_view,文案生成,v1,desktop
2026-09-02,u_089,20260902_u_089,prompt_submit,文案生成,v1,desktop
2026-09-02,u_089,20260902_u_089,generation_success,文案生成,v1,desktop
2026-09-02,u_089,20260902_u_089,result_adopt,文案生成,v1,desktop
2026-09-02,u_089,20260902_u_089,feature_click,文案生成,v1,desktop
2026-09-02,u_090,20260902_u_090,page_view,智能问答,v1,web
2026-09-02,u_090,20260902_u_090,prompt_submit,智能问答,v1,web
2026-09-02,u_090,20260902_u_090,generation_success,智能问答,v1,web
2026-09-02,u_090,20260902_u_090,result_adopt,智能问答,v1,web
2026-09-02,u_094,20260902_u_094,page_view,智能问答,v1,web
2026-09-02,u_096,20260902_u_096,page_view,表格分析,v2,desktop
2026-09-02,u_096,20260902_u_096,prompt_submit,表格分析,v2,desktop
2026-09-02,u_096,20260902_u_096,generation_success,表格分析,v2,desktop
2026-09-02,u_096,20260902_u_096,result_adopt,表格分析,v2,desktop
2026-09-02,u_096,20260902_u_096,feature_click,表格分析,v2,desktop
2026-09-02,u_100,20260902_u_100,page_view,文案生成,v2,web
2026-09-02,u_100,20260902_u_100,prompt_submit,文案生成,v2,web
2026-09-02,u_100,20260902_u_100,generation_success,文案生成,v2,web
2026-09-02,u_100,20260902_u_100,result_adopt,文案生成,v2,web
2026-09-02,u_102,20260902_u_102,page_view,文案生成,v2,desktop
2026-09-02,u_102,20260902_u_102,prompt_submit,文案生成,v2,desktop
2026-09-02,u_102,20260902_u_102,generation_success,文案生成,v2,desktop
2026-09-02,u_102,20260902_u_102,feature_click,文案生成,v2,desktop
2026-09-02,u_105,20260902_u_105,page_view,文案生成,v2,web
2026-09-02,u_105,20260902_u_105,prompt_submit,文案生成,v2,web
2026-09-02,u_105,20260902_u_105,generation_success,文案生成,v2,web
2026-09-02,u_106,20260902_u_106,page_view,智能问答,v2,desktop
2026-09-02,u_109,20260902_u_109,page_view,文案生成,v2,web
2026-09-02,u_109,20260902_u_109,prompt_submit,文案生成,v2,web
2026-09-02,u_109,20260902_u_109,generation_success,文案生成,v2,web
2026-09-02,u_109,20260902_u_109,result_adopt,文案生成,v2,web
2026-09-02,u_110,20260902_u_110,page_view,表格分析,v1,desktop
2026-09-02,u_110,20260902_u_110,prompt_submit,表格分析,v1,desktop
2026-09-02,u_110,20260902_u_110,generation_success,表格分析,v1,desktop
2026-09-02,u_110,20260902_u_110,result_adopt,表格分析,v1,desktop
2026-09-02,u_110,20260902_u_110,feature_click,表格分析,v1,desktop
2026-09-02,u_112,20260902_u_112,page_view,智能问答,v1,desktop
2026-09-02,u_112,20260902_u_112,prompt_submit,智能问答,v1,desktop
2026-09-02,u_112,20260902_u_112,generation_success,智能问答,v1,desktop
2026-09-02,u_113,20260902_u_113,page_view,文案生成,v2,desktop
2026-09-02,u_113,20260902_u_113,prompt_submit,文案生成,v2,desktop
2026-09-02,u_113,20260902_u_113,generation_success,文案生成,v2,desktop
2026-09-02,u_113,20260902_u_113,result_adopt,文案生成,v2,desktop
2026-09-02,u_113,20260902_u_113,feature_click,文案生成,v2,desktop
2026-09-02,u_114,20260902_u_114,page_view,表格分析,v1,web
2026-09-02,u_114,20260902_u_114,prompt_submit,表格分析,v1,web
2026-09-02,u_114,20260902_u_114,generation_success,表格分析,v1,web
2026-09-02,u_115,20260902_u_115,page_view,文案生成,v1,web
2026-09-02,u_115,20260902_u_115,prompt_submit,文案生成,v1,web
2026-09-02,u_115,20260902_u_115,generation_success,文案生成,v1,web
2026-09-02,u_118,20260902_u_118,page_view,表格分析,v2,web
2026-09-02,u_118,20260902_u_118,prompt_submit,表格分析,v2,web
2026-09-02,u_118,20260902_u_118,generation_success,表格分析,v2,web
2026-09-02,u_119,20260902_u_119,page_view,文案生成,v2,desktop
2026-09-02,u_119,20260902_u_119,prompt_submit,文案生成,v2,desktop
2026-09-02,u_120,20260902_u_120,page_view,文案生成,v2,desktop
2026-09-02,u_120,20260902_u_120,prompt_submit,文案生成,v2,desktop
2026-09-02,u_120,20260902_u_120,generation_success,文案生成,v2,desktop
2026-09-02,u_121,20260902_u_121,page_view,表格分析,v2,web
2026-09-02,u_121,20260902_u_121,prompt_submit,表格分析,v2,web
2026-09-02,u_121,20260902_u_121,generation_success,表格分析,v2,web
2026-09-02,u_122,20260902_u_122,page_view,智能问答,v1,web
2026-09-02,u_122,20260902_u_122,prompt_submit,智能问答,v1,web
2026-09-02,u_122,20260902_u_122,generation_success,智能问答,v1,web
2026-09-02,u_123,20260902_u_123,page_view,表格分析,v2,desktop
2026-09-02,u_124,20260902_u_124,page_view,文案生成,v2,web
2026-09-02,u_124,20260902_u_124,prompt_submit,文案生成,v2,web
2026-09-02,u_124,20260902_u_124,generation_success,文案生成,v2,web
2026-09-02,u_124,20260902_u_124,feature_click,文案生成,v2,web
2026-09-02,u_125,20260902_u_125,page_view,表格分析,v2,web
2026-09-02,u_125,20260902_u_125,prompt_submit,表格分析,v2,web
2026-09-02,u_126,20260902_u_126,page_view,文案生成,v1,desktop
2026-09-02,u_126,20260902_u_126,prompt_submit,文案生成,v1,desktop
2026-09-02,u_126,20260902_u_126,generation_success,文案生成,v1,desktop
2026-09-02,u_126,20260902_u_126,result_adopt,文案生成,v1,desktop
2026-09-02,u_126,20260902_u_126,feature_click,文案生成,v1,desktop
2026-09-02,u_128,20260902_u_128,page_view,表格分析,v2,web
2026-09-02,u_128,20260902_u_128,prompt_submit,表格分析,v2,web
2026-09-02,u_129,20260902_u_129,page_view,表格分析,v1,web
2026-09-02,u_130,20260902_u_130,page_view,表格分析,v1,desktop
2026-09-02,u_130,20260902_u_130,prompt_submit,表格分析,v1,desktop
2026-09-02,u_130,20260902_u_130,generation_success,表格分析,v1,desktop
2026-09-02,u_130,20260902_u_130,feature_click,表格分析,v1,desktop
2026-09-02,u_131,20260902_u_131,page_view,智能问答,v1,desktop
2026-09-02,u_131,20260902_u_131,prompt_submit,智能问答,v1,desktop
2026-09-02,u_131,20260902_u_131,generation_success,智能问答,v1,desktop
2026-09-02,u_131,20260902_u_131,result_adopt,智能问答,v1,desktop
2026-09-02,u_132,20260902_u_132,page_view,文案生成,v2,desktop
2026-09-02,u_132,20260902_u_132,prompt_submit,文案生成,v2,desktop
2026-09-02,u_132,20260902_u_132,generation_success,文案生成,v2,desktop
2026-09-02,u_132,20260902_u_132,result_adopt,文案生成,v2,desktop
2026-09-02,u_134,20260902_u_134,page_view,文案生成,v2,desktop
2026-09-02,u_135,20260902_u_135,page_view,智能问答,v2,desktop
2026-09-02,u_135,20260902_u_135,prompt_submit,智能问答,v2,desktop
2026-09-02,u_135,20260902_u_135,generation_success,智能问答,v2,desktop
2026-09-02,u_135,20260902_u_135,result_adopt,智能问答,v2,desktop
2026-09-02,u_135,20260902_u_135,feature_click,智能问答,v2,desktop
2026-09-02,u_137,20260902_u_137,page_view,文案生成,v1,web
2026-09-02,u_137,20260902_u_137,prompt_submit,文案生成,v1,web
2026-09-02,u_137,20260902_u_137,generation_success,文案生成,v1,web
2026-09-02,u_137,20260902_u_137,result_adopt,文案生成,v1,web
2026-09-02,u_138,20260902_u_138,page_view,文案生成,v1,web
2026-09-02,u_138,20260902_u_138,prompt_submit,文案生成,v1,web
2026-09-02,u_138,20260902_u_138,generation_success,文案生成,v1,web
2026-09-02,u_139,20260902_u_139,page_view,智能问答,v2,web
2026-09-02,u_139,20260902_u_139,prompt_submit,智能问答,v2,web
2026-09-02,u_139,20260902_u_139,generation_success,智能问答,v2,web
2026-09-02,u_140,20260902_u_140,page_view,文案生成,v2,desktop
2026-09-02,u_140,20260902_u_140,prompt_submit,文案生成,v2,desktop
2026-09-02,u_141,20260902_u_141,page_view,表格分析,v1,desktop
2026-09-02,u_142,20260902_u_142,page_view,文案生成,v1,desktop
2026-09-02,u_144,20260902_u_144,page_view,智能问答,v1,web
2026-09-02,u_144,20260902_u_144,prompt_submit,智能问答,v1,web
2026-09-02,u_144,20260902_u_144,generation_success,智能问答,v1,web
2026-09-02,u_144,20260902_u_144,feature_click,智能问答,v1,web
2026-09-02,u_145,20260902_u_145,page_view,智能问答,v1,desktop
2026-09-02,u_145,20260902_u_145,prompt_submit,智能问答,v1,desktop
2026-09-02,u_145,20260902_u_145,generation_success,智能问答,v1,desktop
2026-09-02,u_145,20260902_u_145,result_adopt,智能问答,v1,desktop
2026-09-02,u_145,20260902_u_145,feature_click,智能问答,v1,desktop
2026-09-02,u_146,20260902_u_146,page_view,表格分析,v1,desktop
2026-09-02,u_146,20260902_u_146,prompt_submit,表格分析,v1,desktop
2026-09-02,u_146,20260902_u_146,generation_success,表格分析,v1,desktop
2026-09-02,u_146,20260902_u_146,result_adopt,表格分析,v1,desktop
2026-09-02,u_146,20260902_u_146,feature_click,表格分析,v1,desktop
2026-09-02,u_147,20260902_u_147,page_view,表格分析,v1,web
2026-09-02,u_147,20260902_u_147,prompt_submit,表格分析,v1,web
2026-09-02,u_147,20260902_u_147,generation_success,表格分析,v1,web
2026-09-02,u_147,20260902_u_147,result_adopt,表格分析,v1,web
2026-09-02,u_149,20260902_u_149,page_view,文案生成,v1,desktop
2026-09-02,u_150,20260902_u_150,page_view,智能问答,v2,web
2026-09-02,u_150,20260902_u_150,prompt_submit,智能问答,v2,web
2026-09-02,u_150,20260902_u_150,generation_success,智能问答,v2,web
2026-09-02,u_150,20260902_u_150,result_adopt,智能问答,v2,web
2026-09-02,u_151,20260902_u_151,page_view,文案生成,v1,desktop
2026-09-02,u_151,20260902_u_151,prompt_submit,文案生成,v1,desktop
2026-09-02,u_151,20260902_u_151,generation_success,文案生成,v1,desktop
2026-09-02,u_151,20260902_u_151,result_adopt,文案生成,v1,desktop
2026-09-02,u_151,20260902_u_151,feature_click,文案生成,v1,desktop
2026-09-02,u_154,20260902_u_154,page_view,智能问答,v1,web
2026-09-02,u_154,20260902_u_154,prompt_submit,智能问答,v1,web
2026-09-02,u_154,20260902_u_154,generation_success,智能问答,v1,web
2026-09-02,u_154,20260902_u_154,result_adopt,智能问答,v1,web
2026-09-02,u_155,20260902_u_155,page_view,表格分析,v2,desktop
2026-09-02,u_155,20260902_u_155,prompt_submit,表格分析,v2,desktop
2026-09-02,u_155,20260902_u_155,generation_success,表格分析,v2,desktop
2026-09-02,u_157,20260902_u_157,page_view,智能问答,v1,web
2026-09-02,u_158,20260902_u_158,page_view,表格分析,v2,desktop
2026-09-02,u_158,20260902_u_158,prompt_submit,表格分析,v2,desktop
2026-09-02,u_158,20260902_u_158,generation_success,表格分析,v2,desktop
2026-09-02,u_158,20260902_u_158,result_adopt,表格分析,v2,desktop
2026-09-02,u_158,20260902_u_158,feature_click,表格分析,v2,desktop
2026-09-02,u_160,20260902_u_160,page_view,智能问答,v2,web
2026-09-02,u_165,20260902_u_165,page_view,表格分析,v1,desktop
2026-09-02,u_165,20260902_u_165,prompt_submit,表格分析,v1,desktop
2026-09-02,u_165,20260902_u_165,generation_success,表格分析,v1,desktop
2026-09-02,u_165,20260902_u_165,feature_click,表格分析,v1,desktop
2026-09-02,u_166,20260902_u_166,page_view,智能问答,v1,web
2026-09-02,u_166,20260902_u_166,prompt_submit,智能问答,v1,web
2026-09-02,u_168,20260902_u_168,page_view,智能问答,v2,desktop
2026-09-02,u_168,20260902_u_168,prompt_submit,智能问答,v2,desktop
2026-09-02,u_168,20260902_u_168,generation_success,智能问答,v2,desktop
2026-09-02,u_170,20260902_u_170,page_view,表格分析,v2,web
2026-09-02,u_171,20260902_u_171,page_view,表格分析,v1,web
2026-09-02,u_171,20260902_u_171,prompt_submit,表格分析,v1,web
2026-09-02,u_172,20260902_u_172,page_view,文案生成,v2,desktop
2026-09-02,u_172,20260902_u_172,prompt_submit,文案生成,v2,desktop
2026-09-02,u_172,20260902_u_172,generation_success,文案生成,v2,desktop
2026-09-02,u_172,20260902_u_172,feature_click,文案生成,v2,desktop
2026-09-02,u_174,20260902_u_174,page_view,表格分析,v2,desktop
2026-09-02,u_174,20260902_u_174,prompt_submit,表格分析,v2,desktop
2026-09-02,u_174,20260902_u_174,generation_success,表格分析,v2,desktop
2026-09-02,u_174,20260902_u_174,feature_click,表格分析,v2,desktop
2026-09-02,u_176,20260902_u_176,page_view,文案生成,v2,web
2026-09-02,u_176,20260902_u_176,prompt_submit,文案生成,v2,web
2026-09-02,u_176,20260902_u_176,generation_success,文案生成,v2,web
2026-09-02,u_176,20260902_u_176,result_adopt,文案生成,v2,web
2026-09-02,u_180,20260902_u_180,page_view,文案生成,v2,web
2026-09-02,u_180,20260902_u_180,prompt_submit,文案生成,v2,web
2026-09-02,u_180,20260902_u_180,generation_success,文案生成,v2,web
2026-09-02,u_180,20260902_u_180,feature_click,文案生成,v2,web
2026-09-03,u_001,20260903_u_001,page_view,智能问答,v2,desktop
2026-09-03,u_001,20260903_u_001,prompt_submit,智能问答,v2,desktop
2026-09-03,u_001,20260903_u_001,generation_success,智能问答,v2,desktop
2026-09-03,u_001,20260903_u_001,result_adopt,智能问答,v2,desktop
2026-09-03,u_001,20260903_u_001,feature_click,智能问答,v2,desktop
2026-09-03,u_002,20260903_u_002,page_view,表格分析,v2,desktop
2026-09-03,u_002,20260903_u_002,prompt_submit,表格分析,v2,desktop
2026-09-03,u_002,20260903_u_002,generation_success,表格分析,v2,desktop
2026-09-03,u_003,20260903_u_003,page_view,文案生成,v1,desktop
2026-09-03,u_003,20260903_u_003,prompt_submit,文案生成,v1,desktop
2026-09-03,u_003,20260903_u_003,generation_success,文案生成,v1,desktop
2026-09-03,u_003,20260903_u_003,feature_click,文案生成,v1,desktop
2026-09-03,u_005,20260903_u_005,page_view,表格分析,v1,web
2026-09-03,u_005,20260903_u_005,prompt_submit,表格分析,v1,web
2026-09-03,u_005,20260903_u_005,generation_success,表格分析,v1,web
2026-09-03,u_005,20260903_u_005,feature_click,表格分析,v1,web
2026-09-03,u_006,20260903_u_006,page_view,文案生成,v1,desktop
2026-09-03,u_006,20260903_u_006,prompt_submit,文案生成,v1,desktop
2026-09-03,u_006,20260903_u_006,generation_success,文案生成,v1,desktop
2026-09-03,u_010,20260903_u_010,page_view,文案生成,v1,desktop
2026-09-03,u_010,20260903_u_010,prompt_submit,文案生成,v1,desktop
2026-09-03,u_010,20260903_u_010,generation_success,文案生成,v1,desktop
2026-09-03,u_013,20260903_u_013,page_view,智能问答,v1,desktop
2026-09-03,u_013,20260903_u_013,prompt_submit,智能问答,v1,desktop
2026-09-03,u_013,20260903_u_013,generation_success,智能问答,v1,desktop
2026-09-03,u_014,20260903_u_014,page_view,智能问答,v1,desktop
2026-09-03,u_014,20260903_u_014,prompt_submit,智能问答,v1,desktop
2026-09-03,u_014,20260903_u_014,generation_success,智能问答,v1,desktop
2026-09-03,u_015,20260903_u_015,page_view,文案生成,v2,web
2026-09-03,u_015,20260903_u_015,prompt_submit,文案生成,v2,web
2026-09-03,u_015,20260903_u_015,generation_success,文案生成,v2,web
2026-09-03,u_015,20260903_u_015,result_adopt,文案生成,v2,web
2026-09-03,u_016,20260903_u_016,page_view,文案生成,v1,web
2026-09-03,u_016,20260903_u_016,prompt_submit,文案生成,v1,web
2026-09-03,u_016,20260903_u_016,generation_success,文案生成,v1,web
2026-09-03,u_016,20260903_u_016,result_adopt,文案生成,v1,web
2026-09-03,u_018,20260903_u_018,page_view,智能问答,v1,web
2026-09-03,u_018,20260903_u_018,prompt_submit,智能问答,v1,web
2026-09-03,u_018,20260903_u_018,generation_success,智能问答,v1,web
2026-09-03,u_018,20260903_u_018,result_adopt,智能问答,v1,web
2026-09-03,u_018,20260903_u_018,feature_click,智能问答,v1,web
2026-09-03,u_019,20260903_u_019,page_view,表格分析,v1,desktop
2026-09-03,u_025,20260903_u_025,page_view,表格分析,v2,desktop
2026-09-03,u_025,20260903_u_025,prompt_submit,表格分析,v2,desktop
2026-09-03,u_026,20260903_u_026,page_view,智能问答,v1,desktop
2026-09-03,u_027,20260903_u_027,page_view,文案生成,v1,desktop
2026-09-03,u_029,20260903_u_029,page_view,智能问答,v1,desktop
2026-09-03,u_029,20260903_u_029,prompt_submit,智能问答,v1,desktop
2026-09-03,u_029,20260903_u_029,generation_success,智能问答,v1,desktop
2026-09-03,u_029,20260903_u_029,result_adopt,智能问答,v1,desktop
2026-09-03,u_031,20260903_u_031,page_view,智能问答,v1,desktop
2026-09-03,u_031,20260903_u_031,prompt_submit,智能问答,v1,desktop
2026-09-03,u_032,20260903_u_032,page_view,文案生成,v1,web
2026-09-03,u_032,20260903_u_032,prompt_submit,文案生成,v1,web
2026-09-03,u_032,20260903_u_032,generation_success,文案生成,v1,web
2026-09-03,u_032,20260903_u_032,result_adopt,文案生成,v1,web
2026-09-03,u_032,20260903_u_032,feature_click,文案生成,v1,web
2026-09-03,u_035,20260903_u_035,page_view,文案生成,v2,web
2026-09-03,u_035,20260903_u_035,prompt_submit,文案生成,v2,web
2026-09-03,u_035,20260903_u_035,generation_success,文案生成,v2,web
2026-09-03,u_036,20260903_u_036,page_view,文案生成,v2,desktop
2026-09-03,u_036,20260903_u_036,prompt_submit,文案生成,v2,desktop
2026-09-03,u_036,20260903_u_036,generation_success,文案生成,v2,desktop
2026-09-03,u_036,20260903_u_036,result_adopt,文案生成,v2,desktop
2026-09-03,u_037,20260903_u_037,page_view,文案生成,v2,desktop
2026-09-03,u_037,20260903_u_037,prompt_submit,文案生成,v2,desktop
2026-09-03,u_037,20260903_u_037,generation_success,文案生成,v2,desktop
2026-09-03,u_037,20260903_u_037,result_adopt,文案生成,v2,desktop
2026-09-03,u_037,20260903_u_037,feature_click,文案生成,v2,desktop
2026-09-03,u_038,20260903_u_038,page_view,文案生成,v1,web
2026-09-03,u_038,20260903_u_038,prompt_submit,文案生成,v1,web
2026-09-03,u_038,20260903_u_038,generation_success,文案生成,v1,web
2026-09-03,u_038,20260903_u_038,result_adopt,文案生成,v1,web
2026-09-03,u_039,20260903_u_039,page_view,表格分析,v1,desktop
2026-09-03,u_039,20260903_u_039,prompt_submit,表格分析,v1,desktop
2026-09-03,u_039,20260903_u_039,generation_success,表格分析,v1,desktop
2026-09-03,u_039,20260903_u_039,result_adopt,表格分析,v1,desktop
2026-09-03,u_039,20260903_u_039,feature_click,表格分析,v1,desktop
2026-09-03,u_040,20260903_u_040,page_view,智能问答,v1,web
2026-09-03,u_040,20260903_u_040,prompt_submit,智能问答,v1,web
2026-09-03,u_040,20260903_u_040,generation_success,智能问答,v1,web
2026-09-03,u_040,20260903_u_040,result_adopt,智能问答,v1,web
2026-09-03,u_040,20260903_u_040,feature_click,智能问答,v1,web
2026-09-03,u_041,20260903_u_041,page_view,智能问答,v1,desktop
2026-09-03,u_042,20260903_u_042,page_view,表格分析,v1,desktop
2026-09-03,u_042,20260903_u_042,prompt_submit,表格分析,v1,desktop
2026-09-03,u_042,20260903_u_042,generation_success,表格分析,v1,desktop
2026-09-03,u_042,20260903_u_042,feature_click,表格分析,v1,desktop
2026-09-03,u_043,20260903_u_043,page_view,智能问答,v1,desktop
2026-09-03,u_043,20260903_u_043,prompt_submit,智能问答,v1,desktop
2026-09-03,u_043,20260903_u_043,generation_success,智能问答,v1,desktop
2026-09-03,u_043,20260903_u_043,feature_click,智能问答,v1,desktop
2026-09-03,u_044,20260903_u_044,page_view,文案生成,v2,desktop
2026-09-03,u_044,20260903_u_044,prompt_submit,文案生成,v2,desktop
2026-09-03,u_044,20260903_u_044,generation_success,文案生成,v2,desktop
2026-09-03,u_044,20260903_u_044,result_adopt,文案生成,v2,desktop
2026-09-03,u_044,20260903_u_044,feature_click,文案生成,v2,desktop
2026-09-03,u_047,20260903_u_047,page_view,表格分析,v2,desktop
2026-09-03,u_047,20260903_u_047,prompt_submit,表格分析,v2,desktop
2026-09-03,u_047,20260903_u_047,generation_success,表格分析,v2,desktop
2026-09-03,u_047,20260903_u_047,result_adopt,表格分析,v2,desktop
2026-09-03,u_050,20260903_u_050,page_view,智能问答,v2,desktop
2026-09-03,u_050,20260903_u_050,prompt_submit,智能问答,v2,desktop
2026-09-03,u_050,20260903_u_050,generation_success,智能问答,v2,desktop
2026-09-03,u_050,20260903_u_050,result_adopt,智能问答,v2,desktop
2026-09-03,u_051,20260903_u_051,page_view,智能问答,v2,web
2026-09-03,u_051,20260903_u_051,prompt_submit,智能问答,v2,web
2026-09-03,u_051,20260903_u_051,generation_success,智能问答,v2,web
2026-09-03,u_051,20260903_u_051,feature_click,智能问答,v2,web
2026-09-03,u_052,20260903_u_052,page_view,文案生成,v2,web
2026-09-03,u_052,20260903_u_052,prompt_submit,文案生成,v2,web
2026-09-03,u_052,20260903_u_052,generation_success,文案生成,v2,web
2026-09-03,u_053,20260903_u_053,page_view,智能问答,v2,desktop
2026-09-03,u_053,20260903_u_053,prompt_submit,智能问答,v2,desktop
2026-09-03,u_053,20260903_u_053,generation_success,智能问答,v2,desktop
2026-09-03,u_053,20260903_u_053,feature_click,智能问答,v2,desktop
2026-09-03,u_055,20260903_u_055,page_view,智能问答,v2,web
2026-09-03,u_055,20260903_u_055,prompt_submit,智能问答,v2,web
2026-09-03,u_056,20260903_u_056,page_view,智能问答,v2,desktop
2026-09-03,u_056,20260903_u_056,prompt_submit,智能问答,v2,desktop
2026-09-03,u_056,20260903_u_056,generation_success,智能问答,v2,desktop
2026-09-03,u_056,20260903_u_056,result_adopt,智能问答,v2,desktop
2026-09-03,u_058,20260903_u_058,page_view,表格分析,v1,web
2026-09-03,u_058,20260903_u_058,prompt_submit,表格分析,v1,web
2026-09-03,u_058,20260903_u_058,generation_success,表格分析,v1,web
2026-09-03,u_058,20260903_u_058,result_adopt,表格分析,v1,web
2026-09-03,u_058,20260903_u_058,feature_click,表格分析,v1,web
2026-09-03,u_062,20260903_u_062,page_view,表格分析,v2,web
2026-09-03,u_062,20260903_u_062,prompt_submit,表格分析,v2,web
2026-09-03,u_062,20260903_u_062,generation_success,表格分析,v2,web
2026-09-03,u_062,20260903_u_062,feature_click,表格分析,v2,web
2026-09-03,u_063,20260903_u_063,page_view,表格分析,v1,desktop
2026-09-03,u_063,20260903_u_063,prompt_submit,表格分析,v1,desktop
2026-09-03,u_065,20260903_u_065,page_view,表格分析,v1,web
2026-09-03,u_065,20260903_u_065,prompt_submit,表格分析,v1,web
2026-09-03,u_065,20260903_u_065,generation_success,表格分析,v1,web
2026-09-03,u_065,20260903_u_065,result_adopt,表格分析,v1,web
2026-09-03,u_068,20260903_u_068,page_view,表格分析,v2,desktop
2026-09-03,u_070,20260903_u_070,page_view,智能问答,v2,desktop
2026-09-03,u_071,20260903_u_071,page_view,智能问答,v2,web
2026-09-03,u_071,20260903_u_071,prompt_submit,智能问答,v2,web
2026-09-03,u_071,20260903_u_071,generation_success,智能问答,v2,web
2026-09-03,u_071,20260903_u_071,result_adopt,智能问答,v2,web
2026-09-03,u_073,20260903_u_073,page_view,智能问答,v1,desktop
2026-09-03,u_073,20260903_u_073,prompt_submit,智能问答,v1,desktop
2026-09-03,u_073,20260903_u_073,generation_success,智能问答,v1,desktop
2026-09-03,u_073,20260903_u_073,result_adopt,智能问答,v1,desktop
2026-09-03,u_073,20260903_u_073,feature_click,智能问答,v1,desktop
2026-09-03,u_076,20260903_u_076,page_view,文案生成,v2,web
2026-09-03,u_076,20260903_u_076,prompt_submit,文案生成,v2,web
2026-09-03,u_076,20260903_u_076,generation_success,文案生成,v2,web
2026-09-03,u_076,20260903_u_076,result_adopt,文案生成,v2,web
2026-09-03,u_076,20260903_u_076,feature_click,文案生成,v2,web
2026-09-03,u_077,20260903_u_077,page_view,智能问答,v2,desktop
2026-09-03,u_077,20260903_u_077,prompt_submit,智能问答,v2,desktop
2026-09-03,u_077,20260903_u_077,generation_success,智能问答,v2,desktop
2026-09-03,u_077,20260903_u_077,result_adopt,智能问答,v2,desktop
2026-09-03,u_078,20260903_u_078,page_view,文案生成,v2,desktop
2026-09-03,u_078,20260903_u_078,prompt_submit,文案生成,v2,desktop
2026-09-03,u_078,20260903_u_078,generation_success,文案生成,v2,desktop
2026-09-03,u_078,20260903_u_078,result_adopt,文案生成,v2,desktop
2026-09-03,u_078,20260903_u_078,feature_click,文案生成,v2,desktop
2026-09-03,u_079,20260903_u_079,page_view,智能问答,v1,web
2026-09-03,u_080,20260903_u_080,page_view,表格分析,v2,web
2026-09-03,u_081,20260903_u_081,page_view,表格分析,v1,desktop
2026-09-03,u_081,20260903_u_081,prompt_submit,表格分析,v1,desktop
2026-09-03,u_081,20260903_u_081,generation_success,表格分析,v1,desktop
2026-09-03,u_081,20260903_u_081,result_adopt,表格分析,v1,desktop
2026-09-03,u_084,20260903_u_084,page_view,智能问答,v2,desktop
2026-09-03,u_084,20260903_u_084,prompt_submit,智能问答,v2,desktop
2026-09-03,u_084,20260903_u_084,generation_success,智能问答,v2,desktop
2026-09-03,u_085,20260903_u_085,page_view,文案生成,v2,desktop
2026-09-03,u_085,20260903_u_085,prompt_submit,文案生成,v2,desktop
2026-09-03,u_085,20260903_u_085,generation_success,文案生成,v2,desktop
2026-09-03,u_085,20260903_u_085,feature_click,文案生成,v2,desktop
2026-09-03,u_087,20260903_u_087,page_view,智能问答,v1,web
2026-09-03,u_087,20260903_u_087,prompt_submit,智能问答,v1,web
2026-09-03,u_087,20260903_u_087,generation_success,智能问答,v1,web
2026-09-03,u_087,20260903_u_087,feature_click,智能问答,v1,web
2026-09-03,u_088,20260903_u_088,page_view,文案生成,v1,desktop
2026-09-03,u_089,20260903_u_089,page_view,文案生成,v2,desktop
2026-09-03,u_089,20260903_u_089,prompt_submit,文案生成,v2,desktop
2026-09-03,u_089,20260903_u_089,generation_success,文案生成,v2,desktop
2026-09-03,u_089,20260903_u_089,result_adopt,文案生成,v2,desktop
2026-09-03,u_089,20260903_u_089,feature_click,文案生成,v2,desktop
2026-09-03,u_090,20260903_u_090,page_view,智能问答,v2,web
2026-09-03,u_090,20260903_u_090,prompt_submit,智能问答,v2,web
2026-09-03,u_090,20260903_u_090,generation_success,智能问答,v2,web
2026-09-03,u_092,20260903_u_092,page_view,文案生成,v1,web
2026-09-03,u_092,20260903_u_092,prompt_submit,文案生成,v1,web
2026-09-03,u_092,20260903_u_092,generation_success,文案生成,v1,web
2026-09-03,u_093,20260903_u_093,page_view,表格分析,v2,web
2026-09-03,u_093,20260903_u_093,prompt_submit,表格分析,v2,web
2026-09-03,u_093,20260903_u_093,generation_success,表格分析,v2,web
2026-09-03,u_094,20260903_u_094,page_view,表格分析,v2,desktop
2026-09-03,u_094,20260903_u_094,prompt_submit,表格分析,v2,desktop
2026-09-03,u_094,20260903_u_094,generation_success,表格分析,v2,desktop
2026-09-03,u_094,20260903_u_094,result_adopt,表格分析,v2,desktop
2026-09-03,u_094,20260903_u_094,feature_click,表格分析,v2,desktop
2026-09-03,u_095,20260903_u_095,page_view,文案生成,v1,desktop
2026-09-03,u_095,20260903_u_095,prompt_submit,文案生成,v1,desktop
2026-09-03,u_095,20260903_u_095,generation_success,文案生成,v1,desktop
2026-09-03,u_098,20260903_u_098,page_view,智能问答,v1,web
2026-09-03,u_098,20260903_u_098,prompt_submit,智能问答,v1,web
2026-09-03,u_098,20260903_u_098,generation_success,智能问答,v1,web
2026-09-03,u_098,20260903_u_098,result_adopt,智能问答,v1,web
2026-09-03,u_099,20260903_u_099,page_view,文案生成,v2,desktop
2026-09-03,u_099,20260903_u_099,prompt_submit,文案生成,v2,desktop
2026-09-03,u_100,20260903_u_100,page_view,文案生成,v1,web
2026-09-03,u_100,20260903_u_100,prompt_submit,文案生成,v1,web
2026-09-03,u_100,20260903_u_100,generation_success,文案生成,v1,web
2026-09-03,u_101,20260903_u_101,page_view,表格分析,v1,web
2026-09-03,u_101,20260903_u_101,prompt_submit,表格分析,v1,web
2026-09-03,u_101,20260903_u_101,generation_success,表格分析,v1,web
2026-09-03,u_102,20260903_u_102,page_view,智能问答,v1,desktop
2026-09-03,u_102,20260903_u_102,prompt_submit,智能问答,v1,desktop
2026-09-03,u_102,20260903_u_102,generation_success,智能问答,v1,desktop
2026-09-03,u_102,20260903_u_102,result_adopt,智能问答,v1,desktop
2026-09-03,u_102,20260903_u_102,feature_click,智能问答,v1,desktop
2026-09-03,u_103,20260903_u_103,page_view,表格分析,v1,desktop
2026-09-03,u_104,20260903_u_104,page_view,文案生成,v2,web
2026-09-03,u_104,20260903_u_104,prompt_submit,文案生成,v2,web
2026-09-03,u_106,20260903_u_106,page_view,表格分析,v1,web
2026-09-03,u_106,20260903_u_106,prompt_submit,表格分析,v1,web
2026-09-03,u_106,20260903_u_106,generation_success,表格分析,v1,web
2026-09-03,u_106,20260903_u_106,feature_click,表格分析,v1,web
2026-09-03,u_107,20260903_u_107,page_view,文案生成,v1,desktop
2026-09-03,u_108,20260903_u_108,page_view,智能问答,v1,web
2026-09-03,u_108,20260903_u_108,prompt_submit,智能问答,v1,web
2026-09-03,u_108,20260903_u_108,generation_success,智能问答,v1,web
2026-09-03,u_108,20260903_u_108,feature_click,智能问答,v1,web
2026-09-03,u_110,20260903_u_110,page_view,智能问答,v1,desktop
2026-09-03,u_110,20260903_u_110,prompt_submit,智能问答,v1,desktop
2026-09-03,u_110,20260903_u_110,generation_success,智能问答,v1,desktop
2026-09-03,u_110,20260903_u_110,result_adopt,智能问答,v1,desktop
2026-09-03,u_111,20260903_u_111,page_view,表格分析,v1,desktop
2026-09-03,u_111,20260903_u_111,prompt_submit,表格分析,v1,desktop
2026-09-03,u_111,20260903_u_111,generation_success,表格分析,v1,desktop
2026-09-03,u_113,20260903_u_113,page_view,表格分析,v1,web
2026-09-03,u_113,20260903_u_113,prompt_submit,表格分析,v1,web
2026-09-03,u_113,20260903_u_113,generation_success,表格分析,v1,web
2026-09-03,u_120,20260903_u_120,page_view,智能问答,v1,web
2026-09-03,u_120,20260903_u_120,prompt_submit,智能问答,v1,web
2026-09-03,u_120,20260903_u_120,generation_success,智能问答,v1,web
2026-09-03,u_120,20260903_u_120,result_adopt,智能问答,v1,web
2026-09-03,u_120,20260903_u_120,feature_click,智能问答,v1,web
2026-09-03,u_124,20260903_u_124,page_view,文案生成,v2,desktop
2026-09-03,u_124,20260903_u_124,prompt_submit,文案生成,v2,desktop
2026-09-03,u_124,20260903_u_124,generation_success,文案生成,v2,desktop
2026-09-03,u_124,20260903_u_124,result_adopt,文案生成,v2,desktop
2026-09-03,u_126,20260903_u_126,page_view,智能问答,v2,web
2026-09-03,u_126,20260903_u_126,prompt_submit,智能问答,v2,web
2026-09-03,u_126,20260903_u_126,generation_success,智能问答,v2,web
2026-09-03,u_126,20260903_u_126,feature_click,智能问答,v2,web
2026-09-03,u_127,20260903_u_127,page_view,智能问答,v2,desktop
2026-09-03,u_127,20260903_u_127,prompt_submit,智能问答,v2,desktop
2026-09-03,u_127,20260903_u_127,generation_success,智能问答,v2,desktop
2026-09-03,u_127,20260903_u_127,feature_click,智能问答,v2,desktop
2026-09-03,u_131,20260903_u_131,page_view,表格分析,v1,desktop
2026-09-03,u_131,20260903_u_131,prompt_submit,表格分析,v1,desktop
2026-09-03,u_131,20260903_u_131,generation_success,表格分析,v1,desktop
2026-09-03,u_132,20260903_u_132,page_view,智能问答,v2,web
2026-09-03,u_132,20260903_u_132,prompt_submit,智能问答,v2,web
2026-09-03,u_133,20260903_u_133,page_view,表格分析,v2,desktop
2026-09-03,u_136,20260903_u_136,page_view,表格分析,v2,desktop
2026-09-03,u_136,20260903_u_136,prompt_submit,表格分析,v2,desktop
2026-09-03,u_136,20260903_u_136,generation_success,表格分析,v2,desktop
2026-09-03,u_136,20260903_u_136,result_adopt,表格分析,v2,desktop
2026-09-03,u_138,20260903_u_138,page_view,文案生成,v1,desktop
2026-09-03,u_138,20260903_u_138,prompt_submit,文案生成,v1,desktop
2026-09-03,u_138,20260903_u_138,generation_success,文案生成,v1,desktop
2026-09-03,u_138,20260903_u_138,result_adopt,文案生成,v1,desktop
2026-09-03,u_138,20260903_u_138,feature_click,文案生成,v1,desktop
2026-09-03,u_141,20260903_u_141,page_view,表格分析,v1,web
2026-09-03,u_141,20260903_u_141,prompt_submit,表格分析,v1,web
2026-09-03,u_141,20260903_u_141,generation_success,表格分析,v1,web
2026-09-03,u_142,20260903_u_142,page_view,智能问答,v2,desktop
2026-09-03,u_142,20260903_u_142,prompt_submit,智能问答,v2,desktop
2026-09-03,u_142,20260903_u_142,generation_success,智能问答,v2,desktop
2026-09-03,u_143,20260903_u_143,page_view,文案生成,v1,web
2026-09-03,u_143,20260903_u_143,prompt_submit,文案生成,v1,web
2026-09-03,u_143,20260903_u_143,generation_success,文案生成,v1,web
2026-09-03,u_143,20260903_u_143,result_adopt,文案生成,v1,web
2026-09-03,u_143,20260903_u_143,feature_click,文案生成,v1,web
2026-09-03,u_144,20260903_u_144,page_view,智能问答,v1,desktop
2026-09-03,u_146,20260903_u_146,page_view,表格分析,v2,web
2026-09-03,u_147,20260903_u_147,page_view,文案生成,v2,desktop
2026-09-03,u_147,20260903_u_147,prompt_submit,文案生成,v2,desktop
2026-09-03,u_148,20260903_u_148,page_view,智能问答,v2,desktop
2026-09-03,u_148,20260903_u_148,prompt_submit,智能问答,v2,desktop
2026-09-03,u_151,20260903_u_151,page_view,智能问答,v2,desktop
2026-09-03,u_151,20260903_u_151,prompt_submit,智能问答,v2,desktop
2026-09-03,u_151,20260903_u_151,generation_success,智能问答,v2,desktop
2026-09-03,u_151,20260903_u_151,result_adopt,智能问答,v2,desktop
2026-09-03,u_151,20260903_u_151,feature_click,智能问答,v2,desktop
2026-09-03,u_152,20260903_u_152,page_view,智能问答,v2,web
2026-09-03,u_152,20260903_u_152,prompt_submit,智能问答,v2,web
2026-09-03,u_152,20260903_u_152,generation_success,智能问答,v2,web
2026-09-03,u_152,20260903_u_152,feature_click,智能问答,v2,web
2026-09-03,u_154,20260903_u_154,page_view,表格分析,v1,desktop
2026-09-03,u_154,20260903_u_154,prompt_submit,表格分析,v1,desktop
2026-09-03,u_154,20260903_u_154,generation_success,表格分析,v1,desktop
2026-09-03,u_154,20260903_u_154,result_adopt,表格分析,v1,desktop
2026-09-03,u_155,20260903_u_155,page_view,表格分析,v2,web
2026-09-03,u_155,20260903_u_155,prompt_submit,表格分析,v2,web
2026-09-03,u_155,20260903_u_155,generation_success,表格分析,v2,web
2026-09-03,u_155,20260903_u_155,feature_click,表格分析,v2,web
2026-09-03,u_156,20260903_u_156,page_view,表格分析,v2,web
2026-09-03,u_156,20260903_u_156,prompt_submit,表格分析,v2,web
2026-09-03,u_156,20260903_u_156,generation_success,表格分析,v2,web
2026-09-03,u_157,20260903_u_157,page_view,智能问答,v2,desktop
2026-09-03,u_157,20260903_u_157,prompt_submit,智能问答,v2,desktop
2026-09-03,u_157,20260903_u_157,generation_success,智能问答,v2,desktop
2026-09-03,u_157,20260903_u_157,result_adopt,智能问答,v2,desktop
2026-09-03,u_157,20260903_u_157,feature_click,智能问答,v2,desktop
2026-09-03,u_158,20260903_u_158,page_view,表格分析,v2,desktop
2026-09-03,u_158,20260903_u_158,prompt_submit,表格分析,v2,desktop
2026-09-03,u_158,20260903_u_158,generation_success,表格分析,v2,desktop
2026-09-03,u_158,20260903_u_158,result_adopt,表格分析,v2,desktop
2026-09-03,u_158,20260903_u_158,feature_click,表格分析,v2,desktop
2026-09-03,u_160,20260903_u_160,page_view,文案生成,v2,web
2026-09-03,u_161,20260903_u_161,page_view,表格分析,v1,web
2026-09-03,u_161,20260903_u_161,prompt_submit,表格分析,v1,web
2026-09-03,u_161,20260903_u_161,generation_success,表格分析,v1,web
2026-09-03,u_161,20260903_u_161,feature_click,表格分析,v1,web
2026-09-03,u_162,20260903_u_162,page_view,文案生成,v2,desktop
2026-09-03,u_162,20260903_u_162,prompt_submit,文案生成,v2,desktop
2026-09-03,u_162,20260903_u_162,generation_success,文案生成,v2,desktop
2026-09-03,u_163,20260903_u_163,page_view,文案生成,v1,web
2026-09-03,u_164,20260903_u_164,page_view,智能问答,v1,desktop
2026-09-03,u_164,20260903_u_164,prompt_submit,智能问答,v1,desktop
2026-09-03,u_164,20260903_u_164,generation_success,智能问答,v1,desktop
2026-09-03,u_165,20260903_u_165,page_view,智能问答,v2,desktop
2026-09-03,u_165,20260903_u_165,prompt_submit,智能问答,v2,desktop
2026-09-03,u_165,20260903_u_165,generation_success,智能问答,v2,desktop
2026-09-03,u_165,20260903_u_165,result_adopt,智能问答,v2,desktop
2026-09-03,u_166,20260903_u_166,page_view,智能问答,v1,desktop
2026-09-03,u_166,20260903_u_166,prompt_submit,智能问答,v1,desktop
2026-09-03,u_166,20260903_u_166,generation_success,智能问答,v1,desktop
2026-09-03,u_166,20260903_u_166,result_adopt,智能问答,v1,desktop
2026-09-03,u_166,20260903_u_166,feature_click,智能问答,v1,desktop
2026-09-03,u_167,20260903_u_167,page_view,文案生成,v1,web
2026-09-03,u_170,20260903_u_170,page_view,表格分析,v1,web
2026-09-03,u_170,20260903_u_170,prompt_submit,表格分析,v1,web
2026-09-03,u_170,20260903_u_170,generation_success,表格分析,v1,web
2026-09-03,u_173,20260903_u_173,page_view,文案生成,v2,web
2026-09-03,u_173,20260903_u_173,prompt_submit,文案生成,v2,web
2026-09-03,u_173,20260903_u_173,generation_success,文案生成,v2,web
2026-09-03,u_174,20260903_u_174,page_view,文案生成,v2,desktop
2026-09-03,u_174,20260903_u_174,prompt_submit,文案生成,v2,desktop
2026-09-03,u_174,20260903_u_174,generation_success,文案生成,v2,desktop
2026-09-03,u_174,20260903_u_174,result_adopt,文案生成,v2,desktop
2026-09-03,u_175,20260903_u_175,page_view,表格分析,v1,desktop
2026-09-03,u_175,20260903_u_175,prompt_submit,表格分析,v1,desktop
2026-09-03,u_175,20260903_u_175,generation_success,表格分析,v1,desktop
2026-09-03,u_175,20260903_u_175,feature_click,表格分析,v1,desktop
2026-09-03,u_176,20260903_u_176,page_view,文案生成,v2,desktop
2026-09-03,u_176,20260903_u_176,prompt_submit,文案生成,v2,desktop
2026-09-03,u_178,20260903_u_178,page_view,智能问答,v1,desktop
2026-09-03,u_180,20260903_u_180,page_view,文案生成,v1,desktop
2026-09-04,u_001,20260904_u_001,page_view,表格分析,v1,web
2026-09-04,u_001,20260904_u_001,prompt_submit,表格分析,v1,web
2026-09-04,u_002,20260904_u_002,page_view,智能问答,v1,web
2026-09-04,u_002,20260904_u_002,prompt_submit,智能问答,v1,web
2026-09-04,u_002,20260904_u_002,generation_success,智能问答,v1,web
2026-09-04,u_003,20260904_u_003,page_view,智能问答,v2,web
2026-09-04,u_004,20260904_u_004,page_view,文案生成,v2,web
2026-09-04,u_005,20260904_u_005,page_view,表格分析,v2,web
2026-09-04,u_007,20260904_u_007,page_view,智能问答,v2,web
2026-09-04,u_007,20260904_u_007,prompt_submit,智能问答,v2,web
2026-09-04,u_008,20260904_u_008,page_view,表格分析,v2,desktop
2026-09-04,u_008,20260904_u_008,prompt_submit,表格分析,v2,desktop
2026-09-04,u_008,20260904_u_008,generation_success,表格分析,v2,desktop
2026-09-04,u_008,20260904_u_008,result_adopt,表格分析,v2,desktop
2026-09-04,u_011,20260904_u_011,page_view,文案生成,v1,desktop
2026-09-04,u_011,20260904_u_011,prompt_submit,文案生成,v1,desktop
2026-09-04,u_011,20260904_u_011,generation_success,文案生成,v1,desktop
2026-09-04,u_011,20260904_u_011,result_adopt,文案生成,v1,desktop
2026-09-04,u_016,20260904_u_016,page_view,表格分析,v1,desktop
2026-09-04,u_016,20260904_u_016,prompt_submit,表格分析,v1,desktop
2026-09-04,u_016,20260904_u_016,generation_success,表格分析,v1,desktop
2026-09-04,u_016,20260904_u_016,feature_click,表格分析,v1,desktop
2026-09-04,u_017,20260904_u_017,page_view,表格分析,v1,desktop
2026-09-04,u_017,20260904_u_017,prompt_submit,表格分析,v1,desktop
2026-09-04,u_017,20260904_u_017,generation_success,表格分析,v1,desktop
2026-09-04,u_017,20260904_u_017,result_adopt,表格分析,v1,desktop
2026-09-04,u_017,20260904_u_017,feature_click,表格分析,v1,desktop
2026-09-04,u_018,20260904_u_018,page_view,智能问答,v2,desktop
2026-09-04,u_018,20260904_u_018,prompt_submit,智能问答,v2,desktop
2026-09-04,u_018,20260904_u_018,generation_success,智能问答,v2,desktop
2026-09-04,u_018,20260904_u_018,feature_click,智能问答,v2,desktop
2026-09-04,u_022,20260904_u_022,page_view,智能问答,v1,web
2026-09-04,u_022,20260904_u_022,prompt_submit,智能问答,v1,web
2026-09-04,u_022,20260904_u_022,generation_success,智能问答,v1,web
2026-09-04,u_022,20260904_u_022,feature_click,智能问答,v1,web
2026-09-04,u_023,20260904_u_023,page_view,文案生成,v1,web
2026-09-04,u_024,20260904_u_024,page_view,文案生成,v2,web
2026-09-04,u_024,20260904_u_024,prompt_submit,文案生成,v2,web
2026-09-04,u_024,20260904_u_024,generation_success,文案生成,v2,web
2026-09-04,u_024,20260904_u_024,result_adopt,文案生成,v2,web
2026-09-04,u_025,20260904_u_025,page_view,文案生成,v1,web
2026-09-04,u_025,20260904_u_025,prompt_submit,文案生成,v1,web
2026-09-04,u_026,20260904_u_026,page_view,智能问答,v2,desktop
2026-09-04,u_026,20260904_u_026,prompt_submit,智能问答,v2,desktop
2026-09-04,u_027,20260904_u_027,page_view,文案生成,v1,web
2026-09-04,u_027,20260904_u_027,prompt_submit,文案生成,v1,web
2026-09-04,u_027,20260904_u_027,generation_success,文案生成,v1,web
2026-09-04,u_027,20260904_u_027,result_adopt,文案生成,v1,web
2026-09-04,u_027,20260904_u_027,feature_click,文案生成,v1,web
2026-09-04,u_030,20260904_u_030,page_view,表格分析,v1,desktop
2026-09-04,u_030,20260904_u_030,prompt_submit,表格分析,v1,desktop
2026-09-04,u_030,20260904_u_030,generation_success,表格分析,v1,desktop
2026-09-04,u_031,20260904_u_031,page_view,表格分析,v2,web
2026-09-04,u_031,20260904_u_031,prompt_submit,表格分析,v2,web
2026-09-04,u_031,20260904_u_031,generation_success,表格分析,v2,web
2026-09-04,u_032,20260904_u_032,page_view,智能问答,v2,desktop
2026-09-04,u_033,20260904_u_033,page_view,表格分析,v1,desktop
2026-09-04,u_036,20260904_u_036,page_view,表格分析,v1,web
2026-09-04,u_037,20260904_u_037,page_view,文案生成,v2,desktop
2026-09-04,u_037,20260904_u_037,prompt_submit,文案生成,v2,desktop
2026-09-04,u_040,20260904_u_040,page_view,智能问答,v1,web
2026-09-04,u_041,20260904_u_041,page_view,智能问答,v1,desktop
2026-09-04,u_041,20260904_u_041,prompt_submit,智能问答,v1,desktop
2026-09-04,u_041,20260904_u_041,generation_success,智能问答,v1,desktop
2026-09-04,u_043,20260904_u_043,page_view,表格分析,v1,desktop
2026-09-04,u_045,20260904_u_045,page_view,智能问答,v2,desktop
2026-09-04,u_045,20260904_u_045,prompt_submit,智能问答,v2,desktop
2026-09-04,u_045,20260904_u_045,generation_success,智能问答,v2,desktop
2026-09-04,u_045,20260904_u_045,result_adopt,智能问答,v2,desktop
2026-09-04,u_046,20260904_u_046,page_view,文案生成,v1,web
2026-09-04,u_046,20260904_u_046,prompt_submit,文案生成,v1,web
2026-09-04,u_046,20260904_u_046,generation_success,文案生成,v1,web
2026-09-04,u_046,20260904_u_046,result_adopt,文案生成,v1,web
2026-09-04,u_046,20260904_u_046,feature_click,文案生成,v1,web
2026-09-04,u_047,20260904_u_047,page_view,表格分析,v2,web
2026-09-04,u_047,20260904_u_047,prompt_submit,表格分析,v2,web
2026-09-04,u_050,20260904_u_050,page_view,表格分析,v2,desktop
2026-09-04,u_050,20260904_u_050,prompt_submit,表格分析,v2,desktop
2026-09-04,u_050,20260904_u_050,generation_success,表格分析,v2,desktop
2026-09-04,u_050,20260904_u_050,result_adopt,表格分析,v2,desktop
2026-09-04,u_052,20260904_u_052,page_view,文案生成,v1,web
2026-09-04,u_052,20260904_u_052,prompt_submit,文案生成,v1,web
2026-09-04,u_052,20260904_u_052,generation_success,文案生成,v1,web
2026-09-04,u_052,20260904_u_052,feature_click,文案生成,v1,web
2026-09-04,u_053,20260904_u_053,page_view,表格分析,v1,web
2026-09-04,u_053,20260904_u_053,prompt_submit,表格分析,v1,web
2026-09-04,u_053,20260904_u_053,generation_success,表格分析,v1,web
2026-09-04,u_053,20260904_u_053,result_adopt,表格分析,v1,web
2026-09-04,u_056,20260904_u_056,page_view,文案生成,v1,desktop
2026-09-04,u_056,20260904_u_056,prompt_submit,文案生成,v1,desktop
2026-09-04,u_056,20260904_u_056,generation_success,文案生成,v1,desktop
2026-09-04,u_056,20260904_u_056,feature_click,文案生成,v1,desktop
2026-09-04,u_058,20260904_u_058,page_view,智能问答,v2,web
2026-09-04,u_060,20260904_u_060,page_view,文案生成,v2,web
2026-09-04,u_060,20260904_u_060,prompt_submit,文案生成,v2,web
2026-09-04,u_060,20260904_u_060,generation_success,文案生成,v2,web
2026-09-04,u_060,20260904_u_060,feature_click,文案生成,v2,web
2026-09-04,u_061,20260904_u_061,page_view,智能问答,v1,desktop
2026-09-04,u_061,20260904_u_061,prompt_submit,智能问答,v1,desktop
2026-09-04,u_061,20260904_u_061,generation_success,智能问答,v1,desktop
2026-09-04,u_061,20260904_u_061,feature_click,智能问答,v1,desktop
2026-09-04,u_062,20260904_u_062,page_view,文案生成,v2,web
2026-09-04,u_062,20260904_u_062,prompt_submit,文案生成,v2,web
2026-09-04,u_062,20260904_u_062,generation_success,文案生成,v2,web
2026-09-04,u_062,20260904_u_062,result_adopt,文案生成,v2,web
2026-09-04,u_064,20260904_u_064,page_view,智能问答,v2,desktop
2026-09-04,u_064,20260904_u_064,prompt_submit,智能问答,v2,desktop
2026-09-04,u_064,20260904_u_064,generation_success,智能问答,v2,desktop
2026-09-04,u_065,20260904_u_065,page_view,文案生成,v1,web
2026-09-04,u_068,20260904_u_068,page_view,智能问答,v1,desktop
2026-09-04,u_072,20260904_u_072,page_view,文案生成,v2,desktop
2026-09-04,u_072,20260904_u_072,prompt_submit,文案生成,v2,desktop
2026-09-04,u_072,20260904_u_072,generation_success,文案生成,v2,desktop
2026-09-04,u_072,20260904_u_072,result_adopt,文案生成,v2,desktop
2026-09-04,u_072,20260904_u_072,feature_click,文案生成,v2,desktop
2026-09-04,u_075,20260904_u_075,page_view,表格分析,v2,web
2026-09-04,u_075,20260904_u_075,prompt_submit,表格分析,v2,web
2026-09-04,u_075,20260904_u_075,generation_success,表格分析,v2,web
2026-09-04,u_075,20260904_u_075,result_adopt,表格分析,v2,web
2026-09-04,u_077,20260904_u_077,page_view,文案生成,v1,desktop
2026-09-04,u_077,20260904_u_077,prompt_submit,文案生成,v1,desktop
2026-09-04,u_077,20260904_u_077,generation_success,文案生成,v1,desktop
2026-09-04,u_077,20260904_u_077,result_adopt,文案生成,v1,desktop
2026-09-04,u_077,20260904_u_077,feature_click,文案生成,v1,desktop
2026-09-04,u_078,20260904_u_078,page_view,智能问答,v2,desktop
2026-09-04,u_078,20260904_u_078,prompt_submit,智能问答,v2,desktop
2026-09-04,u_078,20260904_u_078,generation_success,智能问答,v2,desktop
2026-09-04,u_078,20260904_u_078,result_adopt,智能问答,v2,desktop
2026-09-04,u_079,20260904_u_079,page_view,文案生成,v1,desktop
2026-09-04,u_079,20260904_u_079,prompt_submit,文案生成,v1,desktop
2026-09-04,u_079,20260904_u_079,generation_success,文案生成,v1,desktop
2026-09-04,u_079,20260904_u_079,feature_click,文案生成,v1,desktop
2026-09-04,u_080,20260904_u_080,page_view,文案生成,v2,desktop
2026-09-04,u_080,20260904_u_080,prompt_submit,文案生成,v2,desktop
2026-09-04,u_080,20260904_u_080,generation_success,文案生成,v2,desktop
2026-09-04,u_080,20260904_u_080,feature_click,文案生成,v2,desktop
2026-09-04,u_081,20260904_u_081,page_view,文案生成,v1,desktop
2026-09-04,u_081,20260904_u_081,prompt_submit,文案生成,v1,desktop
2026-09-04,u_081,20260904_u_081,generation_success,文案生成,v1,desktop
2026-09-04,u_081,20260904_u_081,feature_click,文案生成,v1,desktop
2026-09-04,u_082,20260904_u_082,page_view,文案生成,v2,web
2026-09-04,u_082,20260904_u_082,prompt_submit,文案生成,v2,web
2026-09-04,u_082,20260904_u_082,generation_success,文案生成,v2,web
2026-09-04,u_082,20260904_u_082,feature_click,文案生成,v2,web
2026-09-04,u_083,20260904_u_083,page_view,文案生成,v1,desktop
2026-09-04,u_083,20260904_u_083,prompt_submit,文案生成,v1,desktop
2026-09-04,u_083,20260904_u_083,generation_success,文案生成,v1,desktop
2026-09-04,u_083,20260904_u_083,feature_click,文案生成,v1,desktop
2026-09-04,u_084,20260904_u_084,page_view,表格分析,v1,web
2026-09-04,u_084,20260904_u_084,prompt_submit,表格分析,v1,web
2026-09-04,u_084,20260904_u_084,generation_success,表格分析,v1,web
2026-09-04,u_084,20260904_u_084,feature_click,表格分析,v1,web
2026-09-04,u_088,20260904_u_088,page_view,文案生成,v1,web
2026-09-04,u_088,20260904_u_088,prompt_submit,文案生成,v1,web
2026-09-04,u_088,20260904_u_088,generation_success,文案生成,v1,web
2026-09-04,u_088,20260904_u_088,result_adopt,文案生成,v1,web
2026-09-04,u_088,20260904_u_088,feature_click,文案生成,v1,web
2026-09-04,u_089,20260904_u_089,page_view,智能问答,v2,desktop
2026-09-04,u_092,20260904_u_092,page_view,智能问答,v1,web
2026-09-04,u_092,20260904_u_092,prompt_submit,智能问答,v1,web
2026-09-04,u_092,20260904_u_092,generation_success,智能问答,v1,web
2026-09-04,u_092,20260904_u_092,result_adopt,智能问答,v1,web
2026-09-04,u_092,20260904_u_092,feature_click,智能问答,v1,web
2026-09-04,u_093,20260904_u_093,page_view,文案生成,v2,web
2026-09-04,u_094,20260904_u_094,page_view,智能问答,v1,desktop
2026-09-04,u_094,20260904_u_094,prompt_submit,智能问答,v1,desktop
2026-09-04,u_095,20260904_u_095,page_view,文案生成,v1,desktop
2026-09-04,u_095,20260904_u_095,prompt_submit,文案生成,v1,desktop
2026-09-04,u_095,20260904_u_095,generation_success,文案生成,v1,desktop
2026-09-04,u_097,20260904_u_097,page_view,表格分析,v2,desktop
2026-09-04,u_097,20260904_u_097,prompt_submit,表格分析,v2,desktop
2026-09-04,u_097,20260904_u_097,generation_success,表格分析,v2,desktop
2026-09-04,u_098,20260904_u_098,page_view,表格分析,v1,desktop
2026-09-04,u_099,20260904_u_099,page_view,文案生成,v2,web
2026-09-04,u_099,20260904_u_099,prompt_submit,文案生成,v2,web
2026-09-04,u_099,20260904_u_099,generation_success,文案生成,v2,web
2026-09-04,u_099,20260904_u_099,feature_click,文案生成,v2,web
2026-09-04,u_105,20260904_u_105,page_view,智能问答,v2,desktop
2026-09-04,u_105,20260904_u_105,prompt_submit,智能问答,v2,desktop
2026-09-04,u_105,20260904_u_105,generation_success,智能问答,v2,desktop
2026-09-04,u_105,20260904_u_105,result_adopt,智能问答,v2,desktop
2026-09-04,u_105,20260904_u_105,feature_click,智能问答,v2,desktop
2026-09-04,u_106,20260904_u_106,page_view,智能问答,v2,web
2026-09-04,u_109,20260904_u_109,page_view,智能问答,v2,web
2026-09-04,u_109,20260904_u_109,prompt_submit,智能问答,v2,web
2026-09-04,u_109,20260904_u_109,generation_success,智能问答,v2,web
2026-09-04,u_111,20260904_u_111,page_view,表格分析,v1,desktop
2026-09-04,u_111,20260904_u_111,prompt_submit,表格分析,v1,desktop
2026-09-04,u_111,20260904_u_111,generation_success,表格分析,v1,desktop
2026-09-04,u_111,20260904_u_111,result_adopt,表格分析,v1,desktop
2026-09-04,u_111,20260904_u_111,feature_click,表格分析,v1,desktop
2026-09-04,u_113,20260904_u_113,page_view,表格分析,v2,web
2026-09-04,u_113,20260904_u_113,prompt_submit,表格分析,v2,web
2026-09-04,u_113,20260904_u_113,generation_success,表格分析,v2,web
2026-09-04,u_113,20260904_u_113,result_adopt,表格分析,v2,web
2026-09-04,u_113,20260904_u_113,feature_click,表格分析,v2,web
2026-09-04,u_115,20260904_u_115,page_view,表格分析,v1,web
2026-09-04,u_115,20260904_u_115,prompt_submit,表格分析,v1,web
2026-09-04,u_115,20260904_u_115,generation_success,表格分析,v1,web
2026-09-04,u_115,20260904_u_115,result_adopt,表格分析,v1,web
2026-09-04,u_115,20260904_u_115,feature_click,表格分析,v1,web
2026-09-04,u_117,20260904_u_117,page_view,文案生成,v2,desktop
2026-09-04,u_117,20260904_u_117,prompt_submit,文案生成,v2,desktop
2026-09-04,u_117,20260904_u_117,generation_success,文案生成,v2,desktop
2026-09-04,u_117,20260904_u_117,result_adopt,文案生成,v2,desktop
2026-09-04,u_118,20260904_u_118,page_view,表格分析,v2,desktop
2026-09-04,u_118,20260904_u_118,prompt_submit,表格分析,v2,desktop
2026-09-04,u_119,20260904_u_119,page_view,表格分析,v2,web
2026-09-04,u_120,20260904_u_120,page_view,表格分析,v1,web
2026-09-04,u_120,20260904_u_120,prompt_submit,表格分析,v1,web
2026-09-04,u_120,20260904_u_120,generation_success,表格分析,v1,web
2026-09-04,u_120,20260904_u_120,feature_click,表格分析,v1,web
2026-09-04,u_121,20260904_u_121,page_view,文案生成,v2,desktop
2026-09-04,u_123,20260904_u_123,page_view,表格分析,v2,web
2026-09-04,u_125,20260904_u_125,page_view,智能问答,v2,desktop
2026-09-04,u_127,20260904_u_127,page_view,文案生成,v1,desktop
2026-09-04,u_127,20260904_u_127,prompt_submit,文案生成,v1,desktop
2026-09-04,u_127,20260904_u_127,generation_success,文案生成,v1,desktop
2026-09-04,u_127,20260904_u_127,result_adopt,文案生成,v1,desktop
2026-09-04,u_127,20260904_u_127,feature_click,文案生成,v1,desktop
2026-09-04,u_128,20260904_u_128,page_view,表格分析,v2,desktop
2026-09-04,u_128,20260904_u_128,prompt_submit,表格分析,v2,desktop
2026-09-04,u_128,20260904_u_128,generation_success,表格分析,v2,desktop
2026-09-04,u_128,20260904_u_128,result_adopt,表格分析,v2,desktop
2026-09-04,u_128,20260904_u_128,feature_click,表格分析,v2,desktop
2026-09-04,u_131,20260904_u_131,page_view,表格分析,v2,desktop
2026-09-04,u_131,20260904_u_131,prompt_submit,表格分析,v2,desktop
2026-09-04,u_131,20260904_u_131,generation_success,表格分析,v2,desktop
2026-09-04,u_131,20260904_u_131,result_adopt,表格分析,v2,desktop
2026-09-04,u_132,20260904_u_132,page_view,智能问答,v1,desktop
2026-09-04,u_132,20260904_u_132,prompt_submit,智能问答,v1,desktop
2026-09-04,u_132,20260904_u_132,generation_success,智能问答,v1,desktop
2026-09-04,u_132,20260904_u_132,feature_click,智能问答,v1,desktop
2026-09-04,u_133,20260904_u_133,page_view,表格分析,v2,web
2026-09-04,u_133,20260904_u_133,prompt_submit,表格分析,v2,web
2026-09-04,u_133,20260904_u_133,generation_success,表格分析,v2,web
2026-09-04,u_134,20260904_u_134,page_view,文案生成,v2,desktop
2026-09-04,u_134,20260904_u_134,prompt_submit,文案生成,v2,desktop
2026-09-04,u_134,20260904_u_134,generation_success,文案生成,v2,desktop
2026-09-04,u_134,20260904_u_134,feature_click,文案生成,v2,desktop
2026-09-04,u_135,20260904_u_135,page_view,智能问答,v1,desktop
2026-09-04,u_136,20260904_u_136,page_view,文案生成,v2,web
2026-09-04,u_136,20260904_u_136,prompt_submit,文案生成,v2,web
2026-09-04,u_136,20260904_u_136,generation_success,文案生成,v2,web
2026-09-04,u_137,20260904_u_137,page_view,文案生成,v1,web
2026-09-04,u_137,20260904_u_137,prompt_submit,文案生成,v1,web
2026-09-04,u_137,20260904_u_137,generation_success,文案生成,v1,web
2026-09-04,u_137,20260904_u_137,result_adopt,文案生成,v1,web
2026-09-04,u_139,20260904_u_139,page_view,智能问答,v2,web
2026-09-04,u_139,20260904_u_139,prompt_submit,智能问答,v2,web
2026-09-04,u_139,20260904_u_139,generation_success,智能问答,v2,web
2026-09-04,u_142,20260904_u_142,page_view,表格分析,v1,web
2026-09-04,u_142,20260904_u_142,prompt_submit,表格分析,v1,web
2026-09-04,u_143,20260904_u_143,page_view,文案生成,v1,desktop
2026-09-04,u_143,20260904_u_143,prompt_submit,文案生成,v1,desktop
2026-09-04,u_144,20260904_u_144,page_view,智能问答,v1,desktop
2026-09-04,u_144,20260904_u_144,prompt_submit,智能问答,v1,desktop
2026-09-04,u_144,20260904_u_144,generation_success,智能问答,v1,desktop
2026-09-04,u_145,20260904_u_145,page_view,文案生成,v2,desktop
2026-09-04,u_145,20260904_u_145,prompt_submit,文案生成,v2,desktop
2026-09-04,u_145,20260904_u_145,generation_success,文案生成,v2,desktop
2026-09-04,u_145,20260904_u_145,result_adopt,文案生成,v2,desktop
2026-09-04,u_146,20260904_u_146,page_view,表格分析,v2,web
2026-09-04,u_146,20260904_u_146,prompt_submit,表格分析,v2,web
2026-09-04,u_147,20260904_u_147,page_view,文案生成,v2,web
2026-09-04,u_149,20260904_u_149,page_view,表格分析,v2,web
2026-09-04,u_149,20260904_u_149,prompt_submit,表格分析,v2,web
2026-09-04,u_149,20260904_u_149,generation_success,表格分析,v2,web
2026-09-04,u_149,20260904_u_149,feature_click,表格分析,v2,web
2026-09-04,u_152,20260904_u_152,page_view,文案生成,v1,desktop
2026-09-04,u_152,20260904_u_152,prompt_submit,文案生成,v1,desktop
2026-09-04,u_152,20260904_u_152,generation_success,文案生成,v1,desktop
2026-09-04,u_152,20260904_u_152,feature_click,文案生成,v1,desktop
2026-09-04,u_153,20260904_u_153,page_view,文案生成,v2,desktop
2026-09-04,u_153,20260904_u_153,prompt_submit,文案生成,v2,desktop
2026-09-04,u_153,20260904_u_153,generation_success,文案生成,v2,desktop
2026-09-04,u_153,20260904_u_153,result_adopt,文案生成,v2,desktop
2026-09-04,u_154,20260904_u_154,page_view,表格分析,v2,desktop
2026-09-04,u_154,20260904_u_154,prompt_submit,表格分析,v2,desktop
2026-09-04,u_154,20260904_u_154,generation_success,表格分析,v2,desktop
2026-09-04,u_154,20260904_u_154,feature_click,表格分析,v2,desktop
2026-09-04,u_155,20260904_u_155,page_view,表格分析,v1,web
2026-09-04,u_155,20260904_u_155,prompt_submit,表格分析,v1,web
2026-09-04,u_155,20260904_u_155,generation_success,表格分析,v1,web
2026-09-04,u_155,20260904_u_155,result_adopt,表格分析,v1,web
2026-09-04,u_155,20260904_u_155,feature_click,表格分析,v1,web
2026-09-04,u_156,20260904_u_156,page_view,智能问答,v1,desktop
2026-09-04,u_156,20260904_u_156,prompt_submit,智能问答,v1,desktop
2026-09-04,u_156,20260904_u_156,generation_success,智能问答,v1,desktop
2026-09-04,u_159,20260904_u_159,page_view,文案生成,v1,web
2026-09-04,u_160,20260904_u_160,page_view,文案生成,v1,desktop
2026-09-04,u_160,20260904_u_160,prompt_submit,文案生成,v1,desktop
2026-09-04,u_160,20260904_u_160,generation_success,文案生成,v1,desktop
2026-09-04,u_160,20260904_u_160,feature_click,文案生成,v1,desktop
2026-09-04,u_161,20260904_u_161,page_view,文案生成,v2,desktop
2026-09-04,u_161,20260904_u_161,prompt_submit,文案生成,v2,desktop
2026-09-04,u_161,20260904_u_161,generation_success,文案生成,v2,desktop
2026-09-04,u_161,20260904_u_161,feature_click,文案生成,v2,desktop
2026-09-04,u_162,20260904_u_162,page_view,表格分析,v2,desktop
2026-09-04,u_162,20260904_u_162,prompt_submit,表格分析,v2,desktop
2026-09-04,u_162,20260904_u_162,generation_success,表格分析,v2,desktop
2026-09-04,u_162,20260904_u_162,result_adopt,表格分析,v2,desktop
2026-09-04,u_162,20260904_u_162,feature_click,表格分析,v2,desktop
2026-09-04,u_164,20260904_u_164,page_view,智能问答,v1,desktop
2026-09-04,u_164,20260904_u_164,prompt_submit,智能问答,v1,desktop
2026-09-04,u_164,20260904_u_164,generation_success,智能问答,v1,desktop
2026-09-04,u_165,20260904_u_165,page_view,文案生成,v1,desktop
2026-09-04,u_166,20260904_u_166,page_view,表格分析,v1,desktop
2026-09-04,u_168,20260904_u_168,page_view,表格分析,v2,desktop
2026-09-04,u_168,20260904_u_168,prompt_submit,表格分析,v2,desktop
2026-09-04,u_168,20260904_u_168,generation_success,表格分析,v2,desktop
2026-09-04,u_168,20260904_u_168,result_adopt,表格分析,v2,desktop
2026-09-04,u_168,20260904_u_168,feature_click,表格分析,v2,desktop
2026-09-04,u_169,20260904_u_169,page_view,智能问答,v2,desktop
2026-09-04,u_170,20260904_u_170,page_view,表格分析,v1,web
2026-09-04,u_172,20260904_u_172,page_view,表格分析,v1,web
2026-09-04,u_172,20260904_u_172,prompt_submit,表格分析,v1,web
2026-09-04,u_172,20260904_u_172,generation_success,表格分析,v1,web
2026-09-04,u_173,20260904_u_173,page_view,文案生成,v2,web
2026-09-04,u_173,20260904_u_173,prompt_submit,文案生成,v2,web
2026-09-04,u_173,20260904_u_173,generation_success,文案生成,v2,web
2026-09-04,u_175,20260904_u_175,page_view,智能问答,v1,desktop
2026-09-04,u_179,20260904_u_179,page_view,智能问答,v2,web
2026-09-04,u_179,20260904_u_179,prompt_submit,智能问答,v2,web
2026-09-04,u_179,20260904_u_179,generation_success,智能问答,v2,web
2026-09-04,u_179,20260904_u_179,result_adopt,智能问答,v2,web
2026-09-04,u_179,20260904_u_179,feature_click,智能问答,v2,web
2026-09-04,u_180,20260904_u_180,page_view,文案生成,v1,desktop
2026-09-05,u_002,20260905_u_002,page_view,智能问答,v1,desktop
2026-09-05,u_002,20260905_u_002,prompt_submit,智能问答,v1,desktop
2026-09-05,u_002,20260905_u_002,generation_success,智能问答,v1,desktop
2026-09-05,u_002,20260905_u_002,result_adopt,智能问答,v1,desktop
2026-09-05,u_003,20260905_u_003,page_view,智能问答,v2,desktop
2026-09-05,u_003,20260905_u_003,prompt_submit,智能问答,v2,desktop
2026-09-05,u_003,20260905_u_003,generation_success,智能问答,v2,desktop
2026-09-05,u_003,20260905_u_003,result_adopt,智能问答,v2,desktop
2026-09-05,u_004,20260905_u_004,page_view,智能问答,v2,web
2026-09-05,u_004,20260905_u_004,prompt_submit,智能问答,v2,web
2026-09-05,u_004,20260905_u_004,generation_success,智能问答,v2,web
2026-09-05,u_004,20260905_u_004,feature_click,智能问答,v2,web
2026-09-05,u_005,20260905_u_005,page_view,文案生成,v2,desktop
2026-09-05,u_005,20260905_u_005,prompt_submit,文案生成,v2,desktop
2026-09-05,u_005,20260905_u_005,generation_success,文案生成,v2,desktop
2026-09-05,u_005,20260905_u_005,feature_click,文案生成,v2,desktop
2026-09-05,u_008,20260905_u_008,page_view,智能问答,v2,web
2026-09-05,u_008,20260905_u_008,prompt_submit,智能问答,v2,web
2026-09-05,u_008,20260905_u_008,generation_success,智能问答,v2,web
2026-09-05,u_011,20260905_u_011,page_view,智能问答,v2,web
2026-09-05,u_011,20260905_u_011,prompt_submit,智能问答,v2,web
2026-09-05,u_013,20260905_u_013,page_view,表格分析,v1,web
2026-09-05,u_013,20260905_u_013,prompt_submit,表格分析,v1,web
2026-09-05,u_013,20260905_u_013,generation_success,表格分析,v1,web
2026-09-05,u_013,20260905_u_013,result_adopt,表格分析,v1,web
2026-09-05,u_014,20260905_u_014,page_view,表格分析,v2,desktop
2026-09-05,u_014,20260905_u_014,prompt_submit,表格分析,v2,desktop
2026-09-05,u_014,20260905_u_014,generation_success,表格分析,v2,desktop
2026-09-05,u_014,20260905_u_014,result_adopt,表格分析,v2,desktop
2026-09-05,u_015,20260905_u_015,page_view,文案生成,v1,web
2026-09-05,u_015,20260905_u_015,prompt_submit,文案生成,v1,web
2026-09-05,u_015,20260905_u_015,generation_success,文案生成,v1,web
2026-09-05,u_015,20260905_u_015,result_adopt,文案生成,v1,web
2026-09-05,u_017,20260905_u_017,page_view,表格分析,v2,web
2026-09-05,u_018,20260905_u_018,page_view,文案生成,v2,web
2026-09-05,u_018,20260905_u_018,prompt_submit,文案生成,v2,web
2026-09-05,u_018,20260905_u_018,generation_success,文案生成,v2,web
2026-09-05,u_022,20260905_u_022,page_view,文案生成,v1,web
2026-09-05,u_023,20260905_u_023,page_view,智能问答,v2,desktop
2026-09-05,u_023,20260905_u_023,prompt_submit,智能问答,v2,desktop
2026-09-05,u_023,20260905_u_023,generation_success,智能问答,v2,desktop
2026-09-05,u_023,20260905_u_023,result_adopt,智能问答,v2,desktop
2026-09-05,u_024,20260905_u_024,page_view,表格分析,v2,desktop
2026-09-05,u_024,20260905_u_024,prompt_submit,表格分析,v2,desktop
2026-09-05,u_024,20260905_u_024,generation_success,表格分析,v2,desktop
2026-09-05,u_024,20260905_u_024,result_adopt,表格分析,v2,desktop
2026-09-05,u_024,20260905_u_024,feature_click,表格分析,v2,desktop
2026-09-05,u_025,20260905_u_025,page_view,智能问答,v2,desktop
2026-09-05,u_027,20260905_u_027,page_view,智能问答,v1,web
2026-09-05,u_027,20260905_u_027,prompt_submit,智能问答,v1,web
2026-09-05,u_027,20260905_u_027,generation_success,智能问答,v1,web
2026-09-05,u_027,20260905_u_027,feature_click,智能问答,v1,web
2026-09-05,u_028,20260905_u_028,page_view,表格分析,v2,desktop
2026-09-05,u_028,20260905_u_028,prompt_submit,表格分析,v2,desktop
2026-09-05,u_028,20260905_u_028,generation_success,表格分析,v2,desktop
2026-09-05,u_028,20260905_u_028,feature_click,表格分析,v2,desktop
2026-09-05,u_029,20260905_u_029,page_view,文案生成,v2,desktop
2026-09-05,u_029,20260905_u_029,prompt_submit,文案生成,v2,desktop
2026-09-05,u_029,20260905_u_029,generation_success,文案生成,v2,desktop
2026-09-05,u_029,20260905_u_029,result_adopt,文案生成,v2,desktop
2026-09-05,u_029,20260905_u_029,feature_click,文案生成,v2,desktop
2026-09-05,u_030,20260905_u_030,page_view,表格分析,v2,desktop
2026-09-05,u_030,20260905_u_030,prompt_submit,表格分析,v2,desktop
2026-09-05,u_030,20260905_u_030,generation_success,表格分析,v2,desktop
2026-09-05,u_034,20260905_u_034,page_view,文案生成,v1,desktop
2026-09-05,u_034,20260905_u_034,prompt_submit,文案生成,v1,desktop
2026-09-05,u_034,20260905_u_034,generation_success,文案生成,v1,desktop
2026-09-05,u_034,20260905_u_034,result_adopt,文案生成,v1,desktop
2026-09-05,u_035,20260905_u_035,page_view,智能问答,v1,web
2026-09-05,u_035,20260905_u_035,prompt_submit,智能问答,v1,web
2026-09-05,u_035,20260905_u_035,generation_success,智能问答,v1,web
2026-09-05,u_037,20260905_u_037,page_view,智能问答,v2,desktop
2026-09-05,u_038,20260905_u_038,page_view,表格分析,v2,desktop
2026-09-05,u_039,20260905_u_039,page_view,文案生成,v1,desktop
2026-09-05,u_039,20260905_u_039,prompt_submit,文案生成,v1,desktop
2026-09-05,u_039,20260905_u_039,generation_success,文案生成,v1,desktop
2026-09-05,u_039,20260905_u_039,result_adopt,文案生成,v1,desktop
2026-09-05,u_039,20260905_u_039,feature_click,文案生成,v1,desktop
2026-09-05,u_040,20260905_u_040,page_view,智能问答,v2,desktop
2026-09-05,u_040,20260905_u_040,prompt_submit,智能问答,v2,desktop
2026-09-05,u_040,20260905_u_040,generation_success,智能问答,v2,desktop
2026-09-05,u_043,20260905_u_043,page_view,智能问答,v1,desktop
2026-09-05,u_043,20260905_u_043,prompt_submit,智能问答,v1,desktop
2026-09-05,u_043,20260905_u_043,generation_success,智能问答,v1,desktop
2026-09-05,u_043,20260905_u_043,result_adopt,智能问答,v1,desktop
2026-09-05,u_043,20260905_u_043,feature_click,智能问答,v1,desktop
2026-09-05,u_045,20260905_u_045,page_view,智能问答,v2,web
2026-09-05,u_045,20260905_u_045,prompt_submit,智能问答,v2,web
2026-09-05,u_045,20260905_u_045,generation_success,智能问答,v2,web
2026-09-05,u_045,20260905_u_045,result_adopt,智能问答,v2,web
2026-09-05,u_045,20260905_u_045,feature_click,智能问答,v2,web
2026-09-05,u_048,20260905_u_048,page_view,表格分析,v1,desktop
2026-09-05,u_048,20260905_u_048,prompt_submit,表格分析,v1,desktop
2026-09-05,u_048,20260905_u_048,generation_success,表格分析,v1,desktop
2026-09-05,u_048,20260905_u_048,feature_click,表格分析,v1,desktop
2026-09-05,u_049,20260905_u_049,page_view,智能问答,v2,web
2026-09-05,u_051,20260905_u_051,page_view,表格分析,v2,web
2026-09-05,u_052,20260905_u_052,page_view,文案生成,v2,web
2026-09-05,u_052,20260905_u_052,prompt_submit,文案生成,v2,web
2026-09-05,u_052,20260905_u_052,generation_success,文案生成,v2,web
2026-09-05,u_052,20260905_u_052,feature_click,文案生成,v2,web
2026-09-05,u_060,20260905_u_060,page_view,智能问答,v1,desktop
2026-09-05,u_060,20260905_u_060,prompt_submit,智能问答,v1,desktop
2026-09-05,u_060,20260905_u_060,generation_success,智能问答,v1,desktop
2026-09-05,u_060,20260905_u_060,feature_click,智能问答,v1,desktop
2026-09-05,u_061,20260905_u_061,page_view,文案生成,v1,desktop
2026-09-05,u_061,20260905_u_061,prompt_submit,文案生成,v1,desktop
2026-09-05,u_061,20260905_u_061,generation_success,文案生成,v1,desktop
2026-09-05,u_061,20260905_u_061,result_adopt,文案生成,v1,desktop
2026-09-05,u_064,20260905_u_064,page_view,表格分析,v1,desktop
2026-09-05,u_064,20260905_u_064,prompt_submit,表格分析,v1,desktop
2026-09-05,u_064,20260905_u_064,generation_success,表格分析,v1,desktop
2026-09-05,u_065,20260905_u_065,page_view,智能问答,v2,desktop
2026-09-05,u_065,20260905_u_065,prompt_submit,智能问答,v2,desktop
2026-09-05,u_065,20260905_u_065,generation_success,智能问答,v2,desktop
2026-09-05,u_065,20260905_u_065,result_adopt,智能问答,v2,desktop
2026-09-05,u_065,20260905_u_065,feature_click,智能问答,v2,desktop
2026-09-05,u_067,20260905_u_067,page_view,表格分析,v2,web
2026-09-05,u_068,20260905_u_068,page_view,表格分析,v1,web
2026-09-05,u_068,20260905_u_068,prompt_submit,表格分析,v1,web
2026-09-05,u_068,20260905_u_068,generation_success,表格分析,v1,web
2026-09-05,u_069,20260905_u_069,page_view,文案生成,v1,desktop
2026-09-05,u_070,20260905_u_070,page_view,表格分析,v2,desktop
2026-09-05,u_070,20260905_u_070,prompt_submit,表格分析,v2,desktop
2026-09-05,u_070,20260905_u_070,generation_success,表格分析,v2,desktop
2026-09-05,u_070,20260905_u_070,result_adopt,表格分析,v2,desktop
2026-09-05,u_071,20260905_u_071,page_view,文案生成,v1,desktop
2026-09-05,u_071,20260905_u_071,prompt_submit,文案生成,v1,desktop
2026-09-05,u_071,20260905_u_071,generation_success,文案生成,v1,desktop
2026-09-05,u_071,20260905_u_071,result_adopt,文案生成,v1,desktop
2026-09-05,u_072,20260905_u_072,page_view,表格分析,v1,web
2026-09-05,u_073,20260905_u_073,page_view,文案生成,v2,web
2026-09-05,u_073,20260905_u_073,prompt_submit,文案生成,v2,web
2026-09-05,u_073,20260905_u_073,generation_success,文案生成,v2,web
2026-09-05,u_073,20260905_u_073,feature_click,文案生成,v2,web
2026-09-05,u_077,20260905_u_077,page_view,表格分析,v2,web
2026-09-05,u_077,20260905_u_077,prompt_submit,表格分析,v2,web
2026-09-05,u_077,20260905_u_077,generation_success,表格分析,v2,web
2026-09-05,u_077,20260905_u_077,feature_click,表格分析,v2,web
2026-09-05,u_078,20260905_u_078,page_view,文案生成,v1,web
2026-09-05,u_078,20260905_u_078,prompt_submit,文案生成,v1,web
2026-09-05,u_078,20260905_u_078,generation_success,文案生成,v1,web
2026-09-05,u_080,20260905_u_080,page_view,文案生成,v1,web
2026-09-05,u_080,20260905_u_080,prompt_submit,文案生成,v1,web
2026-09-05,u_080,20260905_u_080,generation_success,文案生成,v1,web
2026-09-05,u_080,20260905_u_080,feature_click,文案生成,v1,web
2026-09-05,u_082,20260905_u_082,page_view,表格分析,v1,web
2026-09-05,u_082,20260905_u_082,prompt_submit,表格分析,v1,web
2026-09-05,u_082,20260905_u_082,generation_success,表格分析,v1,web
2026-09-05,u_082,20260905_u_082,result_adopt,表格分析,v1,web
2026-09-05,u_082,20260905_u_082,feature_click,表格分析,v1,web
2026-09-05,u_083,20260905_u_083,page_view,表格分析,v1,desktop
2026-09-05,u_083,20260905_u_083,prompt_submit,表格分析,v1,desktop
2026-09-05,u_083,20260905_u_083,generation_success,表格分析,v1,desktop
2026-09-05,u_085,20260905_u_085,page_view,表格分析,v2,web
2026-09-05,u_085,20260905_u_085,prompt_submit,表格分析,v2,web
2026-09-05,u_085,20260905_u_085,generation_success,表格分析,v2,web
2026-09-05,u_085,20260905_u_085,feature_click,表格分析,v2,web
2026-09-05,u_087,20260905_u_087,page_view,文案生成,v2,desktop
2026-09-05,u_087,20260905_u_087,prompt_submit,文案生成,v2,desktop
2026-09-05,u_087,20260905_u_087,generation_success,文案生成,v2,desktop
2026-09-05,u_087,20260905_u_087,result_adopt,文案生成,v2,desktop
2026-09-05,u_088,20260905_u_088,page_view,智能问答,v1,desktop
2026-09-05,u_088,20260905_u_088,prompt_submit,智能问答,v1,desktop
2026-09-05,u_088,20260905_u_088,generation_success,智能问答,v1,desktop
2026-09-05,u_088,20260905_u_088,result_adopt,智能问答,v1,desktop
2026-09-05,u_089,20260905_u_089,page_view,智能问答,v1,desktop
2026-09-05,u_089,20260905_u_089,prompt_submit,智能问答,v1,desktop
2026-09-05,u_089,20260905_u_089,generation_success,智能问答,v1,desktop
2026-09-05,u_089,20260905_u_089,result_adopt,智能问答,v1,desktop
2026-09-05,u_089,20260905_u_089,feature_click,智能问答,v1,desktop
2026-09-05,u_090,20260905_u_090,page_view,智能问答,v2,desktop
2026-09-05,u_090,20260905_u_090,prompt_submit,智能问答,v2,desktop
2026-09-05,u_090,20260905_u_090,generation_success,智能问答,v2,desktop
2026-09-05,u_090,20260905_u_090,feature_click,智能问答,v2,desktop
2026-09-05,u_091,20260905_u_091,page_view,表格分析,v2,web
2026-09-05,u_091,20260905_u_091,prompt_submit,表格分析,v2,web
2026-09-05,u_091,20260905_u_091,generation_success,表格分析,v2,web
2026-09-05,u_091,20260905_u_091,feature_click,表格分析,v2,web
2026-09-05,u_093,20260905_u_093,page_view,文案生成,v2,desktop
2026-09-05,u_093,20260905_u_093,prompt_submit,文案生成,v2,desktop
2026-09-05,u_093,20260905_u_093,generation_success,文案生成,v2,desktop
2026-09-05,u_093,20260905_u_093,feature_click,文案生成,v2,desktop
2026-09-05,u_096,20260905_u_096,page_view,表格分析,v1,web
2026-09-05,u_096,20260905_u_096,prompt_submit,表格分析,v1,web
2026-09-05,u_096,20260905_u_096,generation_success,表格分析,v1,web
2026-09-05,u_099,20260905_u_099,page_view,文案生成,v2,web
2026-09-05,u_099,20260905_u_099,prompt_submit,文案生成,v2,web
2026-09-05,u_099,20260905_u_099,generation_success,文案生成,v2,web
2026-09-05,u_099,20260905_u_099,feature_click,文案生成,v2,web
2026-09-05,u_100,20260905_u_100,page_view,文案生成,v2,desktop
2026-09-05,u_100,20260905_u_100,prompt_submit,文案生成,v2,desktop
2026-09-05,u_100,20260905_u_100,generation_success,文案生成,v2,desktop
2026-09-05,u_100,20260905_u_100,feature_click,文案生成,v2,desktop
2026-09-05,u_101,20260905_u_101,page_view,文案生成,v2,web
2026-09-05,u_101,20260905_u_101,prompt_submit,文案生成,v2,web
2026-09-05,u_101,20260905_u_101,generation_success,文案生成,v2,web
2026-09-05,u_101,20260905_u_101,feature_click,文案生成,v2,web
2026-09-05,u_104,20260905_u_104,page_view,文案生成,v1,web
2026-09-05,u_104,20260905_u_104,prompt_submit,文案生成,v1,web
2026-09-05,u_104,20260905_u_104,generation_success,文案生成,v1,web
2026-09-05,u_104,20260905_u_104,feature_click,文案生成,v1,web
2026-09-05,u_105,20260905_u_105,page_view,智能问答,v2,web
2026-09-05,u_105,20260905_u_105,prompt_submit,智能问答,v2,web
2026-09-05,u_105,20260905_u_105,generation_success,智能问答,v2,web
2026-09-05,u_105,20260905_u_105,result_adopt,智能问答,v2,web
2026-09-05,u_105,20260905_u_105,feature_click,智能问答,v2,web
2026-09-05,u_106,20260905_u_106,page_view,表格分析,v1,desktop
2026-09-05,u_106,20260905_u_106,prompt_submit,表格分析,v1,desktop
2026-09-05,u_106,20260905_u_106,generation_success,表格分析,v1,desktop
2026-09-05,u_106,20260905_u_106,result_adopt,表格分析,v1,desktop
2026-09-05,u_106,20260905_u_106,feature_click,表格分析,v1,desktop
2026-09-05,u_107,20260905_u_107,page_view,智能问答,v2,desktop
2026-09-05,u_107,20260905_u_107,prompt_submit,智能问答,v2,desktop
2026-09-05,u_107,20260905_u_107,generation_success,智能问答,v2,desktop
2026-09-05,u_107,20260905_u_107,feature_click,智能问答,v2,desktop
2026-09-05,u_109,20260905_u_109,page_view,智能问答,v1,web
2026-09-05,u_110,20260905_u_110,page_view,智能问答,v2,web
2026-09-05,u_110,20260905_u_110,prompt_submit,智能问答,v2,web
2026-09-05,u_110,20260905_u_110,generation_success,智能问答,v2,web
2026-09-05,u_110,20260905_u_110,result_adopt,智能问答,v2,web
2026-09-05,u_110,20260905_u_110,feature_click,智能问答,v2,web
2026-09-05,u_111,20260905_u_111,page_view,文案生成,v2,web
2026-09-05,u_111,20260905_u_111,prompt_submit,文案生成,v2,web
2026-09-05,u_111,20260905_u_111,generation_success,文案生成,v2,web
2026-09-05,u_111,20260905_u_111,feature_click,文案生成,v2,web
2026-09-05,u_112,20260905_u_112,page_view,智能问答,v1,web
2026-09-05,u_112,20260905_u_112,prompt_submit,智能问答,v1,web
2026-09-05,u_112,20260905_u_112,generation_success,智能问答,v1,web
2026-09-05,u_112,20260905_u_112,feature_click,智能问答,v1,web
2026-09-05,u_113,20260905_u_113,page_view,智能问答,v1,web
2026-09-05,u_113,20260905_u_113,prompt_submit,智能问答,v1,web
2026-09-05,u_113,20260905_u_113,generation_success,智能问答,v1,web
2026-09-05,u_113,20260905_u_113,feature_click,智能问答,v1,web
2026-09-05,u_114,20260905_u_114,page_view,文案生成,v1,web
2026-09-05,u_114,20260905_u_114,prompt_submit,文案生成,v1,web
2026-09-05,u_114,20260905_u_114,generation_success,文案生成,v1,web
2026-09-05,u_114,20260905_u_114,feature_click,文案生成,v1,web
2026-09-05,u_115,20260905_u_115,page_view,智能问答,v1,desktop
2026-09-05,u_115,20260905_u_115,prompt_submit,智能问答,v1,desktop
2026-09-05,u_115,20260905_u_115,generation_success,智能问答,v1,desktop
2026-09-05,u_116,20260905_u_116,page_view,文案生成,v1,desktop
2026-09-05,u_117,20260905_u_117,page_view,表格分析,v1,web
2026-09-05,u_117,20260905_u_117,prompt_submit,表格分析,v1,web
2026-09-05,u_117,20260905_u_117,generation_success,表格分析,v1,web
2026-09-05,u_117,20260905_u_117,result_adopt,表格分析,v1,web
2026-09-05,u_118,20260905_u_118,page_view,文案生成,v1,web
2026-09-05,u_120,20260905_u_120,page_view,智能问答,v1,web
2026-09-05,u_120,20260905_u_120,prompt_submit,智能问答,v1,web
2026-09-05,u_120,20260905_u_120,generation_success,智能问答,v1,web
2026-09-05,u_120,20260905_u_120,result_adopt,智能问答,v1,web
2026-09-05,u_120,20260905_u_120,feature_click,智能问答,v1,web
2026-09-05,u_121,20260905_u_121,page_view,文案生成,v1,desktop
2026-09-05,u_121,20260905_u_121,prompt_submit,文案生成,v1,desktop
2026-09-05,u_121,20260905_u_121,generation_success,文案生成,v1,desktop
2026-09-05,u_123,20260905_u_123,page_view,智能问答,v1,desktop
2026-09-05,u_123,20260905_u_123,prompt_submit,智能问答,v1,desktop
2026-09-05,u_123,20260905_u_123,generation_success,智能问答,v1,desktop
2026-09-05,u_123,20260905_u_123,result_adopt,智能问答,v1,desktop
2026-09-05,u_123,20260905_u_123,feature_click,智能问答,v1,desktop
2026-09-05,u_124,20260905_u_124,page_view,智能问答,v2,desktop
2026-09-05,u_124,20260905_u_124,prompt_submit,智能问答,v2,desktop
2026-09-05,u_124,20260905_u_124,generation_success,智能问答,v2,desktop
2026-09-05,u_124,20260905_u_124,feature_click,智能问答,v2,desktop
2026-09-05,u_127,20260905_u_127,page_view,文案生成,v2,desktop
2026-09-05,u_127,20260905_u_127,prompt_submit,文案生成,v2,desktop
2026-09-05,u_127,20260905_u_127,generation_success,文案生成,v2,desktop
2026-09-05,u_127,20260905_u_127,feature_click,文案生成,v2,desktop
2026-09-05,u_128,20260905_u_128,page_view,智能问答,v2,desktop
2026-09-05,u_130,20260905_u_130,page_view,智能问答,v2,web
2026-09-05,u_131,20260905_u_131,page_view,智能问答,v1,web
2026-09-05,u_131,20260905_u_131,prompt_submit,智能问答,v1,web
2026-09-05,u_131,20260905_u_131,generation_success,智能问答,v1,web
2026-09-05,u_131,20260905_u_131,feature_click,智能问答,v1,web
2026-09-05,u_132,20260905_u_132,page_view,智能问答,v1,desktop
2026-09-05,u_132,20260905_u_132,prompt_submit,智能问答,v1,desktop
2026-09-05,u_132,20260905_u_132,generation_success,智能问答,v1,desktop
2026-09-05,u_132,20260905_u_132,result_adopt,智能问答,v1,desktop
2026-09-05,u_132,20260905_u_132,feature_click,智能问答,v1,desktop
2026-09-05,u_133,20260905_u_133,page_view,智能问答,v1,desktop
2026-09-05,u_133,20260905_u_133,prompt_submit,智能问答,v1,desktop
2026-09-05,u_133,20260905_u_133,generation_success,智能问答,v1,desktop
2026-09-05,u_133,20260905_u_133,feature_click,智能问答,v1,desktop
2026-09-05,u_135,20260905_u_135,page_view,智能问答,v2,web
2026-09-05,u_135,20260905_u_135,prompt_submit,智能问答,v2,web
2026-09-05,u_136,20260905_u_136,page_view,智能问答,v1,desktop
2026-09-05,u_136,20260905_u_136,prompt_submit,智能问答,v1,desktop
2026-09-05,u_136,20260905_u_136,generation_success,智能问答,v1,desktop
2026-09-05,u_138,20260905_u_138,page_view,文案生成,v1,desktop
2026-09-05,u_138,20260905_u_138,prompt_submit,文案生成,v1,desktop
2026-09-05,u_138,20260905_u_138,generation_success,文案生成,v1,desktop
2026-09-05,u_138,20260905_u_138,result_adopt,文案生成,v1,desktop
2026-09-05,u_138,20260905_u_138,feature_click,文案生成,v1,desktop
2026-09-05,u_139,20260905_u_139,page_view,智能问答,v1,web
2026-09-05,u_139,20260905_u_139,prompt_submit,智能问答,v1,web
2026-09-05,u_139,20260905_u_139,generation_success,智能问答,v1,web
2026-09-05,u_141,20260905_u_141,page_view,表格分析,v2,desktop
2026-09-05,u_141,20260905_u_141,prompt_submit,表格分析,v2,desktop
2026-09-05,u_141,20260905_u_141,generation_success,表格分析,v2,desktop
2026-09-05,u_141,20260905_u_141,feature_click,表格分析,v2,desktop
2026-09-05,u_142,20260905_u_142,page_view,文案生成,v2,web
2026-09-05,u_142,20260905_u_142,prompt_submit,文案生成,v2,web
2026-09-05,u_142,20260905_u_142,generation_success,文案生成,v2,web
2026-09-05,u_142,20260905_u_142,feature_click,文案生成,v2,web
2026-09-05,u_144,20260905_u_144,page_view,智能问答,v2,desktop
2026-09-05,u_144,20260905_u_144,prompt_submit,智能问答,v2,desktop
2026-09-05,u_144,20260905_u_144,generation_success,智能问答,v2,desktop
2026-09-05,u_145,20260905_u_145,page_view,表格分析,v2,desktop
2026-09-05,u_145,20260905_u_145,prompt_submit,表格分析,v2,desktop
2026-09-05,u_146,20260905_u_146,page_view,智能问答,v1,web
2026-09-05,u_147,20260905_u_147,page_view,表格分析,v2,web
2026-09-05,u_147,20260905_u_147,prompt_submit,表格分析,v2,web
2026-09-05,u_147,20260905_u_147,generation_success,表格分析,v2,web
2026-09-05,u_148,20260905_u_148,page_view,表格分析,v2,web
2026-09-05,u_150,20260905_u_150,page_view,智能问答,v2,web
2026-09-05,u_150,20260905_u_150,prompt_submit,智能问答,v2,web
2026-09-05,u_150,20260905_u_150,generation_success,智能问答,v2,web
2026-09-05,u_150,20260905_u_150,result_adopt,智能问答,v2,web
2026-09-05,u_150,20260905_u_150,feature_click,智能问答,v2,web
2026-09-05,u_155,20260905_u_155,page_view,文案生成,v1,desktop
2026-09-05,u_155,20260905_u_155,prompt_submit,文案生成,v1,desktop
2026-09-05,u_155,20260905_u_155,generation_success,文案生成,v1,desktop
2026-09-05,u_156,20260905_u_156,page_view,智能问答,v1,web
2026-09-05,u_156,20260905_u_156,prompt_submit,智能问答,v1,web
2026-09-05,u_156,20260905_u_156,generation_success,智能问答,v1,web
2026-09-05,u_156,20260905_u_156,result_adopt,智能问答,v1,web
2026-09-05,u_157,20260905_u_157,page_view,文案生成,v1,web
2026-09-05,u_157,20260905_u_157,prompt_submit,文案生成,v1,web
2026-09-05,u_157,20260905_u_157,generation_success,文案生成,v1,web
2026-09-05,u_162,20260905_u_162,page_view,文案生成,v1,web
2026-09-05,u_162,20260905_u_162,prompt_submit,文案生成,v1,web
2026-09-05,u_162,20260905_u_162,generation_success,文案生成,v1,web
2026-09-05,u_162,20260905_u_162,feature_click,文案生成,v1,web
2026-09-05,u_164,20260905_u_164,page_view,表格分析,v1,web
2026-09-05,u_164,20260905_u_164,prompt_submit,表格分析,v1,web
2026-09-05,u_164,20260905_u_164,generation_success,表格分析,v1,web
2026-09-05,u_164,20260905_u_164,feature_click,表格分析,v1,web
2026-09-05,u_165,20260905_u_165,page_view,表格分析,v2,desktop
2026-09-05,u_165,20260905_u_165,prompt_submit,表格分析,v2,desktop
2026-09-05,u_165,20260905_u_165,generation_success,表格分析,v2,desktop
2026-09-05,u_165,20260905_u_165,feature_click,表格分析,v2,desktop
2026-09-05,u_166,20260905_u_166,page_view,文案生成,v2,web
2026-09-05,u_166,20260905_u_166,prompt_submit,文案生成,v2,web
2026-09-05,u_166,20260905_u_166,generation_success,文案生成,v2,web
2026-09-05,u_166,20260905_u_166,result_adopt,文案生成,v2,web
2026-09-05,u_166,20260905_u_166,feature_click,文案生成,v2,web
2026-09-05,u_167,20260905_u_167,page_view,智能问答,v2,web
2026-09-05,u_167,20260905_u_167,prompt_submit,智能问答,v2,web
2026-09-05,u_167,20260905_u_167,generation_success,智能问答,v2,web
2026-09-05,u_167,20260905_u_167,result_adopt,智能问答,v2,web
2026-09-05,u_167,20260905_u_167,feature_click,智能问答,v2,web
2026-09-05,u_168,20260905_u_168,page_view,智能问答,v2,web
2026-09-05,u_171,20260905_u_171,page_view,表格分析,v2,web
2026-09-05,u_172,20260905_u_172,page_view,文案生成,v2,web
2026-09-05,u_172,20260905_u_172,prompt_submit,文案生成,v2,web
2026-09-05,u_172,20260905_u_172,generation_success,文案生成,v2,web
2026-09-05,u_173,20260905_u_173,page_view,文案生成,v2,web
2026-09-05,u_173,20260905_u_173,prompt_submit,文案生成,v2,web
2026-09-05,u_173,20260905_u_173,generation_success,文案生成,v2,web
2026-09-05,u_174,20260905_u_174,page_view,智能问答,v1,desktop
2026-09-05,u_174,20260905_u_174,prompt_submit,智能问答,v1,desktop
2026-09-05,u_174,20260905_u_174,generation_success,智能问答,v1,desktop
2026-09-05,u_174,20260905_u_174,result_adopt,智能问答,v1,desktop
2026-09-05,u_174,20260905_u_174,feature_click,智能问答,v1,desktop
2026-09-05,u_175,20260905_u_175,page_view,表格分析,v1,web
2026-09-05,u_175,20260905_u_175,prompt_submit,表格分析,v1,web
2026-09-05,u_175,20260905_u_175,generation_success,表格分析,v1,web
2026-09-05,u_175,20260905_u_175,result_adopt,表格分析,v1,web
2026-09-05,u_175,20260905_u_175,feature_click,表格分析,v1,web
2026-09-05,u_176,20260905_u_176,page_view,表格分析,v1,desktop
2026-09-05,u_178,20260905_u_178,page_view,智能问答,v2,desktop
2026-09-05,u_178,20260905_u_178,prompt_submit,智能问答,v2,desktop
2026-09-05,u_178,20260905_u_178,generation_success,智能问答,v2,desktop
2026-09-05,u_179,20260905_u_179,page_view,文案生成,v2,web
2026-09-05,u_179,20260905_u_179,prompt_submit,文案生成,v2,web
2026-09-05,u_179,20260905_u_179,generation_success,文案生成,v2,web
2026-09-05,u_179,20260905_u_179,result_adopt,文案生成,v2,web
2026-09-06,u_002,20260906_u_002,page_view,智能问答,v1,desktop
2026-09-06,u_003,20260906_u_003,page_view,文案生成,v2,desktop
2026-09-06,u_003,20260906_u_003,prompt_submit,文案生成,v2,desktop
2026-09-06,u_003,20260906_u_003,generation_success,文案生成,v2,desktop
2026-09-06,u_004,20260906_u_004,page_view,文案生成,v1,desktop
2026-09-06,u_007,20260906_u_007,page_view,文案生成,v2,web
2026-09-06,u_007,20260906_u_007,prompt_submit,文案生成,v2,web
2026-09-06,u_007,20260906_u_007,generation_success,文案生成,v2,web
2026-09-06,u_007,20260906_u_007,result_adopt,文案生成,v2,web
2026-09-06,u_008,20260906_u_008,page_view,智能问答,v1,desktop
2026-09-06,u_008,20260906_u_008,prompt_submit,智能问答,v1,desktop
2026-09-06,u_008,20260906_u_008,generation_success,智能问答,v1,desktop
2026-09-06,u_009,20260906_u_009,page_view,文案生成,v2,web
2026-09-06,u_009,20260906_u_009,prompt_submit,文案生成,v2,web
2026-09-06,u_009,20260906_u_009,generation_success,文案生成,v2,web
2026-09-06,u_009,20260906_u_009,result_adopt,文案生成,v2,web
2026-09-06,u_009,20260906_u_009,feature_click,文案生成,v2,web
2026-09-06,u_010,20260906_u_010,page_view,表格分析,v1,desktop
2026-09-06,u_010,20260906_u_010,prompt_submit,表格分析,v1,desktop
2026-09-06,u_010,20260906_u_010,generation_success,表格分析,v1,desktop
2026-09-06,u_010,20260906_u_010,result_adopt,表格分析,v1,desktop
2026-09-06,u_010,20260906_u_010,feature_click,表格分析,v1,desktop
2026-09-06,u_012,20260906_u_012,page_view,智能问答,v2,desktop
2026-09-06,u_015,20260906_u_015,page_view,表格分析,v1,web
2026-09-06,u_015,20260906_u_015,prompt_submit,表格分析,v1,web
2026-09-06,u_015,20260906_u_015,generation_success,表格分析,v1,web
2026-09-06,u_015,20260906_u_015,result_adopt,表格分析,v1,web
2026-09-06,u_015,20260906_u_015,feature_click,表格分析,v1,web
2026-09-06,u_016,20260906_u_016,page_view,文案生成,v1,desktop
2026-09-06,u_016,20260906_u_016,prompt_submit,文案生成,v1,desktop
2026-09-06,u_018,20260906_u_018,page_view,文案生成,v2,desktop
2026-09-06,u_018,20260906_u_018,prompt_submit,文案生成,v2,desktop
2026-09-06,u_018,20260906_u_018,generation_success,文案生成,v2,desktop
2026-09-06,u_018,20260906_u_018,result_adopt,文案生成,v2,desktop
2026-09-06,u_018,20260906_u_018,feature_click,文案生成,v2,desktop
2026-09-06,u_019,20260906_u_019,page_view,智能问答,v1,desktop
2026-09-06,u_021,20260906_u_021,page_view,智能问答,v2,web
2026-09-06,u_022,20260906_u_022,page_view,文案生成,v2,desktop
2026-09-06,u_023,20260906_u_023,page_view,文案生成,v1,desktop
2026-09-06,u_023,20260906_u_023,prompt_submit,文案生成,v1,desktop
2026-09-06,u_023,20260906_u_023,generation_success,文案生成,v1,desktop
2026-09-06,u_023,20260906_u_023,feature_click,文案生成,v1,desktop
2026-09-06,u_024,20260906_u_024,page_view,表格分析,v1,desktop
2026-09-06,u_024,20260906_u_024,prompt_submit,表格分析,v1,desktop
2026-09-06,u_024,20260906_u_024,generation_success,表格分析,v1,desktop
2026-09-06,u_024,20260906_u_024,feature_click,表格分析,v1,desktop
2026-09-06,u_026,20260906_u_026,page_view,表格分析,v1,desktop
2026-09-06,u_026,20260906_u_026,prompt_submit,表格分析,v1,desktop
2026-09-06,u_026,20260906_u_026,generation_success,表格分析,v1,desktop
2026-09-06,u_027,20260906_u_027,page_view,表格分析,v1,desktop
2026-09-06,u_027,20260906_u_027,prompt_submit,表格分析,v1,desktop
2026-09-06,u_027,20260906_u_027,generation_success,表格分析,v1,desktop
2026-09-06,u_027,20260906_u_027,result_adopt,表格分析,v1,desktop
2026-09-06,u_028,20260906_u_028,page_view,文案生成,v2,desktop
2026-09-06,u_028,20260906_u_028,prompt_submit,文案生成,v2,desktop
2026-09-06,u_029,20260906_u_029,page_view,智能问答,v1,web
2026-09-06,u_029,20260906_u_029,prompt_submit,智能问答,v1,web
2026-09-06,u_029,20260906_u_029,generation_success,智能问答,v1,web
2026-09-06,u_029,20260906_u_029,result_adopt,智能问答,v1,web
2026-09-06,u_030,20260906_u_030,page_view,表格分析,v2,desktop
2026-09-06,u_031,20260906_u_031,page_view,表格分析,v1,web
2026-09-06,u_034,20260906_u_034,page_view,表格分析,v1,web
2026-09-06,u_034,20260906_u_034,prompt_submit,表格分析,v1,web
2026-09-06,u_034,20260906_u_034,generation_success,表格分析,v1,web
2026-09-06,u_036,20260906_u_036,page_view,智能问答,v2,desktop
2026-09-06,u_036,20260906_u_036,prompt_submit,智能问答,v2,desktop
2026-09-06,u_039,20260906_u_039,page_view,智能问答,v1,web
2026-09-06,u_039,20260906_u_039,prompt_submit,智能问答,v1,web
2026-09-06,u_039,20260906_u_039,generation_success,智能问答,v1,web
2026-09-06,u_041,20260906_u_041,page_view,文案生成,v2,web
2026-09-06,u_042,20260906_u_042,page_view,表格分析,v1,web
2026-09-06,u_042,20260906_u_042,prompt_submit,表格分析,v1,web
2026-09-06,u_042,20260906_u_042,generation_success,表格分析,v1,web
2026-09-06,u_042,20260906_u_042,feature_click,表格分析,v1,web
2026-09-06,u_044,20260906_u_044,page_view,文案生成,v1,web
2026-09-06,u_044,20260906_u_044,prompt_submit,文案生成,v1,web
2026-09-06,u_044,20260906_u_044,generation_success,文案生成,v1,web
2026-09-06,u_044,20260906_u_044,result_adopt,文案生成,v1,web
2026-09-06,u_044,20260906_u_044,feature_click,文案生成,v1,web
2026-09-06,u_046,20260906_u_046,page_view,智能问答,v2,web
2026-09-06,u_046,20260906_u_046,prompt_submit,智能问答,v2,web
2026-09-06,u_046,20260906_u_046,generation_success,智能问答,v2,web
2026-09-06,u_046,20260906_u_046,result_adopt,智能问答,v2,web
2026-09-06,u_047,20260906_u_047,page_view,智能问答,v1,web
2026-09-06,u_047,20260906_u_047,prompt_submit,智能问答,v1,web
2026-09-06,u_047,20260906_u_047,generation_success,智能问答,v1,web
2026-09-06,u_047,20260906_u_047,result_adopt,智能问答,v1,web
2026-09-06,u_048,20260906_u_048,page_view,智能问答,v1,desktop
2026-09-06,u_048,20260906_u_048,prompt_submit,智能问答,v1,desktop
2026-09-06,u_048,20260906_u_048,generation_success,智能问答,v1,desktop
2026-09-06,u_050,20260906_u_050,page_view,文案生成,v1,desktop
2026-09-06,u_052,20260906_u_052,page_view,智能问答,v1,web
2026-09-06,u_053,20260906_u_053,page_view,文案生成,v1,web
2026-09-06,u_053,20260906_u_053,prompt_submit,文案生成,v1,web
2026-09-06,u_053,20260906_u_053,generation_success,文案生成,v1,web
2026-09-06,u_053,20260906_u_053,result_adopt,文案生成,v1,web
2026-09-06,u_055,20260906_u_055,page_view,表格分析,v2,web
2026-09-06,u_055,20260906_u_055,prompt_submit,表格分析,v2,web
2026-09-06,u_061,20260906_u_061,page_view,文案生成,v1,web
2026-09-06,u_061,20260906_u_061,prompt_submit,文案生成,v1,web
2026-09-06,u_061,20260906_u_061,generation_success,文案生成,v1,web
2026-09-06,u_062,20260906_u_062,page_view,表格分析,v1,desktop
2026-09-06,u_062,20260906_u_062,prompt_submit,表格分析,v1,desktop
2026-09-06,u_062,20260906_u_062,generation_success,表格分析,v1,desktop
2026-09-06,u_062,20260906_u_062,result_adopt,表格分析,v1,desktop
2026-09-06,u_062,20260906_u_062,feature_click,表格分析,v1,desktop
2026-09-06,u_065,20260906_u_065,page_view,智能问答,v2,desktop
2026-09-06,u_067,20260906_u_067,page_view,智能问答,v1,web
2026-09-06,u_068,20260906_u_068,page_view,智能问答,v1,desktop
2026-09-06,u_068,20260906_u_068,prompt_submit,智能问答,v1,desktop
2026-09-06,u_068,20260906_u_068,generation_success,智能问答,v1,desktop
2026-09-06,u_068,20260906_u_068,result_adopt,智能问答,v1,desktop
2026-09-06,u_069,20260906_u_069,page_view,智能问答,v2,web
2026-09-06,u_070,20260906_u_070,page_view,表格分析,v2,desktop
2026-09-06,u_070,20260906_u_070,prompt_submit,表格分析,v2,desktop
2026-09-06,u_070,20260906_u_070,generation_success,表格分析,v2,desktop
2026-09-06,u_070,20260906_u_070,feature_click,表格分析,v2,desktop
2026-09-06,u_071,20260906_u_071,page_view,表格分析,v1,desktop
2026-09-06,u_073,20260906_u_073,page_view,文案生成,v2,web
2026-09-06,u_073,20260906_u_073,prompt_submit,文案生成,v2,web
2026-09-06,u_073,20260906_u_073,generation_success,文案生成,v2,web
2026-09-06,u_073,20260906_u_073,feature_click,文案生成,v2,web
2026-09-06,u_074,20260906_u_074,page_view,表格分析,v1,desktop
2026-09-06,u_074,20260906_u_074,prompt_submit,表格分析,v1,desktop
2026-09-06,u_074,20260906_u_074,generation_success,表格分析,v1,desktop
2026-09-06,u_075,20260906_u_075,page_view,智能问答,v1,web
2026-09-06,u_075,20260906_u_075,prompt_submit,智能问答,v1,web
2026-09-06,u_075,20260906_u_075,generation_success,智能问答,v1,web
2026-09-06,u_075,20260906_u_075,feature_click,智能问答,v1,web
2026-09-06,u_076,20260906_u_076,page_view,智能问答,v2,web
2026-09-06,u_076,20260906_u_076,prompt_submit,智能问答,v2,web
2026-09-06,u_076,20260906_u_076,generation_success,智能问答,v2,web
2026-09-06,u_076,20260906_u_076,result_adopt,智能问答,v2,web
2026-09-06,u_076,20260906_u_076,feature_click,智能问答,v2,web
2026-09-06,u_078,20260906_u_078,page_view,智能问答,v2,web
2026-09-06,u_078,20260906_u_078,prompt_submit,智能问答,v2,web
2026-09-06,u_078,20260906_u_078,generation_success,智能问答,v2,web
2026-09-06,u_079,20260906_u_079,page_view,智能问答,v2,desktop
2026-09-06,u_079,20260906_u_079,prompt_submit,智能问答,v2,desktop
2026-09-06,u_079,20260906_u_079,generation_success,智能问答,v2,desktop
2026-09-06,u_079,20260906_u_079,result_adopt,智能问答,v2,desktop
2026-09-06,u_080,20260906_u_080,page_view,文案生成,v2,web
2026-09-06,u_080,20260906_u_080,prompt_submit,文案生成,v2,web
2026-09-06,u_080,20260906_u_080,generation_success,文案生成,v2,web
2026-09-06,u_082,20260906_u_082,page_view,表格分析,v1,desktop
2026-09-06,u_082,20260906_u_082,prompt_submit,表格分析,v1,desktop
2026-09-06,u_082,20260906_u_082,generation_success,表格分析,v1,desktop
2026-09-06,u_082,20260906_u_082,result_adopt,表格分析,v1,desktop
2026-09-06,u_084,20260906_u_084,page_view,智能问答,v2,desktop
2026-09-06,u_085,20260906_u_085,page_view,表格分析,v1,desktop
2026-09-06,u_085,20260906_u_085,prompt_submit,表格分析,v1,desktop
2026-09-06,u_085,20260906_u_085,generation_success,表格分析,v1,desktop
2026-09-06,u_085,20260906_u_085,feature_click,表格分析,v1,desktop
2026-09-06,u_086,20260906_u_086,page_view,表格分析,v2,desktop
2026-09-06,u_086,20260906_u_086,prompt_submit,表格分析,v2,desktop
2026-09-06,u_086,20260906_u_086,generation_success,表格分析,v2,desktop
2026-09-06,u_087,20260906_u_087,page_view,文案生成,v2,web
2026-09-06,u_088,20260906_u_088,page_view,文案生成,v1,desktop
2026-09-06,u_088,20260906_u_088,prompt_submit,文案生成,v1,desktop
2026-09-06,u_088,20260906_u_088,generation_success,文案生成,v1,desktop
2026-09-06,u_089,20260906_u_089,page_view,表格分析,v2,web
2026-09-06,u_089,20260906_u_089,prompt_submit,表格分析,v2,web
2026-09-06,u_089,20260906_u_089,generation_success,表格分析,v2,web
2026-09-06,u_089,20260906_u_089,result_adopt,表格分析,v2,web
2026-09-06,u_089,20260906_u_089,feature_click,表格分析,v2,web
2026-09-06,u_090,20260906_u_090,page_view,智能问答,v2,web
2026-09-06,u_091,20260906_u_091,page_view,文案生成,v2,desktop
2026-09-06,u_091,20260906_u_091,prompt_submit,文案生成,v2,desktop
2026-09-06,u_091,20260906_u_091,generation_success,文案生成,v2,desktop
2026-09-06,u_091,20260906_u_091,result_adopt,文案生成,v2,desktop
2026-09-06,u_091,20260906_u_091,feature_click,文案生成,v2,desktop
2026-09-06,u_092,20260906_u_092,page_view,智能问答,v2,web
2026-09-06,u_092,20260906_u_092,prompt_submit,智能问答,v2,web
2026-09-06,u_092,20260906_u_092,generation_success,智能问答,v2,web
2026-09-06,u_092,20260906_u_092,feature_click,智能问答,v2,web
2026-09-06,u_094,20260906_u_094,page_view,文案生成,v1,web
2026-09-06,u_095,20260906_u_095,page_view,文案生成,v1,desktop
2026-09-06,u_095,20260906_u_095,prompt_submit,文案生成,v1,desktop
2026-09-06,u_095,20260906_u_095,generation_success,文案生成,v1,desktop
2026-09-06,u_095,20260906_u_095,result_adopt,文案生成,v1,desktop
2026-09-06,u_095,20260906_u_095,feature_click,文案生成,v1,desktop
2026-09-06,u_097,20260906_u_097,page_view,表格分析,v1,desktop
2026-09-06,u_101,20260906_u_101,page_view,表格分析,v2,web
2026-09-06,u_101,20260906_u_101,prompt_submit,表格分析,v2,web
2026-09-06,u_101,20260906_u_101,generation_success,表格分析,v2,web
2026-09-06,u_101,20260906_u_101,result_adopt,表格分析,v2,web
2026-09-06,u_101,20260906_u_101,feature_click,表格分析,v2,web
2026-09-06,u_102,20260906_u_102,page_view,智能问答,v1,desktop
2026-09-06,u_102,20260906_u_102,prompt_submit,智能问答,v1,desktop
2026-09-06,u_102,20260906_u_102,generation_success,智能问答,v1,desktop
2026-09-06,u_102,20260906_u_102,result_adopt,智能问答,v1,desktop
2026-09-06,u_102,20260906_u_102,feature_click,智能问答,v1,desktop
2026-09-06,u_105,20260906_u_105,page_view,智能问答,v1,web
2026-09-06,u_105,20260906_u_105,prompt_submit,智能问答,v1,web
2026-09-06,u_105,20260906_u_105,generation_success,智能问答,v1,web
2026-09-06,u_107,20260906_u_107,page_view,文案生成,v1,web
2026-09-06,u_110,20260906_u_110,page_view,表格分析,v2,web
2026-09-06,u_110,20260906_u_110,prompt_submit,表格分析,v2,web
2026-09-06,u_110,20260906_u_110,generation_success,表格分析,v2,web
2026-09-06,u_110,20260906_u_110,result_adopt,表格分析,v2,web
2026-09-06,u_110,20260906_u_110,feature_click,表格分析,v2,web
2026-09-06,u_111,20260906_u_111,page_view,表格分析,v1,desktop
2026-09-06,u_111,20260906_u_111,prompt_submit,表格分析,v1,desktop
2026-09-06,u_111,20260906_u_111,generation_success,表格分析,v1,desktop
2026-09-06,u_111,20260906_u_111,feature_click,表格分析,v1,desktop
2026-09-06,u_113,20260906_u_113,page_view,文案生成,v1,web
2026-09-06,u_113,20260906_u_113,prompt_submit,文案生成,v1,web
2026-09-06,u_113,20260906_u_113,generation_success,文案生成,v1,web
2026-09-06,u_113,20260906_u_113,result_adopt,文案生成,v1,web
2026-09-06,u_113,20260906_u_113,feature_click,文案生成,v1,web
2026-09-06,u_114,20260906_u_114,page_view,文案生成,v2,desktop
2026-09-06,u_114,20260906_u_114,prompt_submit,文案生成,v2,desktop
2026-09-06,u_114,20260906_u_114,generation_success,文案生成,v2,desktop
2026-09-06,u_114,20260906_u_114,feature_click,文案生成,v2,desktop
2026-09-06,u_115,20260906_u_115,page_view,文案生成,v2,desktop
2026-09-06,u_116,20260906_u_116,page_view,智能问答,v1,desktop
2026-09-06,u_117,20260906_u_117,page_view,文案生成,v2,web
2026-09-06,u_117,20260906_u_117,prompt_submit,文案生成,v2,web
2026-09-06,u_117,20260906_u_117,generation_success,文案生成,v2,web
2026-09-06,u_117,20260906_u_117,feature_click,文案生成,v2,web
2026-09-06,u_119,20260906_u_119,page_view,表格分析,v1,web
2026-09-06,u_120,20260906_u_120,page_view,表格分析,v2,web
2026-09-06,u_120,20260906_u_120,prompt_submit,表格分析,v2,web
2026-09-06,u_120,20260906_u_120,generation_success,表格分析,v2,web
2026-09-06,u_120,20260906_u_120,feature_click,表格分析,v2,web
2026-09-06,u_121,20260906_u_121,page_view,表格分析,v1,web
2026-09-06,u_123,20260906_u_123,page_view,文案生成,v1,desktop
2026-09-06,u_123,20260906_u_123,prompt_submit,文案生成,v1,desktop
2026-09-06,u_127,20260906_u_127,page_view,智能问答,v1,web
2026-09-06,u_127,20260906_u_127,prompt_submit,智能问答,v1,web
2026-09-06,u_127,20260906_u_127,generation_success,智能问答,v1,web
2026-09-06,u_127,20260906_u_127,result_adopt,智能问答,v1,web
2026-09-06,u_129,20260906_u_129,page_view,表格分析,v2,desktop
2026-09-06,u_129,20260906_u_129,prompt_submit,表格分析,v2,desktop
2026-09-06,u_129,20260906_u_129,generation_success,表格分析,v2,desktop
2026-09-06,u_129,20260906_u_129,feature_click,表格分析,v2,desktop
2026-09-06,u_130,20260906_u_130,page_view,表格分析,v2,web
2026-09-06,u_131,20260906_u_131,page_view,智能问答,v1,web
2026-09-06,u_134,20260906_u_134,page_view,表格分析,v2,desktop
2026-09-06,u_134,20260906_u_134,prompt_submit,表格分析,v2,desktop
2026-09-06,u_134,20260906_u_134,generation_success,表格分析,v2,desktop
2026-09-06,u_135,20260906_u_135,page_view,文案生成,v2,desktop
2026-09-06,u_137,20260906_u_137,page_view,文案生成,v1,desktop
2026-09-06,u_137,20260906_u_137,prompt_submit,文案生成,v1,desktop
2026-09-06,u_137,20260906_u_137,generation_success,文案生成,v1,desktop
2026-09-06,u_138,20260906_u_138,page_view,表格分析,v2,desktop
2026-09-06,u_138,20260906_u_138,prompt_submit,表格分析,v2,desktop
2026-09-06,u_141,20260906_u_141,page_view,文案生成,v1,desktop
2026-09-06,u_141,20260906_u_141,prompt_submit,文案生成,v1,desktop
2026-09-06,u_141,20260906_u_141,generation_success,文案生成,v1,desktop
2026-09-06,u_142,20260906_u_142,page_view,智能问答,v2,web
2026-09-06,u_142,20260906_u_142,prompt_submit,智能问答,v2,web
2026-09-06,u_142,20260906_u_142,generation_success,智能问答,v2,web
2026-09-06,u_142,20260906_u_142,feature_click,智能问答,v2,web
2026-09-06,u_143,20260906_u_143,page_view,智能问答,v1,web
2026-09-06,u_143,20260906_u_143,prompt_submit,智能问答,v1,web
2026-09-06,u_143,20260906_u_143,generation_success,智能问答,v1,web
2026-09-06,u_143,20260906_u_143,result_adopt,智能问答,v1,web
2026-09-06,u_143,20260906_u_143,feature_click,智能问答,v1,web
2026-09-06,u_146,20260906_u_146,page_view,智能问答,v2,desktop
2026-09-06,u_146,20260906_u_146,prompt_submit,智能问答,v2,desktop
2026-09-06,u_146,20260906_u_146,generation_success,智能问答,v2,desktop
2026-09-06,u_146,20260906_u_146,result_adopt,智能问答,v2,desktop
2026-09-06,u_148,20260906_u_148,page_view,文案生成,v2,web
2026-09-06,u_148,20260906_u_148,prompt_submit,文案生成,v2,web
2026-09-06,u_148,20260906_u_148,generation_success,文案生成,v2,web
2026-09-06,u_148,20260906_u_148,feature_click,文案生成,v2,web
2026-09-06,u_149,20260906_u_149,page_view,文案生成,v2,desktop
2026-09-06,u_149,20260906_u_149,prompt_submit,文案生成,v2,desktop
2026-09-06,u_149,20260906_u_149,generation_success,文案生成,v2,desktop
2026-09-06,u_149,20260906_u_149,result_adopt,文案生成,v2,desktop
2026-09-06,u_149,20260906_u_149,feature_click,文案生成,v2,desktop
2026-09-06,u_150,20260906_u_150,page_view,文案生成,v1,web
2026-09-06,u_151,20260906_u_151,page_view,文案生成,v2,web
2026-09-06,u_152,20260906_u_152,page_view,文案生成,v1,desktop
2026-09-06,u_152,20260906_u_152,prompt_submit,文案生成,v1,desktop
2026-09-06,u_153,20260906_u_153,page_view,智能问答,v2,web
2026-09-06,u_153,20260906_u_153,prompt_submit,智能问答,v2,web
2026-09-06,u_153,20260906_u_153,generation_success,智能问答,v2,web
2026-09-06,u_153,20260906_u_153,result_adopt,智能问答,v2,web
2026-09-06,u_155,20260906_u_155,page_view,智能问答,v2,web
2026-09-06,u_156,20260906_u_156,page_view,表格分析,v2,desktop
2026-09-06,u_158,20260906_u_158,page_view,智能问答,v2,web
2026-09-06,u_158,20260906_u_158,prompt_submit,智能问答,v2,web
2026-09-06,u_158,20260906_u_158,generation_success,智能问答,v2,web
2026-09-06,u_158,20260906_u_158,result_adopt,智能问答,v2,web
2026-09-06,u_162,20260906_u_162,page_view,智能问答,v2,desktop
2026-09-06,u_162,20260906_u_162,prompt_submit,智能问答,v2,desktop
2026-09-06,u_162,20260906_u_162,generation_success,智能问答,v2,desktop
2026-09-06,u_166,20260906_u_166,page_view,表格分析,v1,web
2026-09-06,u_166,20260906_u_166,prompt_submit,表格分析,v1,web
2026-09-06,u_166,20260906_u_166,generation_success,表格分析,v1,web
2026-09-06,u_166,20260906_u_166,feature_click,表格分析,v1,web
2026-09-06,u_169,20260906_u_169,page_view,文案生成,v1,web
2026-09-06,u_169,20260906_u_169,prompt_submit,文案生成,v1,web
2026-09-06,u_169,20260906_u_169,generation_success,文案生成,v1,web
2026-09-06,u_170,20260906_u_170,page_view,文案生成,v2,web
2026-09-06,u_170,20260906_u_170,prompt_submit,文案生成,v2,web
2026-09-06,u_170,20260906_u_170,generation_success,文案生成,v2,web
2026-09-06,u_170,20260906_u_170,result_adopt,文案生成,v2,web
2026-09-06,u_170,20260906_u_170,feature_click,文案生成,v2,web
2026-09-06,u_171,20260906_u_171,page_view,智能问答,v2,desktop
2026-09-06,u_171,20260906_u_171,prompt_submit,智能问答,v2,desktop
2026-09-06,u_171,20260906_u_171,generation_success,智能问答,v2,desktop
2026-09-06,u_171,20260906_u_171,result_adopt,智能问答,v2,desktop
2026-09-06,u_171,20260906_u_171,feature_click,智能问答,v2,desktop
2026-09-06,u_173,20260906_u_173,page_view,表格分析,v2,desktop
2026-09-06,u_173,20260906_u_173,prompt_submit,表格分析,v2,desktop
2026-09-06,u_174,20260906_u_174,page_view,文案生成,v2,desktop
2026-09-06,u_174,20260906_u_174,prompt_submit,文案生成,v2,desktop
2026-09-06,u_174,20260906_u_174,generation_success,文案生成,v2,desktop
2026-09-06,u_174,20260906_u_174,result_adopt,文案生成,v2,desktop
2026-09-06,u_176,20260906_u_176,page_view,智能问答,v1,web
2026-09-06,u_177,20260906_u_177,page_view,智能问答,v2,desktop
2026-09-06,u_178,20260906_u_178,page_view,文案生成,v1,web
2026-09-06,u_178,20260906_u_178,prompt_submit,文案生成,v1,web
2026-09-06,u_178,20260906_u_178,generation_success,文案生成,v1,web
2026-09-06,u_178,20260906_u_178,result_adopt,文案生成,v1,web
2026-09-06,u_180,20260906_u_180,page_view,智能问答,v2,desktop
2026-09-06,u_180,20260906_u_180,prompt_submit,智能问答,v2,desktop
2026-09-06,u_180,20260906_u_180,generation_success,智能问答,v2,desktop
2026-09-06,u_180,20260906_u_180,result_adopt,智能问答,v2,desktop
2026-09-07,u_001,20260907_u_001,page_view,表格分析,v2,web
2026-09-07,u_002,20260907_u_002,page_view,智能问答,v2,desktop
2026-09-07,u_006,20260907_u_006,page_view,表格分析,v1,web
2026-09-07,u_006,20260907_u_006,prompt_submit,表格分析,v1,web
2026-09-07,u_009,20260907_u_009,page_view,智能问答,v2,desktop
2026-09-07,u_009,20260907_u_009,prompt_submit,智能问答,v2,desktop
2026-09-07,u_009,20260907_u_009,generation_success,智能问答,v2,desktop
2026-09-07,u_009,20260907_u_009,result_adopt,智能问答,v2,desktop
2026-09-07,u_010,20260907_u_010,page_view,表格分析,v1,web
2026-09-07,u_011,20260907_u_011,page_view,智能问答,v2,desktop
2026-09-07,u_011,20260907_u_011,prompt_submit,智能问答,v2,desktop
2026-09-07,u_011,20260907_u_011,generation_success,智能问答,v2,desktop
2026-09-07,u_011,20260907_u_011,feature_click,智能问答,v2,desktop
2026-09-07,u_012,20260907_u_012,page_view,智能问答,v2,web
2026-09-07,u_013,20260907_u_013,page_view,表格分析,v1,desktop
2026-09-07,u_013,20260907_u_013,prompt_submit,表格分析,v1,desktop
2026-09-07,u_013,20260907_u_013,generation_success,表格分析,v1,desktop
2026-09-07,u_013,20260907_u_013,feature_click,表格分析,v1,desktop
2026-09-07,u_015,20260907_u_015,page_view,表格分析,v2,desktop
2026-09-07,u_015,20260907_u_015,prompt_submit,表格分析,v2,desktop
2026-09-07,u_015,20260907_u_015,generation_success,表格分析,v2,desktop
2026-09-07,u_017,20260907_u_017,page_view,表格分析,v1,web
2026-09-07,u_018,20260907_u_018,page_view,文案生成,v2,web
2026-09-07,u_018,20260907_u_018,prompt_submit,文案生成,v2,web
2026-09-07,u_018,20260907_u_018,generation_success,文案生成,v2,web
2026-09-07,u_018,20260907_u_018,feature_click,文案生成,v2,web
2026-09-07,u_019,20260907_u_019,page_view,智能问答,v2,web
2026-09-07,u_019,20260907_u_019,prompt_submit,智能问答,v2,web
2026-09-07,u_019,20260907_u_019,generation_success,智能问答,v2,web
2026-09-07,u_019,20260907_u_019,feature_click,智能问答,v2,web
2026-09-07,u_022,20260907_u_022,page_view,文案生成,v1,desktop
2026-09-07,u_022,20260907_u_022,prompt_submit,文案生成,v1,desktop
2026-09-07,u_022,20260907_u_022,generation_success,文案生成,v1,desktop
2026-09-07,u_022,20260907_u_022,feature_click,文案生成,v1,desktop
2026-09-07,u_025,20260907_u_025,page_view,表格分析,v2,desktop
2026-09-07,u_025,20260907_u_025,prompt_submit,表格分析,v2,desktop
2026-09-07,u_025,20260907_u_025,generation_success,表格分析,v2,desktop
2026-09-07,u_025,20260907_u_025,feature_click,表格分析,v2,desktop
2026-09-07,u_026,20260907_u_026,page_view,智能问答,v2,desktop
2026-09-07,u_027,20260907_u_027,page_view,文案生成,v1,web
2026-09-07,u_027,20260907_u_027,prompt_submit,文案生成,v1,web
2026-09-07,u_027,20260907_u_027,generation_success,文案生成,v1,web
2026-09-07,u_027,20260907_u_027,feature_click,文案生成,v1,web
2026-09-07,u_028,20260907_u_028,page_view,文案生成,v1,desktop
2026-09-07,u_029,20260907_u_029,page_view,智能问答,v1,web
2026-09-07,u_029,20260907_u_029,prompt_submit,智能问答,v1,web
2026-09-07,u_029,20260907_u_029,generation_success,智能问答,v1,web
2026-09-07,u_029,20260907_u_029,result_adopt,智能问答,v1,web
2026-09-07,u_030,20260907_u_030,page_view,文案生成,v1,desktop
2026-09-07,u_030,20260907_u_030,prompt_submit,文案生成,v1,desktop
2026-09-07,u_030,20260907_u_030,generation_success,文案生成,v1,desktop
2026-09-07,u_030,20260907_u_030,feature_click,文案生成,v1,desktop
2026-09-07,u_032,20260907_u_032,page_view,表格分析,v1,web
2026-09-07,u_034,20260907_u_034,page_view,表格分析,v1,desktop
2026-09-07,u_034,20260907_u_034,prompt_submit,表格分析,v1,desktop
2026-09-07,u_034,20260907_u_034,generation_success,表格分析,v1,desktop
2026-09-07,u_034,20260907_u_034,feature_click,表格分析,v1,desktop
2026-09-07,u_036,20260907_u_036,page_view,智能问答,v1,web
2026-09-07,u_036,20260907_u_036,prompt_submit,智能问答,v1,web
2026-09-07,u_036,20260907_u_036,generation_success,智能问答,v1,web
2026-09-07,u_036,20260907_u_036,result_adopt,智能问答,v1,web
2026-09-07,u_036,20260907_u_036,feature_click,智能问答,v1,web
2026-09-07,u_037,20260907_u_037,page_view,智能问答,v2,desktop
2026-09-07,u_040,20260907_u_040,page_view,文案生成,v2,desktop
2026-09-07,u_040,20260907_u_040,prompt_submit,文案生成,v2,desktop
2026-09-07,u_040,20260907_u_040,generation_success,文案生成,v2,desktop
2026-09-07,u_040,20260907_u_040,feature_click,文案生成,v2,desktop
2026-09-07,u_042,20260907_u_042,page_view,智能问答,v2,desktop
2026-09-07,u_042,20260907_u_042,prompt_submit,智能问答,v2,desktop
2026-09-07,u_042,20260907_u_042,generation_success,智能问答,v2,desktop
2026-09-07,u_042,20260907_u_042,feature_click,智能问答,v2,desktop
2026-09-07,u_044,20260907_u_044,page_view,文案生成,v1,desktop
2026-09-07,u_044,20260907_u_044,prompt_submit,文案生成,v1,desktop
2026-09-07,u_046,20260907_u_046,page_view,文案生成,v2,web
2026-09-07,u_047,20260907_u_047,page_view,智能问答,v2,web
2026-09-07,u_047,20260907_u_047,prompt_submit,智能问答,v2,web
2026-09-07,u_047,20260907_u_047,generation_success,智能问答,v2,web
2026-09-07,u_047,20260907_u_047,feature_click,智能问答,v2,web
2026-09-07,u_048,20260907_u_048,page_view,表格分析,v2,desktop
2026-09-07,u_048,20260907_u_048,prompt_submit,表格分析,v2,desktop
2026-09-07,u_048,20260907_u_048,generation_success,表格分析,v2,desktop
2026-09-07,u_048,20260907_u_048,feature_click,表格分析,v2,desktop
2026-09-07,u_050,20260907_u_050,page_view,智能问答,v2,desktop
2026-09-07,u_050,20260907_u_050,prompt_submit,智能问答,v2,desktop
2026-09-07,u_050,20260907_u_050,generation_success,智能问答,v2,desktop
2026-09-07,u_050,20260907_u_050,feature_click,智能问答,v2,desktop
2026-09-07,u_051,20260907_u_051,page_view,文案生成,v2,web
2026-09-07,u_051,20260907_u_051,prompt_submit,文案生成,v2,web
2026-09-07,u_051,20260907_u_051,generation_success,文案生成,v2,web
2026-09-07,u_052,20260907_u_052,page_view,表格分析,v1,web
2026-09-07,u_052,20260907_u_052,prompt_submit,表格分析,v1,web
2026-09-07,u_052,20260907_u_052,generation_success,表格分析,v1,web
2026-09-07,u_052,20260907_u_052,result_adopt,表格分析,v1,web
2026-09-07,u_056,20260907_u_056,page_view,智能问答,v1,desktop
2026-09-07,u_056,20260907_u_056,prompt_submit,智能问答,v1,desktop
2026-09-07,u_056,20260907_u_056,generation_success,智能问答,v1,desktop
2026-09-07,u_056,20260907_u_056,result_adopt,智能问答,v1,desktop
2026-09-07,u_056,20260907_u_056,feature_click,智能问答,v1,desktop
2026-09-07,u_057,20260907_u_057,page_view,文案生成,v2,desktop
2026-09-07,u_057,20260907_u_057,prompt_submit,文案生成,v2,desktop
2026-09-07,u_057,20260907_u_057,generation_success,文案生成,v2,desktop
2026-09-07,u_057,20260907_u_057,feature_click,文案生成,v2,desktop
2026-09-07,u_058,20260907_u_058,page_view,文案生成,v1,web
2026-09-07,u_058,20260907_u_058,prompt_submit,文案生成,v1,web
2026-09-07,u_058,20260907_u_058,generation_success,文案生成,v1,web
2026-09-07,u_059,20260907_u_059,page_view,文案生成,v1,desktop
2026-09-07,u_059,20260907_u_059,prompt_submit,文案生成,v1,desktop
2026-09-07,u_059,20260907_u_059,generation_success,文案生成,v1,desktop
2026-09-07,u_059,20260907_u_059,result_adopt,文案生成,v1,desktop
2026-09-07,u_060,20260907_u_060,page_view,智能问答,v2,desktop
2026-09-07,u_060,20260907_u_060,prompt_submit,智能问答,v2,desktop
2026-09-07,u_060,20260907_u_060,generation_success,智能问答,v2,desktop
2026-09-07,u_060,20260907_u_060,result_adopt,智能问答,v2,desktop
2026-09-07,u_063,20260907_u_063,page_view,文案生成,v1,web
2026-09-07,u_063,20260907_u_063,prompt_submit,文案生成,v1,web
2026-09-07,u_063,20260907_u_063,generation_success,文案生成,v1,web
2026-09-07,u_066,20260907_u_066,page_view,表格分析,v1,desktop
2026-09-07,u_067,20260907_u_067,page_view,表格分析,v1,web
2026-09-07,u_069,20260907_u_069,page_view,智能问答,v2,web
2026-09-07,u_069,20260907_u_069,prompt_submit,智能问答,v2,web
2026-09-07,u_069,20260907_u_069,generation_success,智能问答,v2,web
2026-09-07,u_069,20260907_u_069,result_adopt,智能问答,v2,web
2026-09-07,u_069,20260907_u_069,feature_click,智能问答,v2,web
2026-09-07,u_072,20260907_u_072,page_view,文案生成,v1,desktop
2026-09-07,u_072,20260907_u_072,prompt_submit,文案生成,v1,desktop
2026-09-07,u_072,20260907_u_072,generation_success,文案生成,v1,desktop
2026-09-07,u_072,20260907_u_072,result_adopt,文案生成,v1,desktop
2026-09-07,u_072,20260907_u_072,feature_click,文案生成,v1,desktop
2026-09-07,u_073,20260907_u_073,page_view,表格分析,v1,web
2026-09-07,u_073,20260907_u_073,prompt_submit,表格分析,v1,web
2026-09-07,u_073,20260907_u_073,generation_success,表格分析,v1,web
2026-09-07,u_073,20260907_u_073,feature_click,表格分析,v1,web
2026-09-07,u_074,20260907_u_074,page_view,智能问答,v1,desktop
2026-09-07,u_074,20260907_u_074,prompt_submit,智能问答,v1,desktop
2026-09-07,u_074,20260907_u_074,generation_success,智能问答,v1,desktop
2026-09-07,u_075,20260907_u_075,page_view,文案生成,v2,web
2026-09-07,u_076,20260907_u_076,page_view,文案生成,v2,desktop
2026-09-07,u_076,20260907_u_076,prompt_submit,文案生成,v2,desktop
2026-09-07,u_076,20260907_u_076,generation_success,文案生成,v2,desktop
2026-09-07,u_076,20260907_u_076,result_adopt,文案生成,v2,desktop
2026-09-07,u_077,20260907_u_077,page_view,文案生成,v2,desktop
2026-09-07,u_077,20260907_u_077,prompt_submit,文案生成,v2,desktop
2026-09-07,u_077,20260907_u_077,generation_success,文案生成,v2,desktop
2026-09-07,u_079,20260907_u_079,page_view,智能问答,v2,web
2026-09-07,u_079,20260907_u_079,prompt_submit,智能问答,v2,web
2026-09-07,u_079,20260907_u_079,generation_success,智能问答,v2,web
2026-09-07,u_079,20260907_u_079,feature_click,智能问答,v2,web
2026-09-07,u_080,20260907_u_080,page_view,表格分析,v2,desktop
2026-09-07,u_081,20260907_u_081,page_view,表格分析,v2,web
2026-09-07,u_081,20260907_u_081,prompt_submit,表格分析,v2,web
2026-09-07,u_081,20260907_u_081,generation_success,表格分析,v2,web
2026-09-07,u_081,20260907_u_081,result_adopt,表格分析,v2,web
2026-09-07,u_081,20260907_u_081,feature_click,表格分析,v2,web
2026-09-07,u_082,20260907_u_082,page_view,表格分析,v1,web
2026-09-07,u_084,20260907_u_084,page_view,文案生成,v2,web
2026-09-07,u_084,20260907_u_084,prompt_submit,文案生成,v2,web
2026-09-07,u_084,20260907_u_084,generation_success,文案生成,v2,web
2026-09-07,u_084,20260907_u_084,feature_click,文案生成,v2,web
2026-09-07,u_086,20260907_u_086,page_view,表格分析,v2,web
2026-09-07,u_086,20260907_u_086,prompt_submit,表格分析,v2,web
2026-09-07,u_086,20260907_u_086,generation_success,表格分析,v2,web
2026-09-07,u_086,20260907_u_086,feature_click,表格分析,v2,web
2026-09-07,u_087,20260907_u_087,page_view,表格分析,v2,desktop
2026-09-07,u_087,20260907_u_087,prompt_submit,表格分析,v2,desktop
2026-09-07,u_087,20260907_u_087,generation_success,表格分析,v2,desktop
2026-09-07,u_087,20260907_u_087,result_adopt,表格分析,v2,desktop
2026-09-07,u_087,20260907_u_087,feature_click,表格分析,v2,desktop
2026-09-07,u_089,20260907_u_089,page_view,智能问答,v1,web
2026-09-07,u_092,20260907_u_092,page_view,智能问答,v1,web
2026-09-07,u_092,20260907_u_092,prompt_submit,智能问答,v1,web
2026-09-07,u_092,20260907_u_092,generation_success,智能问答,v1,web
2026-09-07,u_092,20260907_u_092,result_adopt,智能问答,v1,web
2026-09-07,u_093,20260907_u_093,page_view,表格分析,v1,web
2026-09-07,u_093,20260907_u_093,prompt_submit,表格分析,v1,web
2026-09-07,u_093,20260907_u_093,generation_success,表格分析,v1,web
2026-09-07,u_093,20260907_u_093,result_adopt,表格分析,v1,web
2026-09-07,u_093,20260907_u_093,feature_click,表格分析,v1,web
2026-09-07,u_098,20260907_u_098,page_view,表格分析,v2,web
2026-09-07,u_098,20260907_u_098,prompt_submit,表格分析,v2,web
2026-09-07,u_098,20260907_u_098,generation_success,表格分析,v2,web
2026-09-07,u_098,20260907_u_098,feature_click,表格分析,v2,web
2026-09-07,u_099,20260907_u_099,page_view,文案生成,v2,web
2026-09-07,u_103,20260907_u_103,page_view,智能问答,v2,web
2026-09-07,u_103,20260907_u_103,prompt_submit,智能问答,v2,web
2026-09-07,u_103,20260907_u_103,generation_success,智能问答,v2,web
2026-09-07,u_103,20260907_u_103,result_adopt,智能问答,v2,web
2026-09-07,u_103,20260907_u_103,feature_click,智能问答,v2,web
2026-09-07,u_104,20260907_u_104,page_view,表格分析,v2,web
2026-09-07,u_104,20260907_u_104,prompt_submit,表格分析,v2,web
2026-09-07,u_104,20260907_u_104,generation_success,表格分析,v2,web
2026-09-07,u_104,20260907_u_104,result_adopt,表格分析,v2,web
2026-09-07,u_104,20260907_u_104,feature_click,表格分析,v2,web
2026-09-07,u_105,20260907_u_105,page_view,文案生成,v1,web
2026-09-07,u_105,20260907_u_105,prompt_submit,文案生成,v1,web
2026-09-07,u_106,20260907_u_106,page_view,表格分析,v1,desktop
2026-09-07,u_106,20260907_u_106,prompt_submit,表格分析,v1,desktop
2026-09-07,u_106,20260907_u_106,generation_success,表格分析,v1,desktop
2026-09-07,u_106,20260907_u_106,result_adopt,表格分析,v1,desktop
2026-09-07,u_106,20260907_u_106,feature_click,表格分析,v1,desktop
2026-09-07,u_107,20260907_u_107,page_view,文案生成,v2,desktop
2026-09-07,u_107,20260907_u_107,prompt_submit,文案生成,v2,desktop
2026-09-07,u_107,20260907_u_107,generation_success,文案生成,v2,desktop
2026-09-07,u_109,20260907_u_109,page_view,智能问答,v2,web
2026-09-07,u_109,20260907_u_109,prompt_submit,智能问答,v2,web
2026-09-07,u_110,20260907_u_110,page_view,表格分析,v2,web
2026-09-07,u_111,20260907_u_111,page_view,文案生成,v2,desktop
2026-09-07,u_111,20260907_u_111,prompt_submit,文案生成,v2,desktop
2026-09-07,u_111,20260907_u_111,generation_success,文案生成,v2,desktop
2026-09-07,u_111,20260907_u_111,feature_click,文案生成,v2,desktop
2026-09-07,u_113,20260907_u_113,page_view,表格分析,v1,web
2026-09-07,u_117,20260907_u_117,page_view,智能问答,v2,desktop
2026-09-07,u_118,20260907_u_118,page_view,表格分析,v1,web
2026-09-07,u_118,20260907_u_118,prompt_submit,表格分析,v1,web
2026-09-07,u_119,20260907_u_119,page_view,智能问答,v2,web
2026-09-07,u_120,20260907_u_120,page_view,文案生成,v2,web
2026-09-07,u_120,20260907_u_120,prompt_submit,文案生成,v2,web
2026-09-07,u_120,20260907_u_120,generation_success,文案生成,v2,web
2026-09-07,u_120,20260907_u_120,result_adopt,文案生成,v2,web
2026-09-07,u_120,20260907_u_120,feature_click,文案生成,v2,web
2026-09-07,u_121,20260907_u_121,page_view,表格分析,v2,web
2026-09-07,u_121,20260907_u_121,prompt_submit,表格分析,v2,web
2026-09-07,u_121,20260907_u_121,generation_success,表格分析,v2,web
2026-09-07,u_123,20260907_u_123,page_view,智能问答,v1,desktop
2026-09-07,u_123,20260907_u_123,prompt_submit,智能问答,v1,desktop
2026-09-07,u_123,20260907_u_123,generation_success,智能问答,v1,desktop
2026-09-07,u_123,20260907_u_123,result_adopt,智能问答,v1,desktop
2026-09-07,u_123,20260907_u_123,feature_click,智能问答,v1,desktop
2026-09-07,u_129,20260907_u_129,page_view,表格分析,v2,web
2026-09-07,u_129,20260907_u_129,prompt_submit,表格分析,v2,web
2026-09-07,u_129,20260907_u_129,generation_success,表格分析,v2,web
2026-09-07,u_129,20260907_u_129,result_adopt,表格分析,v2,web
2026-09-07,u_129,20260907_u_129,feature_click,表格分析,v2,web
2026-09-07,u_130,20260907_u_130,page_view,表格分析,v1,desktop
2026-09-07,u_132,20260907_u_132,page_view,文案生成,v1,desktop
2026-09-07,u_134,20260907_u_134,page_view,智能问答,v1,web
2026-09-07,u_134,20260907_u_134,prompt_submit,智能问答,v1,web
2026-09-07,u_134,20260907_u_134,generation_success,智能问答,v1,web
2026-09-07,u_134,20260907_u_134,result_adopt,智能问答,v1,web
2026-09-07,u_134,20260907_u_134,feature_click,智能问答,v1,web
2026-09-07,u_135,20260907_u_135,page_view,表格分析,v2,web
2026-09-07,u_136,20260907_u_136,page_view,文案生成,v2,desktop
2026-09-07,u_138,20260907_u_138,page_view,智能问答,v2,web
2026-09-07,u_138,20260907_u_138,prompt_submit,智能问答,v2,web
2026-09-07,u_138,20260907_u_138,generation_success,智能问答,v2,web
2026-09-07,u_138,20260907_u_138,result_adopt,智能问答,v2,web
2026-09-07,u_139,20260907_u_139,page_view,文案生成,v1,web
2026-09-07,u_139,20260907_u_139,prompt_submit,文案生成,v1,web
2026-09-07,u_139,20260907_u_139,generation_success,文案生成,v1,web
2026-09-07,u_140,20260907_u_140,page_view,表格分析,v2,web
2026-09-07,u_140,20260907_u_140,prompt_submit,表格分析,v2,web
2026-09-07,u_140,20260907_u_140,generation_success,表格分析,v2,web
2026-09-07,u_140,20260907_u_140,result_adopt,表格分析,v2,web
2026-09-07,u_140,20260907_u_140,feature_click,表格分析,v2,web
2026-09-07,u_145,20260907_u_145,page_view,表格分析,v2,desktop
2026-09-07,u_145,20260907_u_145,prompt_submit,表格分析,v2,desktop
2026-09-07,u_145,20260907_u_145,generation_success,表格分析,v2,desktop
2026-09-07,u_146,20260907_u_146,page_view,文案生成,v2,desktop
2026-09-07,u_146,20260907_u_146,prompt_submit,文案生成,v2,desktop
2026-09-07,u_146,20260907_u_146,generation_success,文案生成,v2,desktop
2026-09-07,u_146,20260907_u_146,result_adopt,文案生成,v2,desktop
2026-09-07,u_148,20260907_u_148,page_view,文案生成,v1,web
2026-09-07,u_148,20260907_u_148,prompt_submit,文案生成,v1,web
2026-09-07,u_148,20260907_u_148,generation_success,文案生成,v1,web
2026-09-07,u_148,20260907_u_148,feature_click,文案生成,v1,web
2026-09-07,u_151,20260907_u_151,page_view,文案生成,v2,web
2026-09-07,u_151,20260907_u_151,prompt_submit,文案生成,v2,web
2026-09-07,u_153,20260907_u_153,page_view,表格分析,v1,web
2026-09-07,u_153,20260907_u_153,prompt_submit,表格分析,v1,web
2026-09-07,u_153,20260907_u_153,generation_success,表格分析,v1,web
2026-09-07,u_153,20260907_u_153,result_adopt,表格分析,v1,web
2026-09-07,u_158,20260907_u_158,page_view,文案生成,v1,web
2026-09-07,u_159,20260907_u_159,page_view,文案生成,v1,web
2026-09-07,u_159,20260907_u_159,prompt_submit,文案生成,v1,web
2026-09-07,u_159,20260907_u_159,generation_success,文案生成,v1,web
2026-09-07,u_160,20260907_u_160,page_view,文案生成,v1,web
2026-09-07,u_160,20260907_u_160,prompt_submit,文案生成,v1,web
2026-09-07,u_162,20260907_u_162,page_view,智能问答,v2,web
2026-09-07,u_162,20260907_u_162,prompt_submit,智能问答,v2,web
2026-09-07,u_162,20260907_u_162,generation_success,智能问答,v2,web
2026-09-07,u_162,20260907_u_162,feature_click,智能问答,v2,web
2026-09-07,u_163,20260907_u_163,page_view,文案生成,v2,desktop
2026-09-07,u_163,20260907_u_163,prompt_submit,文案生成,v2,desktop
2026-09-07,u_163,20260907_u_163,generation_success,文案生成,v2,desktop
2026-09-07,u_163,20260907_u_163,result_adopt,文案生成,v2,desktop
2026-09-07,u_164,20260907_u_164,page_view,文案生成,v1,desktop
2026-09-07,u_164,20260907_u_164,prompt_submit,文案生成,v1,desktop
2026-09-07,u_164,20260907_u_164,generation_success,文案生成,v1,desktop
2026-09-07,u_168,20260907_u_168,page_view,表格分析,v2,web
2026-09-07,u_170,20260907_u_170,page_view,表格分析,v2,desktop
2026-09-07,u_172,20260907_u_172,page_view,文案生成,v2,web
2026-09-07,u_172,20260907_u_172,prompt_submit,文案生成,v2,web
2026-09-07,u_173,20260907_u_173,page_view,文案生成,v2,desktop
2026-09-07,u_173,20260907_u_173,prompt_submit,文案生成,v2,desktop
2026-09-07,u_173,20260907_u_173,generation_success,文案生成,v2,desktop
2026-09-07,u_173,20260907_u_173,feature_click,文案生成,v2,desktop
2026-09-07,u_174,20260907_u_174,page_view,表格分析,v1,web
2026-09-07,u_174,20260907_u_174,prompt_submit,表格分析,v1,web
2026-09-07,u_174,20260907_u_174,generation_success,表格分析,v1,web
2026-09-07,u_175,20260907_u_175,page_view,表格分析,v2,web
2026-09-07,u_175,20260907_u_175,prompt_submit,表格分析,v2,web
2026-09-07,u_175,20260907_u_175,generation_success,表格分析,v2,web
2026-09-07,u_175,20260907_u_175,result_adopt,表格分析,v2,web
2026-09-07,u_176,20260907_u_176,page_view,表格分析,v1,desktop
2026-09-07,u_176,20260907_u_176,prompt_submit,表格分析,v1,desktop
2026-09-07,u_176,20260907_u_176,generation_success,表格分析,v1,desktop
2026-09-07,u_176,20260907_u_176,result_adopt,表格分析,v1,desktop
2026-09-07,u_177,20260907_u_177,page_view,智能问答,v1,web
2026-09-07,u_177,20260907_u_177,prompt_submit,智能问答,v1,web
2026-09-07,u_177,20260907_u_177,generation_success,智能问答,v1,web
2026-09-07,u_177,20260907_u_177,result_adopt,智能问答,v1,web
2026-09-07,u_179,20260907_u_179,page_view,智能问答,v2,desktop
2026-09-07,u_179,20260907_u_179,prompt_submit,智能问答,v2,desktop
2026-09-07,u_180,20260907_u_180,page_view,表格分析,v2,web
2026-09-08,u_001,20260908_u_001,page_view,表格分析,v1,web
2026-09-08,u_001,20260908_u_001,prompt_submit,表格分析,v1,web
2026-09-08,u_001,20260908_u_001,generation_success,表格分析,v1,web
2026-09-08,u_001,20260908_u_001,result_adopt,表格分析,v1,web
2026-09-08,u_003,20260908_u_003,page_view,智能问答,v2,web
2026-09-08,u_003,20260908_u_003,prompt_submit,智能问答,v2,web
2026-09-08,u_003,20260908_u_003,generation_success,智能问答,v2,web
2026-09-08,u_003,20260908_u_003,result_adopt,智能问答,v2,web
2026-09-08,u_003,20260908_u_003,feature_click,智能问答,v2,web
2026-09-08,u_004,20260908_u_004,page_view,智能问答,v2,web
2026-09-08,u_004,20260908_u_004,prompt_submit,智能问答,v2,web
2026-09-08,u_004,20260908_u_004,generation_success,智能问答,v2,web
2026-09-08,u_004,20260908_u_004,feature_click,智能问答,v2,web
2026-09-08,u_005,20260908_u_005,page_view,文案生成,v2,desktop
2026-09-08,u_005,20260908_u_005,prompt_submit,文案生成,v2,desktop
2026-09-08,u_005,20260908_u_005,generation_success,文案生成,v2,desktop
2026-09-08,u_006,20260908_u_006,page_view,智能问答,v1,desktop
2026-09-08,u_007,20260908_u_007,page_view,表格分析,v2,web
2026-09-08,u_007,20260908_u_007,prompt_submit,表格分析,v2,web
2026-09-08,u_008,20260908_u_008,page_view,智能问答,v1,web
2026-09-08,u_008,20260908_u_008,prompt_submit,智能问答,v1,web
2026-09-08,u_008,20260908_u_008,generation_success,智能问答,v1,web
2026-09-08,u_008,20260908_u_008,result_adopt,智能问答,v1,web
2026-09-08,u_008,20260908_u_008,feature_click,智能问答,v1,web
2026-09-08,u_009,20260908_u_009,page_view,表格分析,v1,desktop
2026-09-08,u_009,20260908_u_009,prompt_submit,表格分析,v1,desktop
2026-09-08,u_009,20260908_u_009,generation_success,表格分析,v1,desktop
2026-09-08,u_010,20260908_u_010,page_view,智能问答,v1,desktop
2026-09-08,u_011,20260908_u_011,page_view,表格分析,v1,desktop
2026-09-08,u_011,20260908_u_011,prompt_submit,表格分析,v1,desktop
2026-09-08,u_011,20260908_u_011,generation_success,表格分析,v1,desktop
2026-09-08,u_012,20260908_u_012,page_view,表格分析,v1,web
2026-09-08,u_012,20260908_u_012,prompt_submit,表格分析,v1,web
2026-09-08,u_012,20260908_u_012,generation_success,表格分析,v1,web
2026-09-08,u_016,20260908_u_016,page_view,文案生成,v2,web
2026-09-08,u_018,20260908_u_018,page_view,文案生成,v1,desktop
2026-09-08,u_018,20260908_u_018,prompt_submit,文案生成,v1,desktop
2026-09-08,u_018,20260908_u_018,generation_success,文案生成,v1,desktop
2026-09-08,u_018,20260908_u_018,feature_click,文案生成,v1,desktop
2026-09-08,u_019,20260908_u_019,page_view,智能问答,v1,web
2026-09-08,u_019,20260908_u_019,prompt_submit,智能问答,v1,web
2026-09-08,u_019,20260908_u_019,generation_success,智能问答,v1,web
2026-09-08,u_019,20260908_u_019,result_adopt,智能问答,v1,web
2026-09-08,u_019,20260908_u_019,feature_click,智能问答,v1,web
2026-09-08,u_023,20260908_u_023,page_view,文案生成,v2,desktop
2026-09-08,u_023,20260908_u_023,prompt_submit,文案生成,v2,desktop
2026-09-08,u_023,20260908_u_023,generation_success,文案生成,v2,desktop
2026-09-08,u_023,20260908_u_023,result_adopt,文案生成,v2,desktop
2026-09-08,u_025,20260908_u_025,page_view,表格分析,v2,web
2026-09-08,u_025,20260908_u_025,prompt_submit,表格分析,v2,web
2026-09-08,u_025,20260908_u_025,generation_success,表格分析,v2,web
2026-09-08,u_026,20260908_u_026,page_view,智能问答,v1,web
2026-09-08,u_026,20260908_u_026,prompt_submit,智能问答,v1,web
2026-09-08,u_026,20260908_u_026,generation_success,智能问答,v1,web
2026-09-08,u_026,20260908_u_026,feature_click,智能问答,v1,web
2026-09-08,u_028,20260908_u_028,page_view,文案生成,v1,desktop
2026-09-08,u_028,20260908_u_028,prompt_submit,文案生成,v1,desktop
2026-09-08,u_028,20260908_u_028,generation_success,文案生成,v1,desktop
2026-09-08,u_028,20260908_u_028,result_adopt,文案生成,v1,desktop
2026-09-08,u_028,20260908_u_028,feature_click,文案生成,v1,desktop
2026-09-08,u_029,20260908_u_029,page_view,表格分析,v2,web
2026-09-08,u_029,20260908_u_029,prompt_submit,表格分析,v2,web
2026-09-08,u_029,20260908_u_029,generation_success,表格分析,v2,web
2026-09-08,u_030,20260908_u_030,page_view,智能问答,v1,web
2026-09-08,u_030,20260908_u_030,prompt_submit,智能问答,v1,web
2026-09-08,u_030,20260908_u_030,generation_success,智能问答,v1,web
2026-09-08,u_030,20260908_u_030,feature_click,智能问答,v1,web
2026-09-08,u_032,20260908_u_032,page_view,表格分析,v1,desktop
2026-09-08,u_032,20260908_u_032,prompt_submit,表格分析,v1,desktop
2026-09-08,u_032,20260908_u_032,generation_success,表格分析,v1,desktop
2026-09-08,u_032,20260908_u_032,result_adopt,表格分析,v1,desktop
2026-09-08,u_032,20260908_u_032,feature_click,表格分析,v1,desktop
2026-09-08,u_033,20260908_u_033,page_view,表格分析,v1,web
2026-09-08,u_034,20260908_u_034,page_view,智能问答,v1,web
2026-09-08,u_035,20260908_u_035,page_view,文案生成,v1,desktop
2026-09-08,u_035,20260908_u_035,prompt_submit,文案生成,v1,desktop
2026-09-08,u_035,20260908_u_035,generation_success,文案生成,v1,desktop
2026-09-08,u_037,20260908_u_037,page_view,表格分析,v2,desktop
2026-09-08,u_037,20260908_u_037,prompt_submit,表格分析,v2,desktop
2026-09-08,u_037,20260908_u_037,generation_success,表格分析,v2,desktop
2026-09-08,u_037,20260908_u_037,feature_click,表格分析,v2,desktop
2026-09-08,u_039,20260908_u_039,page_view,文案生成,v2,desktop
2026-09-08,u_039,20260908_u_039,prompt_submit,文案生成,v2,desktop
2026-09-08,u_039,20260908_u_039,generation_success,文案生成,v2,desktop
2026-09-08,u_039,20260908_u_039,feature_click,文案生成,v2,desktop
2026-09-08,u_041,20260908_u_041,page_view,文案生成,v2,desktop
2026-09-08,u_041,20260908_u_041,prompt_submit,文案生成,v2,desktop
2026-09-08,u_041,20260908_u_041,generation_success,文案生成,v2,desktop
2026-09-08,u_044,20260908_u_044,page_view,表格分析,v1,web
2026-09-08,u_044,20260908_u_044,prompt_submit,表格分析,v1,web
2026-09-08,u_046,20260908_u_046,page_view,文案生成,v2,web
2026-09-08,u_046,20260908_u_046,prompt_submit,文案生成,v2,web
2026-09-08,u_046,20260908_u_046,generation_success,文案生成,v2,web
2026-09-08,u_046,20260908_u_046,feature_click,文案生成,v2,web
2026-09-08,u_047,20260908_u_047,page_view,表格分析,v2,web
2026-09-08,u_047,20260908_u_047,prompt_submit,表格分析,v2,web
2026-09-08,u_047,20260908_u_047,generation_success,表格分析,v2,web
2026-09-08,u_047,20260908_u_047,result_adopt,表格分析,v2,web
2026-09-08,u_048,20260908_u_048,page_view,表格分析,v1,web
2026-09-08,u_050,20260908_u_050,page_view,智能问答,v1,web
2026-09-08,u_053,20260908_u_053,page_view,智能问答,v2,web
2026-09-08,u_053,20260908_u_053,prompt_submit,智能问答,v2,web
2026-09-08,u_053,20260908_u_053,generation_success,智能问答,v2,web
2026-09-08,u_056,20260908_u_056,page_view,文案生成,v1,web
2026-09-08,u_057,20260908_u_057,page_view,表格分析,v2,web
2026-09-08,u_057,20260908_u_057,prompt_submit,表格分析,v2,web
2026-09-08,u_057,20260908_u_057,generation_success,表格分析,v2,web
2026-09-08,u_057,20260908_u_057,result_adopt,表格分析,v2,web
2026-09-08,u_057,20260908_u_057,feature_click,表格分析,v2,web
2026-09-08,u_059,20260908_u_059,page_view,智能问答,v1,web
2026-09-08,u_059,20260908_u_059,prompt_submit,智能问答,v1,web
2026-09-08,u_059,20260908_u_059,generation_success,智能问答,v1,web
2026-09-08,u_059,20260908_u_059,feature_click,智能问答,v1,web
2026-09-08,u_060,20260908_u_060,page_view,智能问答,v1,web
2026-09-08,u_060,20260908_u_060,prompt_submit,智能问答,v1,web
2026-09-08,u_062,20260908_u_062,page_view,智能问答,v2,desktop
2026-09-08,u_062,20260908_u_062,prompt_submit,智能问答,v2,desktop
2026-09-08,u_062,20260908_u_062,generation_success,智能问答,v2,desktop
2026-09-08,u_064,20260908_u_064,page_view,文案生成,v1,desktop
2026-09-08,u_064,20260908_u_064,prompt_submit,文案生成,v1,desktop
2026-09-08,u_064,20260908_u_064,generation_success,文案生成,v1,desktop
2026-09-08,u_064,20260908_u_064,result_adopt,文案生成,v1,desktop
2026-09-08,u_064,20260908_u_064,feature_click,文案生成,v1,desktop
2026-09-08,u_065,20260908_u_065,page_view,智能问答,v2,desktop
2026-09-08,u_069,20260908_u_069,page_view,表格分析,v2,web
2026-09-08,u_074,20260908_u_074,page_view,文案生成,v1,desktop
2026-09-08,u_074,20260908_u_074,prompt_submit,文案生成,v1,desktop
2026-09-08,u_074,20260908_u_074,generation_success,文案生成,v1,desktop
2026-09-08,u_074,20260908_u_074,feature_click,文案生成,v1,desktop
2026-09-08,u_076,20260908_u_076,page_view,表格分析,v1,web
2026-09-08,u_081,20260908_u_081,page_view,表格分析,v1,desktop
2026-09-08,u_083,20260908_u_083,page_view,文案生成,v1,desktop
2026-09-08,u_083,20260908_u_083,prompt_submit,文案生成,v1,desktop
2026-09-08,u_083,20260908_u_083,generation_success,文案生成,v1,desktop
2026-09-08,u_083,20260908_u_083,result_adopt,文案生成,v1,desktop
2026-09-08,u_084,20260908_u_084,page_view,文案生成,v1,desktop
2026-09-08,u_084,20260908_u_084,prompt_submit,文案生成,v1,desktop
2026-09-08,u_084,20260908_u_084,generation_success,文案生成,v1,desktop
2026-09-08,u_084,20260908_u_084,result_adopt,文案生成,v1,desktop
2026-09-08,u_085,20260908_u_085,page_view,表格分析,v1,desktop
2026-09-08,u_085,20260908_u_085,prompt_submit,表格分析,v1,desktop
2026-09-08,u_086,20260908_u_086,page_view,表格分析,v1,desktop
2026-09-08,u_086,20260908_u_086,prompt_submit,表格分析,v1,desktop
2026-09-08,u_086,20260908_u_086,generation_success,表格分析,v1,desktop
2026-09-08,u_087,20260908_u_087,page_view,表格分析,v2,web
2026-09-08,u_087,20260908_u_087,prompt_submit,表格分析,v2,web
2026-09-08,u_087,20260908_u_087,generation_success,表格分析,v2,web
2026-09-08,u_087,20260908_u_087,feature_click,表格分析,v2,web
2026-09-08,u_089,20260908_u_089,page_view,文案生成,v2,web
2026-09-08,u_091,20260908_u_091,page_view,文案生成,v1,desktop
2026-09-08,u_091,20260908_u_091,prompt_submit,文案生成,v1,desktop
2026-09-08,u_091,20260908_u_091,generation_success,文案生成,v1,desktop
2026-09-08,u_091,20260908_u_091,result_adopt,文案生成,v1,desktop
2026-09-08,u_091,20260908_u_091,feature_click,文案生成,v1,desktop
2026-09-08,u_093,20260908_u_093,page_view,智能问答,v1,desktop
2026-09-08,u_093,20260908_u_093,prompt_submit,智能问答,v1,desktop
2026-09-08,u_093,20260908_u_093,generation_success,智能问答,v1,desktop
2026-09-08,u_094,20260908_u_094,page_view,文案生成,v2,web
2026-09-08,u_094,20260908_u_094,prompt_submit,文案生成,v2,web
2026-09-08,u_094,20260908_u_094,generation_success,文案生成,v2,web
2026-09-08,u_094,20260908_u_094,result_adopt,文案生成,v2,web
2026-09-08,u_094,20260908_u_094,feature_click,文案生成,v2,web
2026-09-08,u_096,20260908_u_096,page_view,表格分析,v2,web
2026-09-08,u_096,20260908_u_096,prompt_submit,表格分析,v2,web
2026-09-08,u_096,20260908_u_096,generation_success,表格分析,v2,web
2026-09-08,u_096,20260908_u_096,feature_click,表格分析,v2,web
2026-09-08,u_097,20260908_u_097,page_view,智能问答,v2,web
2026-09-08,u_097,20260908_u_097,prompt_submit,智能问答,v2,web
2026-09-08,u_097,20260908_u_097,generation_success,智能问答,v2,web
2026-09-08,u_097,20260908_u_097,result_adopt,智能问答,v2,web
2026-09-08,u_098,20260908_u_098,page_view,表格分析,v1,desktop
2026-09-08,u_098,20260908_u_098,prompt_submit,表格分析,v1,desktop
2026-09-08,u_098,20260908_u_098,generation_success,表格分析,v1,desktop
2026-09-08,u_098,20260908_u_098,result_adopt,表格分析,v1,desktop
2026-09-08,u_102,20260908_u_102,page_view,文案生成,v2,desktop
2026-09-08,u_104,20260908_u_104,page_view,表格分析,v2,desktop
2026-09-08,u_104,20260908_u_104,prompt_submit,表格分析,v2,desktop
2026-09-08,u_104,20260908_u_104,generation_success,表格分析,v2,desktop
2026-09-08,u_104,20260908_u_104,result_adopt,表格分析,v2,desktop
2026-09-08,u_105,20260908_u_105,page_view,表格分析,v1,web
2026-09-08,u_105,20260908_u_105,prompt_submit,表格分析,v1,web
2026-09-08,u_105,20260908_u_105,generation_success,表格分析,v1,web
2026-09-08,u_105,20260908_u_105,feature_click,表格分析,v1,web
2026-09-08,u_107,20260908_u_107,page_view,表格分析,v1,web
2026-09-08,u_107,20260908_u_107,prompt_submit,表格分析,v1,web
2026-09-08,u_113,20260908_u_113,page_view,智能问答,v1,desktop
2026-09-08,u_113,20260908_u_113,prompt_submit,智能问答,v1,desktop
2026-09-08,u_113,20260908_u_113,generation_success,智能问答,v1,desktop
2026-09-08,u_113,20260908_u_113,feature_click,智能问答,v1,desktop
2026-09-08,u_117,20260908_u_117,page_view,智能问答,v1,web
2026-09-08,u_117,20260908_u_117,prompt_submit,智能问答,v1,web
2026-09-08,u_117,20260908_u_117,generation_success,智能问答,v1,web
2026-09-08,u_117,20260908_u_117,result_adopt,智能问答,v1,web
2026-09-08,u_117,20260908_u_117,feature_click,智能问答,v1,web
2026-09-08,u_118,20260908_u_118,page_view,智能问答,v1,desktop
2026-09-08,u_118,20260908_u_118,prompt_submit,智能问答,v1,desktop
2026-09-08,u_118,20260908_u_118,generation_success,智能问答,v1,desktop
2026-09-08,u_118,20260908_u_118,result_adopt,智能问答,v1,desktop
2026-09-08,u_119,20260908_u_119,page_view,文案生成,v1,web
2026-09-08,u_123,20260908_u_123,page_view,表格分析,v1,web
2026-09-08,u_123,20260908_u_123,prompt_submit,表格分析,v1,web
2026-09-08,u_124,20260908_u_124,page_view,智能问答,v2,desktop
2026-09-08,u_124,20260908_u_124,prompt_submit,智能问答,v2,desktop
2026-09-08,u_124,20260908_u_124,generation_success,智能问答,v2,desktop
2026-09-08,u_124,20260908_u_124,result_adopt,智能问答,v2,desktop
2026-09-08,u_124,20260908_u_124,feature_click,智能问答,v2,desktop
2026-09-08,u_127,20260908_u_127,page_view,表格分析,v1,web
2026-09-08,u_129,20260908_u_129,page_view,表格分析,v2,desktop
2026-09-08,u_129,20260908_u_129,prompt_submit,表格分析,v2,desktop
2026-09-08,u_129,20260908_u_129,generation_success,表格分析,v2,desktop
2026-09-08,u_133,20260908_u_133,page_view,文案生成,v2,desktop
2026-09-08,u_133,20260908_u_133,prompt_submit,文案生成,v2,desktop
2026-09-08,u_133,20260908_u_133,generation_success,文案生成,v2,desktop
2026-09-08,u_133,20260908_u_133,result_adopt,文案生成,v2,desktop
2026-09-08,u_133,20260908_u_133,feature_click,文案生成,v2,desktop
2026-09-08,u_137,20260908_u_137,page_view,智能问答,v2,desktop
2026-09-08,u_138,20260908_u_138,page_view,文案生成,v1,web
2026-09-08,u_138,20260908_u_138,prompt_submit,文案生成,v1,web
2026-09-08,u_138,20260908_u_138,generation_success,文案生成,v1,web
2026-09-08,u_138,20260908_u_138,feature_click,文案生成,v1,web
2026-09-08,u_142,20260908_u_142,page_view,文案生成,v1,desktop
2026-09-08,u_144,20260908_u_144,page_view,表格分析,v1,web
2026-09-08,u_144,20260908_u_144,prompt_submit,表格分析,v1,web
2026-09-08,u_144,20260908_u_144,generation_success,表格分析,v1,web
2026-09-08,u_144,20260908_u_144,feature_click,表格分析,v1,web
2026-09-08,u_145,20260908_u_145,page_view,表格分析,v1,web
2026-09-08,u_145,20260908_u_145,prompt_submit,表格分析,v1,web
2026-09-08,u_145,20260908_u_145,generation_success,表格分析,v1,web
2026-09-08,u_145,20260908_u_145,result_adopt,表格分析,v1,web
2026-09-08,u_145,20260908_u_145,feature_click,表格分析,v1,web
2026-09-08,u_146,20260908_u_146,page_view,表格分析,v1,desktop
2026-09-08,u_146,20260908_u_146,prompt_submit,表格分析,v1,desktop
2026-09-08,u_146,20260908_u_146,generation_success,表格分析,v1,desktop
2026-09-08,u_146,20260908_u_146,feature_click,表格分析,v1,desktop
2026-09-08,u_147,20260908_u_147,page_view,文案生成,v1,desktop
2026-09-08,u_147,20260908_u_147,prompt_submit,文案生成,v1,desktop
2026-09-08,u_147,20260908_u_147,generation_success,文案生成,v1,desktop
2026-09-08,u_147,20260908_u_147,result_adopt,文案生成,v1,desktop
2026-09-08,u_151,20260908_u_151,page_view,智能问答,v2,web
2026-09-08,u_151,20260908_u_151,prompt_submit,智能问答,v2,web
2026-09-08,u_151,20260908_u_151,generation_success,智能问答,v2,web
2026-09-08,u_151,20260908_u_151,result_adopt,智能问答,v2,web
2026-09-08,u_151,20260908_u_151,feature_click,智能问答,v2,web
2026-09-08,u_155,20260908_u_155,page_view,智能问答,v2,web
2026-09-08,u_156,20260908_u_156,page_view,文案生成,v1,desktop
2026-09-08,u_156,20260908_u_156,prompt_submit,文案生成,v1,desktop
2026-09-08,u_156,20260908_u_156,generation_success,文案生成,v1,desktop
2026-09-08,u_156,20260908_u_156,feature_click,文案生成,v1,desktop
2026-09-08,u_159,20260908_u_159,page_view,智能问答,v2,web
2026-09-08,u_159,20260908_u_159,prompt_submit,智能问答,v2,web
2026-09-08,u_159,20260908_u_159,generation_success,智能问答,v2,web
2026-09-08,u_159,20260908_u_159,result_adopt,智能问答,v2,web
2026-09-08,u_159,20260908_u_159,feature_click,智能问答,v2,web
2026-09-08,u_161,20260908_u_161,page_view,表格分析,v2,web
2026-09-08,u_161,20260908_u_161,prompt_submit,表格分析,v2,web
2026-09-08,u_161,20260908_u_161,generation_success,表格分析,v2,web
2026-09-08,u_161,20260908_u_161,result_adopt,表格分析,v2,web
2026-09-08,u_161,20260908_u_161,feature_click,表格分析,v2,web
2026-09-08,u_162,20260908_u_162,page_view,文案生成,v1,desktop
2026-09-08,u_162,20260908_u_162,prompt_submit,文案生成,v1,desktop
2026-09-08,u_162,20260908_u_162,generation_success,文案生成,v1,desktop
2026-09-08,u_162,20260908_u_162,result_adopt,文案生成,v1,desktop
2026-09-08,u_164,20260908_u_164,page_view,文案生成,v2,web
2026-09-08,u_164,20260908_u_164,prompt_submit,文案生成,v2,web
2026-09-08,u_164,20260908_u_164,generation_success,文案生成,v2,web
2026-09-08,u_164,20260908_u_164,result_adopt,文案生成,v2,web
2026-09-08,u_164,20260908_u_164,feature_click,文案生成,v2,web
2026-09-08,u_165,20260908_u_165,page_view,智能问答,v1,desktop
2026-09-08,u_165,20260908_u_165,prompt_submit,智能问答,v1,desktop
2026-09-08,u_165,20260908_u_165,generation_success,智能问答,v1,desktop
2026-09-08,u_165,20260908_u_165,feature_click,智能问答,v1,desktop
2026-09-08,u_168,20260908_u_168,page_view,智能问答,v2,web
2026-09-08,u_169,20260908_u_169,page_view,表格分析,v1,web
2026-09-08,u_171,20260908_u_171,page_view,表格分析,v1,desktop
2026-09-08,u_171,20260908_u_171,prompt_submit,表格分析,v1,desktop
2026-09-08,u_171,20260908_u_171,generation_success,表格分析,v1,desktop
2026-09-08,u_171,20260908_u_171,feature_click,表格分析,v1,desktop
2026-09-08,u_172,20260908_u_172,page_view,文案生成,v2,desktop
2026-09-08,u_173,20260908_u_173,page_view,文案生成,v2,desktop
2026-09-08,u_173,20260908_u_173,prompt_submit,文案生成,v2,desktop
2026-09-08,u_173,20260908_u_173,generation_success,文案生成,v2,desktop
2026-09-08,u_173,20260908_u_173,result_adopt,文案生成,v2,desktop
2026-09-08,u_173,20260908_u_173,feature_click,文案生成,v2,desktop
2026-09-08,u_176,20260908_u_176,page_view,智能问答,v2,desktop
2026-09-08,u_176,20260908_u_176,prompt_submit,智能问答,v2,desktop
2026-09-08,u_176,20260908_u_176,generation_success,智能问答,v2,desktop
2026-09-08,u_176,20260908_u_176,result_adopt,智能问答,v2,desktop
2026-09-08,u_176,20260908_u_176,feature_click,智能问答,v2,desktop
2026-09-08,u_179,20260908_u_179,page_view,智能问答,v2,web
2026-09-08,u_179,20260908_u_179,prompt_submit,智能问答,v2,web
2026-09-08,u_179,20260908_u_179,generation_success,智能问答,v2,web
2026-09-08,u_179,20260908_u_179,result_adopt,智能问答,v2,web
2026-09-08,u_179,20260908_u_179,feature_click,智能问答,v2,web
2026-09-09,u_002,20260909_u_002,page_view,表格分析,v1,desktop
2026-09-09,u_002,20260909_u_002,prompt_submit,表格分析,v1,desktop
2026-09-09,u_002,20260909_u_002,generation_success,表格分析,v1,desktop
2026-09-09,u_004,20260909_u_004,page_view,表格分析,v1,web
2026-09-09,u_004,20260909_u_004,prompt_submit,表格分析,v1,web
2026-09-09,u_004,20260909_u_004,generation_success,表格分析,v1,web
2026-09-09,u_004,20260909_u_004,result_adopt,表格分析,v1,web
2026-09-09,u_005,20260909_u_005,page_view,智能问答,v1,desktop
2026-09-09,u_005,20260909_u_005,prompt_submit,智能问答,v1,desktop
2026-09-09,u_005,20260909_u_005,generation_success,智能问答,v1,desktop
2026-09-09,u_007,20260909_u_007,page_view,文案生成,v2,web
2026-09-09,u_007,20260909_u_007,prompt_submit,文案生成,v2,web
2026-09-09,u_007,20260909_u_007,generation_success,文案生成,v2,web
2026-09-09,u_007,20260909_u_007,result_adopt,文案生成,v2,web
2026-09-09,u_007,20260909_u_007,feature_click,文案生成,v2,web
2026-09-09,u_008,20260909_u_008,page_view,文案生成,v2,desktop
2026-09-09,u_008,20260909_u_008,prompt_submit,文案生成,v2,desktop
2026-09-09,u_008,20260909_u_008,generation_success,文案生成,v2,desktop
2026-09-09,u_010,20260909_u_010,page_view,智能问答,v1,web
2026-09-09,u_010,20260909_u_010,prompt_submit,智能问答,v1,web
2026-09-09,u_010,20260909_u_010,generation_success,智能问答,v1,web
2026-09-09,u_010,20260909_u_010,result_adopt,智能问答,v1,web
2026-09-09,u_010,20260909_u_010,feature_click,智能问答,v1,web
2026-09-09,u_012,20260909_u_012,page_view,智能问答,v2,web
2026-09-09,u_012,20260909_u_012,prompt_submit,智能问答,v2,web
2026-09-09,u_012,20260909_u_012,generation_success,智能问答,v2,web
2026-09-09,u_012,20260909_u_012,result_adopt,智能问答,v2,web
2026-09-09,u_013,20260909_u_013,page_view,文案生成,v1,web
2026-09-09,u_013,20260909_u_013,prompt_submit,文案生成,v1,web
2026-09-09,u_013,20260909_u_013,generation_success,文案生成,v1,web
2026-09-09,u_016,20260909_u_016,page_view,智能问答,v1,desktop
2026-09-09,u_016,20260909_u_016,prompt_submit,智能问答,v1,desktop
2026-09-09,u_017,20260909_u_017,page_view,表格分析,v1,web
2026-09-09,u_017,20260909_u_017,prompt_submit,表格分析,v1,web
2026-09-09,u_017,20260909_u_017,generation_success,表格分析,v1,web
2026-09-09,u_019,20260909_u_019,page_view,文案生成,v1,desktop
2026-09-09,u_019,20260909_u_019,prompt_submit,文案生成,v1,desktop
2026-09-09,u_019,20260909_u_019,generation_success,文案生成,v1,desktop
2026-09-09,u_019,20260909_u_019,result_adopt,文案生成,v1,desktop
2026-09-09,u_021,20260909_u_021,page_view,表格分析,v2,web
2026-09-09,u_021,20260909_u_021,prompt_submit,表格分析,v2,web
2026-09-09,u_021,20260909_u_021,generation_success,表格分析,v2,web
2026-09-09,u_021,20260909_u_021,result_adopt,表格分析,v2,web
2026-09-09,u_021,20260909_u_021,feature_click,表格分析,v2,web
2026-09-09,u_022,20260909_u_022,page_view,文案生成,v1,desktop
2026-09-09,u_022,20260909_u_022,prompt_submit,文案生成,v1,desktop
2026-09-09,u_022,20260909_u_022,generation_success,文案生成,v1,desktop
2026-09-09,u_022,20260909_u_022,feature_click,文案生成,v1,desktop
2026-09-09,u_023,20260909_u_023,page_view,文案生成,v1,web
2026-09-09,u_023,20260909_u_023,prompt_submit,文案生成,v1,web
2026-09-09,u_023,20260909_u_023,generation_success,文案生成,v1,web
2026-09-09,u_023,20260909_u_023,feature_click,文案生成,v1,web
2026-09-09,u_026,20260909_u_026,page_view,智能问答,v1,web
2026-09-09,u_026,20260909_u_026,prompt_submit,智能问答,v1,web
2026-09-09,u_026,20260909_u_026,generation_success,智能问答,v1,web
2026-09-09,u_026,20260909_u_026,result_adopt,智能问答,v1,web
2026-09-09,u_026,20260909_u_026,feature_click,智能问答,v1,web
2026-09-09,u_028,20260909_u_028,page_view,智能问答,v1,web
2026-09-09,u_028,20260909_u_028,prompt_submit,智能问答,v1,web
2026-09-09,u_028,20260909_u_028,generation_success,智能问答,v1,web
2026-09-09,u_029,20260909_u_029,page_view,表格分析,v1,desktop
2026-09-09,u_029,20260909_u_029,prompt_submit,表格分析,v1,desktop
2026-09-09,u_029,20260909_u_029,generation_success,表格分析,v1,desktop
2026-09-09,u_029,20260909_u_029,result_adopt,表格分析,v1,desktop
2026-09-09,u_030,20260909_u_030,page_view,文案生成,v1,desktop
2026-09-09,u_030,20260909_u_030,prompt_submit,文案生成,v1,desktop
2026-09-09,u_030,20260909_u_030,generation_success,文案生成,v1,desktop
2026-09-09,u_031,20260909_u_031,page_view,智能问答,v1,desktop
2026-09-09,u_031,20260909_u_031,prompt_submit,智能问答,v1,desktop
2026-09-09,u_031,20260909_u_031,generation_success,智能问答,v1,desktop
2026-09-09,u_032,20260909_u_032,page_view,智能问答,v1,web
2026-09-09,u_032,20260909_u_032,prompt_submit,智能问答,v1,web
2026-09-09,u_032,20260909_u_032,generation_success,智能问答,v1,web
2026-09-09,u_032,20260909_u_032,result_adopt,智能问答,v1,web
2026-09-09,u_032,20260909_u_032,feature_click,智能问答,v1,web
2026-09-09,u_034,20260909_u_034,page_view,文案生成,v2,desktop
2026-09-09,u_034,20260909_u_034,prompt_submit,文案生成,v2,desktop
2026-09-09,u_034,20260909_u_034,generation_success,文案生成,v2,desktop
2026-09-09,u_034,20260909_u_034,result_adopt,文案生成,v2,desktop
2026-09-09,u_035,20260909_u_035,page_view,智能问答,v1,web
2026-09-09,u_035,20260909_u_035,prompt_submit,智能问答,v1,web
2026-09-09,u_035,20260909_u_035,generation_success,智能问答,v1,web
2026-09-09,u_035,20260909_u_035,feature_click,智能问答,v1,web
2026-09-09,u_036,20260909_u_036,page_view,智能问答,v1,desktop
2026-09-09,u_036,20260909_u_036,prompt_submit,智能问答,v1,desktop
2026-09-09,u_036,20260909_u_036,generation_success,智能问答,v1,desktop
2026-09-09,u_039,20260909_u_039,page_view,表格分析,v1,desktop
2026-09-09,u_041,20260909_u_041,page_view,智能问答,v2,desktop
2026-09-09,u_042,20260909_u_042,page_view,智能问答,v2,web
2026-09-09,u_043,20260909_u_043,page_view,智能问答,v1,desktop
2026-09-09,u_043,20260909_u_043,prompt_submit,智能问答,v1,desktop
2026-09-09,u_043,20260909_u_043,generation_success,智能问答,v1,desktop
2026-09-09,u_046,20260909_u_046,page_view,智能问答,v2,desktop
2026-09-09,u_046,20260909_u_046,prompt_submit,智能问答,v2,desktop
2026-09-09,u_046,20260909_u_046,generation_success,智能问答,v2,desktop
2026-09-09,u_046,20260909_u_046,result_adopt,智能问答,v2,desktop
2026-09-09,u_046,20260909_u_046,feature_click,智能问答,v2,desktop
2026-09-09,u_048,20260909_u_048,page_view,智能问答,v1,web
2026-09-09,u_048,20260909_u_048,prompt_submit,智能问答,v1,web
2026-09-09,u_048,20260909_u_048,generation_success,智能问答,v1,web
2026-09-09,u_048,20260909_u_048,feature_click,智能问答,v1,web
2026-09-09,u_050,20260909_u_050,page_view,文案生成,v2,web
2026-09-09,u_050,20260909_u_050,prompt_submit,文案生成,v2,web
2026-09-09,u_050,20260909_u_050,generation_success,文案生成,v2,web
2026-09-09,u_050,20260909_u_050,result_adopt,文案生成,v2,web
2026-09-09,u_053,20260909_u_053,page_view,文案生成,v1,desktop
2026-09-09,u_055,20260909_u_055,page_view,表格分析,v2,web
2026-09-09,u_056,20260909_u_056,page_view,表格分析,v2,desktop
2026-09-09,u_056,20260909_u_056,prompt_submit,表格分析,v2,desktop
2026-09-09,u_056,20260909_u_056,generation_success,表格分析,v2,desktop
2026-09-09,u_057,20260909_u_057,page_view,智能问答,v2,desktop
2026-09-09,u_057,20260909_u_057,prompt_submit,智能问答,v2,desktop
2026-09-09,u_057,20260909_u_057,generation_success,智能问答,v2,desktop
2026-09-09,u_057,20260909_u_057,feature_click,智能问答,v2,desktop
2026-09-09,u_059,20260909_u_059,page_view,文案生成,v1,desktop
2026-09-09,u_059,20260909_u_059,prompt_submit,文案生成,v1,desktop
2026-09-09,u_059,20260909_u_059,generation_success,文案生成,v1,desktop
2026-09-09,u_059,20260909_u_059,result_adopt,文案生成,v1,desktop
2026-09-09,u_059,20260909_u_059,feature_click,文案生成,v1,desktop
2026-09-09,u_061,20260909_u_061,page_view,表格分析,v1,web
2026-09-09,u_063,20260909_u_063,page_view,表格分析,v1,desktop
2026-09-09,u_063,20260909_u_063,prompt_submit,表格分析,v1,desktop
2026-09-09,u_063,20260909_u_063,generation_success,表格分析,v1,desktop
2026-09-09,u_063,20260909_u_063,result_adopt,表格分析,v1,desktop
2026-09-09,u_065,20260909_u_065,page_view,表格分析,v2,desktop
2026-09-09,u_066,20260909_u_066,page_view,智能问答,v2,web
2026-09-09,u_066,20260909_u_066,prompt_submit,智能问答,v2,web
2026-09-09,u_066,20260909_u_066,generation_success,智能问答,v2,web
2026-09-09,u_066,20260909_u_066,result_adopt,智能问答,v2,web
2026-09-09,u_068,20260909_u_068,page_view,表格分析,v2,desktop
2026-09-09,u_069,20260909_u_069,page_view,文案生成,v2,web
2026-09-09,u_069,20260909_u_069,prompt_submit,文案生成,v2,web
2026-09-09,u_069,20260909_u_069,generation_success,文案生成,v2,web
2026-09-09,u_071,20260909_u_071,page_view,智能问答,v2,desktop
2026-09-09,u_071,20260909_u_071,prompt_submit,智能问答,v2,desktop
2026-09-09,u_071,20260909_u_071,generation_success,智能问答,v2,desktop
2026-09-09,u_071,20260909_u_071,result_adopt,智能问答,v2,desktop
2026-09-09,u_072,20260909_u_072,page_view,智能问答,v1,web
2026-09-09,u_072,20260909_u_072,prompt_submit,智能问答,v1,web
2026-09-09,u_072,20260909_u_072,generation_success,智能问答,v1,web
2026-09-09,u_076,20260909_u_076,page_view,智能问答,v1,desktop
2026-09-09,u_076,20260909_u_076,prompt_submit,智能问答,v1,desktop
2026-09-09,u_077,20260909_u_077,page_view,智能问答,v2,desktop
2026-09-09,u_077,20260909_u_077,prompt_submit,智能问答,v2,desktop
2026-09-09,u_077,20260909_u_077,generation_success,智能问答,v2,desktop
2026-09-09,u_077,20260909_u_077,result_adopt,智能问答,v2,desktop
2026-09-09,u_079,20260909_u_079,page_view,表格分析,v2,web
2026-09-09,u_079,20260909_u_079,prompt_submit,表格分析,v2,web
2026-09-09,u_079,20260909_u_079,generation_success,表格分析,v2,web
2026-09-09,u_079,20260909_u_079,result_adopt,表格分析,v2,web
2026-09-09,u_079,20260909_u_079,feature_click,表格分析,v2,web
2026-09-09,u_080,20260909_u_080,page_view,文案生成,v1,desktop
2026-09-09,u_080,20260909_u_080,prompt_submit,文案生成,v1,desktop
2026-09-09,u_081,20260909_u_081,page_view,智能问答,v2,web
2026-09-09,u_081,20260909_u_081,prompt_submit,智能问答,v2,web
2026-09-09,u_081,20260909_u_081,generation_success,智能问答,v2,web
2026-09-09,u_081,20260909_u_081,result_adopt,智能问答,v2,web
2026-09-09,u_082,20260909_u_082,page_view,智能问答,v2,desktop
2026-09-09,u_085,20260909_u_085,page_view,表格分析,v2,desktop
2026-09-09,u_087,20260909_u_087,page_view,智能问答,v2,web
2026-09-09,u_088,20260909_u_088,page_view,表格分析,v2,desktop
2026-09-09,u_088,20260909_u_088,prompt_submit,表格分析,v2,desktop
2026-09-09,u_088,20260909_u_088,generation_success,表格分析,v2,desktop
2026-09-09,u_088,20260909_u_088,result_adopt,表格分析,v2,desktop
2026-09-09,u_088,20260909_u_088,feature_click,表格分析,v2,desktop
2026-09-09,u_091,20260909_u_091,page_view,文案生成,v2,web
2026-09-09,u_091,20260909_u_091,prompt_submit,文案生成,v2,web
2026-09-09,u_091,20260909_u_091,generation_success,文案生成,v2,web
2026-09-09,u_091,20260909_u_091,result_adopt,文案生成,v2,web
2026-09-09,u_091,20260909_u_091,feature_click,文案生成,v2,web
2026-09-09,u_092,20260909_u_092,page_view,表格分析,v2,desktop
2026-09-09,u_092,20260909_u_092,prompt_submit,表格分析,v2,desktop
2026-09-09,u_092,20260909_u_092,generation_success,表格分析,v2,desktop
2026-09-09,u_092,20260909_u_092,feature_click,表格分析,v2,desktop
2026-09-09,u_094,20260909_u_094,page_view,文案生成,v1,web
2026-09-09,u_094,20260909_u_094,prompt_submit,文案生成,v1,web
2026-09-09,u_094,20260909_u_094,generation_success,文案生成,v1,web
2026-09-09,u_095,20260909_u_095,page_view,智能问答,v2,desktop
2026-09-09,u_095,20260909_u_095,prompt_submit,智能问答,v2,desktop
2026-09-09,u_095,20260909_u_095,generation_success,智能问答,v2,desktop
2026-09-09,u_095,20260909_u_095,result_adopt,智能问答,v2,desktop
2026-09-09,u_096,20260909_u_096,page_view,表格分析,v1,desktop
2026-09-09,u_096,20260909_u_096,prompt_submit,表格分析,v1,desktop
2026-09-09,u_096,20260909_u_096,generation_success,表格分析,v1,desktop
2026-09-09,u_096,20260909_u_096,result_adopt,表格分析,v1,desktop
2026-09-09,u_097,20260909_u_097,page_view,智能问答,v2,web
2026-09-09,u_098,20260909_u_098,page_view,表格分析,v2,desktop
2026-09-09,u_100,20260909_u_100,page_view,表格分析,v2,web
2026-09-09,u_100,20260909_u_100,prompt_submit,表格分析,v2,web
2026-09-09,u_100,20260909_u_100,generation_success,表格分析,v2,web
2026-09-09,u_100,20260909_u_100,result_adopt,表格分析,v2,web
2026-09-09,u_101,20260909_u_101,page_view,智能问答,v1,desktop
2026-09-09,u_101,20260909_u_101,prompt_submit,智能问答,v1,desktop
2026-09-09,u_101,20260909_u_101,generation_success,智能问答,v1,desktop
2026-09-09,u_101,20260909_u_101,result_adopt,智能问答,v1,desktop
2026-09-09,u_101,20260909_u_101,feature_click,智能问答,v1,desktop
2026-09-09,u_102,20260909_u_102,page_view,文案生成,v2,desktop
2026-09-09,u_103,20260909_u_103,page_view,文案生成,v1,web
2026-09-09,u_103,20260909_u_103,prompt_submit,文案生成,v1,web
2026-09-09,u_103,20260909_u_103,generation_success,文案生成,v1,web
2026-09-09,u_104,20260909_u_104,page_view,文案生成,v2,desktop
2026-09-09,u_105,20260909_u_105,page_view,文案生成,v2,web
2026-09-09,u_105,20260909_u_105,prompt_submit,文案生成,v2,web
2026-09-09,u_105,20260909_u_105,generation_success,文案生成,v2,web
2026-09-09,u_105,20260909_u_105,result_adopt,文案生成,v2,web
2026-09-09,u_105,20260909_u_105,feature_click,文案生成,v2,web
2026-09-09,u_107,20260909_u_107,page_view,智能问答,v2,desktop
2026-09-09,u_107,20260909_u_107,prompt_submit,智能问答,v2,desktop
2026-09-09,u_107,20260909_u_107,generation_success,智能问答,v2,desktop
2026-09-09,u_107,20260909_u_107,feature_click,智能问答,v2,desktop
2026-09-09,u_108,20260909_u_108,page_view,智能问答,v2,desktop
2026-09-09,u_108,20260909_u_108,prompt_submit,智能问答,v2,desktop
2026-09-09,u_108,20260909_u_108,generation_success,智能问答,v2,desktop
2026-09-09,u_108,20260909_u_108,result_adopt,智能问答,v2,desktop
2026-09-09,u_109,20260909_u_109,page_view,智能问答,v2,desktop
2026-09-09,u_109,20260909_u_109,prompt_submit,智能问答,v2,desktop
2026-09-09,u_109,20260909_u_109,generation_success,智能问答,v2,desktop
2026-09-09,u_109,20260909_u_109,feature_click,智能问答,v2,desktop
2026-09-09,u_110,20260909_u_110,page_view,表格分析,v1,desktop
2026-09-09,u_112,20260909_u_112,page_view,智能问答,v2,web
2026-09-09,u_112,20260909_u_112,prompt_submit,智能问答,v2,web
2026-09-09,u_112,20260909_u_112,generation_success,智能问答,v2,web
2026-09-09,u_113,20260909_u_113,page_view,表格分析,v2,web
2026-09-09,u_113,20260909_u_113,prompt_submit,表格分析,v2,web
2026-09-09,u_113,20260909_u_113,generation_success,表格分析,v2,web
2026-09-09,u_113,20260909_u_113,result_adopt,表格分析,v2,web
2026-09-09,u_113,20260909_u_113,feature_click,表格分析,v2,web
2026-09-09,u_114,20260909_u_114,page_view,表格分析,v2,desktop
2026-09-09,u_114,20260909_u_114,prompt_submit,表格分析,v2,desktop
2026-09-09,u_114,20260909_u_114,generation_success,表格分析,v2,desktop
2026-09-09,u_118,20260909_u_118,page_view,表格分析,v1,desktop
2026-09-09,u_123,20260909_u_123,page_view,文案生成,v1,web
2026-09-09,u_123,20260909_u_123,prompt_submit,文案生成,v1,web
2026-09-09,u_123,20260909_u_123,generation_success,文案生成,v1,web
2026-09-09,u_123,20260909_u_123,result_adopt,文案生成,v1,web
2026-09-09,u_123,20260909_u_123,feature_click,文案生成,v1,web
2026-09-09,u_124,20260909_u_124,page_view,表格分析,v2,desktop
2026-09-09,u_127,20260909_u_127,page_view,文案生成,v2,desktop
2026-09-09,u_127,20260909_u_127,prompt_submit,文案生成,v2,desktop
2026-09-09,u_127,20260909_u_127,generation_success,文案生成,v2,desktop
2026-09-09,u_127,20260909_u_127,result_adopt,文案生成,v2,desktop
2026-09-09,u_128,20260909_u_128,page_view,表格分析,v1,desktop
2026-09-09,u_128,20260909_u_128,prompt_submit,表格分析,v1,desktop
2026-09-09,u_128,20260909_u_128,generation_success,表格分析,v1,desktop
2026-09-09,u_128,20260909_u_128,feature_click,表格分析,v1,desktop
2026-09-09,u_130,20260909_u_130,page_view,文案生成,v2,desktop
2026-09-09,u_134,20260909_u_134,page_view,智能问答,v2,desktop
2026-09-09,u_135,20260909_u_135,page_view,文案生成,v1,desktop
2026-09-09,u_135,20260909_u_135,prompt_submit,文案生成,v1,desktop
2026-09-09,u_136,20260909_u_136,page_view,表格分析,v1,desktop
2026-09-09,u_136,20260909_u_136,prompt_submit,表格分析,v1,desktop
2026-09-09,u_136,20260909_u_136,generation_success,表格分析,v1,desktop
2026-09-09,u_137,20260909_u_137,page_view,智能问答,v1,desktop
2026-09-09,u_137,20260909_u_137,prompt_submit,智能问答,v1,desktop
2026-09-09,u_137,20260909_u_137,generation_success,智能问答,v1,desktop
2026-09-09,u_138,20260909_u_138,page_view,智能问答,v1,web
2026-09-09,u_138,20260909_u_138,prompt_submit,智能问答,v1,web
2026-09-09,u_138,20260909_u_138,generation_success,智能问答,v1,web
2026-09-09,u_138,20260909_u_138,feature_click,智能问答,v1,web
2026-09-09,u_139,20260909_u_139,page_view,智能问答,v1,web
2026-09-09,u_139,20260909_u_139,prompt_submit,智能问答,v1,web
2026-09-09,u_139,20260909_u_139,generation_success,智能问答,v1,web
2026-09-09,u_140,20260909_u_140,page_view,智能问答,v1,web
2026-09-09,u_140,20260909_u_140,prompt_submit,智能问答,v1,web
2026-09-09,u_140,20260909_u_140,generation_success,智能问答,v1,web
2026-09-09,u_140,20260909_u_140,result_adopt,智能问答,v1,web
2026-09-09,u_140,20260909_u_140,feature_click,智能问答,v1,web
2026-09-09,u_141,20260909_u_141,page_view,智能问答,v1,web
2026-09-09,u_141,20260909_u_141,prompt_submit,智能问答,v1,web
2026-09-09,u_141,20260909_u_141,generation_success,智能问答,v1,web
2026-09-09,u_142,20260909_u_142,page_view,智能问答,v2,desktop
2026-09-09,u_142,20260909_u_142,prompt_submit,智能问答,v2,desktop
2026-09-09,u_142,20260909_u_142,generation_success,智能问答,v2,desktop
2026-09-09,u_142,20260909_u_142,result_adopt,智能问答,v2,desktop
2026-09-09,u_142,20260909_u_142,feature_click,智能问答,v2,desktop
2026-09-09,u_144,20260909_u_144,page_view,智能问答,v2,desktop
2026-09-09,u_144,20260909_u_144,prompt_submit,智能问答,v2,desktop
2026-09-09,u_144,20260909_u_144,generation_success,智能问答,v2,desktop
2026-09-09,u_144,20260909_u_144,result_adopt,智能问答,v2,desktop
2026-09-09,u_144,20260909_u_144,feature_click,智能问答,v2,desktop
2026-09-09,u_147,20260909_u_147,page_view,智能问答,v2,web
2026-09-09,u_147,20260909_u_147,prompt_submit,智能问答,v2,web
2026-09-09,u_147,20260909_u_147,generation_success,智能问答,v2,web
2026-09-09,u_147,20260909_u_147,feature_click,智能问答,v2,web
2026-09-09,u_148,20260909_u_148,page_view,智能问答,v2,web
2026-09-09,u_148,20260909_u_148,prompt_submit,智能问答,v2,web
2026-09-09,u_148,20260909_u_148,generation_success,智能问答,v2,web
2026-09-09,u_148,20260909_u_148,result_adopt,智能问答,v2,web
2026-09-09,u_148,20260909_u_148,feature_click,智能问答,v2,web
2026-09-09,u_154,20260909_u_154,page_view,智能问答,v1,web
2026-09-09,u_154,20260909_u_154,prompt_submit,智能问答,v1,web
2026-09-09,u_154,20260909_u_154,generation_success,智能问答,v1,web
2026-09-09,u_154,20260909_u_154,result_adopt,智能问答,v1,web
2026-09-09,u_154,20260909_u_154,feature_click,智能问答,v1,web
2026-09-09,u_155,20260909_u_155,page_view,智能问答,v1,desktop
2026-09-09,u_155,20260909_u_155,prompt_submit,智能问答,v1,desktop
2026-09-09,u_155,20260909_u_155,generation_success,智能问答,v1,desktop
2026-09-09,u_157,20260909_u_157,page_view,文案生成,v1,web
2026-09-09,u_157,20260909_u_157,prompt_submit,文案生成,v1,web
2026-09-09,u_157,20260909_u_157,generation_success,文案生成,v1,web
2026-09-09,u_157,20260909_u_157,feature_click,文案生成,v1,web
2026-09-09,u_158,20260909_u_158,page_view,表格分析,v1,desktop
2026-09-09,u_159,20260909_u_159,page_view,智能问答,v1,web
2026-09-09,u_159,20260909_u_159,prompt_submit,智能问答,v1,web
2026-09-09,u_159,20260909_u_159,generation_success,智能问答,v1,web
2026-09-09,u_161,20260909_u_161,page_view,文案生成,v1,web
2026-09-09,u_161,20260909_u_161,prompt_submit,文案生成,v1,web
2026-09-09,u_161,20260909_u_161,generation_success,文案生成,v1,web
2026-09-09,u_161,20260909_u_161,result_adopt,文案生成,v1,web
2026-09-09,u_161,20260909_u_161,feature_click,文案生成,v1,web
2026-09-09,u_163,20260909_u_163,page_view,表格分析,v1,web
2026-09-09,u_163,20260909_u_163,prompt_submit,表格分析,v1,web
2026-09-09,u_163,20260909_u_163,generation_success,表格分析,v1,web
2026-09-09,u_164,20260909_u_164,page_view,智能问答,v1,desktop
2026-09-09,u_164,20260909_u_164,prompt_submit,智能问答,v1,desktop
2026-09-09,u_164,20260909_u_164,generation_success,智能问答,v1,desktop
2026-09-09,u_164,20260909_u_164,feature_click,智能问答,v1,desktop
2026-09-09,u_168,20260909_u_168,page_view,智能问答,v1,desktop
2026-09-09,u_168,20260909_u_168,prompt_submit,智能问答,v1,desktop
2026-09-09,u_168,20260909_u_168,generation_success,智能问答,v1,desktop
2026-09-09,u_168,20260909_u_168,result_adopt,智能问答,v1,desktop
2026-09-09,u_169,20260909_u_169,page_view,表格分析,v1,desktop
2026-09-09,u_169,20260909_u_169,prompt_submit,表格分析,v1,desktop
2026-09-09,u_169,20260909_u_169,generation_success,表格分析,v1,desktop
2026-09-09,u_169,20260909_u_169,feature_click,表格分析,v1,desktop
2026-09-09,u_172,20260909_u_172,page_view,文案生成,v2,web
2026-09-09,u_172,20260909_u_172,prompt_submit,文案生成,v2,web
2026-09-09,u_172,20260909_u_172,generation_success,文案生成,v2,web
2026-09-09,u_172,20260909_u_172,feature_click,文案生成,v2,web
2026-09-09,u_175,20260909_u_175,page_view,智能问答,v2,web
2026-09-09,u_175,20260909_u_175,prompt_submit,智能问答,v2,web
2026-09-09,u_175,20260909_u_175,generation_success,智能问答,v2,web
2026-09-09,u_177,20260909_u_177,page_view,文案生成,v1,web
2026-09-09,u_177,20260909_u_177,prompt_submit,文案生成,v1,web
2026-09-09,u_177,20260909_u_177,generation_success,文案生成,v1,web
2026-09-09,u_177,20260909_u_177,result_adopt,文案生成,v1,web
2026-09-09,u_177,20260909_u_177,feature_click,文案生成,v1,web
2026-09-09,u_178,20260909_u_178,page_view,智能问答,v1,web
2026-09-09,u_178,20260909_u_178,prompt_submit,智能问答,v1,web
2026-09-09,u_178,20260909_u_178,generation_success,智能问答,v1,web
2026-09-09,u_178,20260909_u_178,result_adopt,智能问答,v1,web
2026-09-10,u_003,20260910_u_003,page_view,表格分析,v1,desktop
2026-09-10,u_003,20260910_u_003,prompt_submit,表格分析,v1,desktop
2026-09-10,u_003,20260910_u_003,generation_success,表格分析,v1,desktop
2026-09-10,u_003,20260910_u_003,feature_click,表格分析,v1,desktop
2026-09-10,u_004,20260910_u_004,page_view,表格分析,v2,desktop
2026-09-10,u_004,20260910_u_004,prompt_submit,表格分析,v2,desktop
2026-09-10,u_004,20260910_u_004,generation_success,表格分析,v2,desktop
2026-09-10,u_005,20260910_u_005,page_view,表格分析,v2,desktop
2026-09-10,u_006,20260910_u_006,page_view,智能问答,v1,web
2026-09-10,u_007,20260910_u_007,page_view,表格分析,v2,web
2026-09-10,u_010,20260910_u_010,page_view,智能问答,v2,web
2026-09-10,u_013,20260910_u_013,page_view,文案生成,v1,desktop
2026-09-10,u_013,20260910_u_013,prompt_submit,文案生成,v1,desktop
2026-09-10,u_013,20260910_u_013,generation_success,文案生成,v1,desktop
2026-09-10,u_015,20260910_u_015,page_view,表格分析,v2,desktop
2026-09-10,u_015,20260910_u_015,prompt_submit,表格分析,v2,desktop
2026-09-10,u_016,20260910_u_016,page_view,智能问答,v2,web
2026-09-10,u_016,20260910_u_016,prompt_submit,智能问答,v2,web
2026-09-10,u_016,20260910_u_016,generation_success,智能问答,v2,web
2026-09-10,u_016,20260910_u_016,result_adopt,智能问答,v2,web
2026-09-10,u_016,20260910_u_016,feature_click,智能问答,v2,web
2026-09-10,u_017,20260910_u_017,page_view,智能问答,v2,desktop
2026-09-10,u_017,20260910_u_017,prompt_submit,智能问答,v2,desktop
2026-09-10,u_017,20260910_u_017,generation_success,智能问答,v2,desktop
2026-09-10,u_017,20260910_u_017,feature_click,智能问答,v2,desktop
2026-09-10,u_019,20260910_u_019,page_view,表格分析,v1,desktop
2026-09-10,u_019,20260910_u_019,prompt_submit,表格分析,v1,desktop
2026-09-10,u_019,20260910_u_019,generation_success,表格分析,v1,desktop
2026-09-10,u_020,20260910_u_020,page_view,表格分析,v2,web
2026-09-10,u_021,20260910_u_021,page_view,文案生成,v2,web
2026-09-10,u_021,20260910_u_021,prompt_submit,文案生成,v2,web
2026-09-10,u_021,20260910_u_021,generation_success,文案生成,v2,web
2026-09-10,u_021,20260910_u_021,feature_click,文案生成,v2,web
2026-09-10,u_022,20260910_u_022,page_view,表格分析,v1,desktop
2026-09-10,u_022,20260910_u_022,prompt_submit,表格分析,v1,desktop
2026-09-10,u_022,20260910_u_022,generation_success,表格分析,v1,desktop
2026-09-10,u_022,20260910_u_022,feature_click,表格分析,v1,desktop
2026-09-10,u_024,20260910_u_024,page_view,智能问答,v1,desktop
2026-09-10,u_024,20260910_u_024,prompt_submit,智能问答,v1,desktop
2026-09-10,u_024,20260910_u_024,generation_success,智能问答,v1,desktop
2026-09-10,u_024,20260910_u_024,feature_click,智能问答,v1,desktop
2026-09-10,u_027,20260910_u_027,page_view,文案生成,v1,desktop
2026-09-10,u_027,20260910_u_027,prompt_submit,文案生成,v1,desktop
2026-09-10,u_027,20260910_u_027,generation_success,文案生成,v1,desktop
2026-09-10,u_027,20260910_u_027,result_adopt,文案生成,v1,desktop
2026-09-10,u_027,20260910_u_027,feature_click,文案生成,v1,desktop
2026-09-10,u_028,20260910_u_028,page_view,表格分析,v2,desktop
2026-09-10,u_028,20260910_u_028,prompt_submit,表格分析,v2,desktop
2026-09-10,u_028,20260910_u_028,generation_success,表格分析,v2,desktop
2026-09-10,u_028,20260910_u_028,result_adopt,表格分析,v2,desktop
2026-09-10,u_028,20260910_u_028,feature_click,表格分析,v2,desktop
2026-09-10,u_029,20260910_u_029,page_view,文案生成,v2,web
2026-09-10,u_029,20260910_u_029,prompt_submit,文案生成,v2,web
2026-09-10,u_029,20260910_u_029,generation_success,文案生成,v2,web
2026-09-10,u_029,20260910_u_029,result_adopt,文案生成,v2,web
2026-09-10,u_030,20260910_u_030,page_view,表格分析,v2,web
2026-09-10,u_030,20260910_u_030,prompt_submit,表格分析,v2,web
2026-09-10,u_030,20260910_u_030,generation_success,表格分析,v2,web
2026-09-10,u_030,20260910_u_030,feature_click,表格分析,v2,web
2026-09-10,u_031,20260910_u_031,page_view,智能问答,v1,web
2026-09-10,u_031,20260910_u_031,prompt_submit,智能问答,v1,web
2026-09-10,u_031,20260910_u_031,generation_success,智能问答,v1,web
2026-09-10,u_031,20260910_u_031,result_adopt,智能问答,v1,web
2026-09-10,u_032,20260910_u_032,page_view,文案生成,v2,web
2026-09-10,u_032,20260910_u_032,prompt_submit,文案生成,v2,web
2026-09-10,u_032,20260910_u_032,generation_success,文案生成,v2,web
2026-09-10,u_032,20260910_u_032,feature_click,文案生成,v2,web
2026-09-10,u_033,20260910_u_033,page_view,文案生成,v1,web
2026-09-10,u_036,20260910_u_036,page_view,智能问答,v2,desktop
2026-09-10,u_036,20260910_u_036,prompt_submit,智能问答,v2,desktop
2026-09-10,u_036,20260910_u_036,generation_success,智能问答,v2,desktop
2026-09-10,u_037,20260910_u_037,page_view,文案生成,v2,desktop
2026-09-10,u_037,20260910_u_037,prompt_submit,文案生成,v2,desktop
2026-09-10,u_037,20260910_u_037,generation_success,文案生成,v2,desktop
2026-09-10,u_037,20260910_u_037,result_adopt,文案生成,v2,desktop
2026-09-10,u_037,20260910_u_037,feature_click,文案生成,v2,desktop
2026-09-10,u_038,20260910_u_038,page_view,智能问答,v1,web
2026-09-10,u_039,20260910_u_039,page_view,智能问答,v2,desktop
2026-09-10,u_041,20260910_u_041,page_view,智能问答,v1,desktop
2026-09-10,u_041,20260910_u_041,prompt_submit,智能问答,v1,desktop
2026-09-10,u_041,20260910_u_041,generation_success,智能问答,v1,desktop
2026-09-10,u_042,20260910_u_042,page_view,文案生成,v1,desktop
2026-09-10,u_042,20260910_u_042,prompt_submit,文案生成,v1,desktop
2026-09-10,u_042,20260910_u_042,generation_success,文案生成,v1,desktop
2026-09-10,u_042,20260910_u_042,feature_click,文案生成,v1,desktop
2026-09-10,u_047,20260910_u_047,page_view,表格分析,v2,desktop
2026-09-10,u_047,20260910_u_047,prompt_submit,表格分析,v2,desktop
2026-09-10,u_048,20260910_u_048,page_view,智能问答,v2,desktop
2026-09-10,u_048,20260910_u_048,prompt_submit,智能问答,v2,desktop
2026-09-10,u_048,20260910_u_048,generation_success,智能问答,v2,desktop
2026-09-10,u_048,20260910_u_048,feature_click,智能问答,v2,desktop
2026-09-10,u_052,20260910_u_052,page_view,表格分析,v1,web
2026-09-10,u_053,20260910_u_053,page_view,文案生成,v2,web
2026-09-10,u_055,20260910_u_055,page_view,表格分析,v1,desktop
2026-09-10,u_055,20260910_u_055,prompt_submit,表格分析,v1,desktop
2026-09-10,u_055,20260910_u_055,generation_success,表格分析,v1,desktop
2026-09-10,u_055,20260910_u_055,feature_click,表格分析,v1,desktop
2026-09-10,u_056,20260910_u_056,page_view,文案生成,v1,desktop
2026-09-10,u_056,20260910_u_056,prompt_submit,文案生成,v1,desktop
2026-09-10,u_056,20260910_u_056,generation_success,文案生成,v1,desktop
2026-09-10,u_056,20260910_u_056,result_adopt,文案生成,v1,desktop
2026-09-10,u_056,20260910_u_056,feature_click,文案生成,v1,desktop
2026-09-10,u_061,20260910_u_061,page_view,表格分析,v2,desktop
2026-09-10,u_062,20260910_u_062,page_view,智能问答,v1,desktop
2026-09-10,u_062,20260910_u_062,prompt_submit,智能问答,v1,desktop
2026-09-10,u_064,20260910_u_064,page_view,文案生成,v2,desktop
2026-09-10,u_064,20260910_u_064,prompt_submit,文案生成,v2,desktop
2026-09-10,u_064,20260910_u_064,generation_success,文案生成,v2,desktop
2026-09-10,u_064,20260910_u_064,result_adopt,文案生成,v2,desktop
2026-09-10,u_065,20260910_u_065,page_view,表格分析,v2,web
2026-09-10,u_065,20260910_u_065,prompt_submit,表格分析,v2,web
2026-09-10,u_065,20260910_u_065,generation_success,表格分析,v2,web
2026-09-10,u_065,20260910_u_065,feature_click,表格分析,v2,web
2026-09-10,u_066,20260910_u_066,page_view,文案生成,v1,desktop
2026-09-10,u_066,20260910_u_066,prompt_submit,文案生成,v1,desktop
2026-09-10,u_066,20260910_u_066,generation_success,文案生成,v1,desktop
2026-09-10,u_066,20260910_u_066,result_adopt,文案生成,v1,desktop
2026-09-10,u_067,20260910_u_067,page_view,智能问答,v2,web
2026-09-10,u_067,20260910_u_067,prompt_submit,智能问答,v2,web
2026-09-10,u_067,20260910_u_067,generation_success,智能问答,v2,web
2026-09-10,u_067,20260910_u_067,result_adopt,智能问答,v2,web
2026-09-10,u_069,20260910_u_069,page_view,表格分析,v2,desktop
2026-09-10,u_069,20260910_u_069,prompt_submit,表格分析,v2,desktop
2026-09-10,u_069,20260910_u_069,generation_success,表格分析,v2,desktop
2026-09-10,u_070,20260910_u_070,page_view,智能问答,v1,web
2026-09-10,u_070,20260910_u_070,prompt_submit,智能问答,v1,web
2026-09-10,u_070,20260910_u_070,generation_success,智能问答,v1,web
2026-09-10,u_070,20260910_u_070,feature_click,智能问答,v1,web
2026-09-10,u_071,20260910_u_071,page_view,表格分析,v1,desktop
2026-09-10,u_071,20260910_u_071,prompt_submit,表格分析,v1,desktop
2026-09-10,u_071,20260910_u_071,generation_success,表格分析,v1,desktop
2026-09-10,u_071,20260910_u_071,feature_click,表格分析,v1,desktop
2026-09-10,u_073,20260910_u_073,page_view,表格分析,v1,desktop
2026-09-10,u_074,20260910_u_074,page_view,表格分析,v1,web
2026-09-10,u_075,20260910_u_075,page_view,文案生成,v1,web
2026-09-10,u_075,20260910_u_075,prompt_submit,文案生成,v1,web
2026-09-10,u_075,20260910_u_075,generation_success,文案生成,v1,web
2026-09-10,u_075,20260910_u_075,result_adopt,文案生成,v1,web
2026-09-10,u_076,20260910_u_076,page_view,文案生成,v1,web
2026-09-10,u_076,20260910_u_076,prompt_submit,文案生成,v1,web
2026-09-10,u_076,20260910_u_076,generation_success,文案生成,v1,web
2026-09-10,u_076,20260910_u_076,feature_click,文案生成,v1,web
2026-09-10,u_077,20260910_u_077,page_view,表格分析,v2,web
2026-09-10,u_077,20260910_u_077,prompt_submit,表格分析,v2,web
2026-09-10,u_077,20260910_u_077,generation_success,表格分析,v2,web
2026-09-10,u_077,20260910_u_077,feature_click,表格分析,v2,web
2026-09-10,u_078,20260910_u_078,page_view,智能问答,v2,web
2026-09-10,u_078,20260910_u_078,prompt_submit,智能问答,v2,web
2026-09-10,u_078,20260910_u_078,generation_success,智能问答,v2,web
2026-09-10,u_078,20260910_u_078,result_adopt,智能问答,v2,web
2026-09-10,u_080,20260910_u_080,page_view,智能问答,v1,desktop
2026-09-10,u_083,20260910_u_083,page_view,智能问答,v1,web
2026-09-10,u_083,20260910_u_083,prompt_submit,智能问答,v1,web
2026-09-10,u_083,20260910_u_083,generation_success,智能问答,v1,web
2026-09-10,u_083,20260910_u_083,result_adopt,智能问答,v1,web
2026-09-10,u_084,20260910_u_084,page_view,智能问答,v2,desktop
2026-09-10,u_084,20260910_u_084,prompt_submit,智能问答,v2,desktop
2026-09-10,u_084,20260910_u_084,generation_success,智能问答,v2,desktop
2026-09-10,u_092,20260910_u_092,page_view,文案生成,v1,web
2026-09-10,u_092,20260910_u_092,prompt_submit,文案生成,v1,web
2026-09-10,u_092,20260910_u_092,generation_success,文案生成,v1,web
2026-09-10,u_093,20260910_u_093,page_view,文案生成,v1,web
2026-09-10,u_093,20260910_u_093,prompt_submit,文案生成,v1,web
2026-09-10,u_093,20260910_u_093,generation_success,文案生成,v1,web
2026-09-10,u_093,20260910_u_093,result_adopt,文案生成,v1,web
2026-09-10,u_093,20260910_u_093,feature_click,文案生成,v1,web
2026-09-10,u_094,20260910_u_094,page_view,智能问答,v1,desktop
2026-09-10,u_094,20260910_u_094,prompt_submit,智能问答,v1,desktop
2026-09-10,u_094,20260910_u_094,generation_success,智能问答,v1,desktop
2026-09-10,u_094,20260910_u_094,feature_click,智能问答,v1,desktop
2026-09-10,u_095,20260910_u_095,page_view,文案生成,v1,web
2026-09-10,u_096,20260910_u_096,page_view,表格分析,v2,web
2026-09-10,u_096,20260910_u_096,prompt_submit,表格分析,v2,web
2026-09-10,u_096,20260910_u_096,generation_success,表格分析,v2,web
2026-09-10,u_096,20260910_u_096,result_adopt,表格分析,v2,web
2026-09-10,u_097,20260910_u_097,page_view,智能问答,v2,desktop
2026-09-10,u_097,20260910_u_097,prompt_submit,智能问答,v2,desktop
2026-09-10,u_097,20260910_u_097,generation_success,智能问答,v2,desktop
2026-09-10,u_098,20260910_u_098,page_view,表格分析,v1,desktop
2026-09-10,u_098,20260910_u_098,prompt_submit,表格分析,v1,desktop
2026-09-10,u_098,20260910_u_098,generation_success,表格分析,v1,desktop
2026-09-10,u_098,20260910_u_098,feature_click,表格分析,v1,desktop
2026-09-10,u_101,20260910_u_101,page_view,智能问答,v2,web
2026-09-10,u_101,20260910_u_101,prompt_submit,智能问答,v2,web
2026-09-10,u_101,20260910_u_101,generation_success,智能问答,v2,web
2026-09-10,u_101,20260910_u_101,feature_click,智能问答,v2,web
2026-09-10,u_102,20260910_u_102,page_view,文案生成,v2,desktop
2026-09-10,u_102,20260910_u_102,prompt_submit,文案生成,v2,desktop
2026-09-10,u_102,20260910_u_102,generation_success,文案生成,v2,desktop
2026-09-10,u_102,20260910_u_102,result_adopt,文案生成,v2,desktop
2026-09-10,u_102,20260910_u_102,feature_click,文案生成,v2,desktop
2026-09-10,u_103,20260910_u_103,page_view,表格分析,v1,web
2026-09-10,u_103,20260910_u_103,prompt_submit,表格分析,v1,web
2026-09-10,u_103,20260910_u_103,generation_success,表格分析,v1,web
2026-09-10,u_104,20260910_u_104,page_view,智能问答,v1,web
2026-09-10,u_104,20260910_u_104,prompt_submit,智能问答,v1,web
2026-09-10,u_104,20260910_u_104,generation_success,智能问答,v1,web
2026-09-10,u_104,20260910_u_104,result_adopt,智能问答,v1,web
2026-09-10,u_104,20260910_u_104,feature_click,智能问答,v1,web
2026-09-10,u_108,20260910_u_108,page_view,智能问答,v2,desktop
2026-09-10,u_108,20260910_u_108,prompt_submit,智能问答,v2,desktop
2026-09-10,u_108,20260910_u_108,generation_success,智能问答,v2,desktop
2026-09-10,u_108,20260910_u_108,result_adopt,智能问答,v2,desktop
2026-09-10,u_108,20260910_u_108,feature_click,智能问答,v2,desktop
2026-09-10,u_109,20260910_u_109,page_view,文案生成,v1,desktop
2026-09-10,u_109,20260910_u_109,prompt_submit,文案生成,v1,desktop
2026-09-10,u_109,20260910_u_109,generation_success,文案生成,v1,desktop
2026-09-10,u_109,20260910_u_109,result_adopt,文案生成,v1,desktop
2026-09-10,u_110,20260910_u_110,page_view,文案生成,v1,web
2026-09-10,u_110,20260910_u_110,prompt_submit,文案生成,v1,web
2026-09-10,u_110,20260910_u_110,generation_success,文案生成,v1,web
2026-09-10,u_110,20260910_u_110,result_adopt,文案生成,v1,web
2026-09-10,u_110,20260910_u_110,feature_click,文案生成,v1,web
2026-09-10,u_111,20260910_u_111,page_view,智能问答,v1,web
2026-09-10,u_111,20260910_u_111,prompt_submit,智能问答,v1,web
2026-09-10,u_111,20260910_u_111,generation_success,智能问答,v1,web
2026-09-10,u_111,20260910_u_111,feature_click,智能问答,v1,web
2026-09-10,u_113,20260910_u_113,page_view,文案生成,v2,web
2026-09-10,u_114,20260910_u_114,page_view,文案生成,v2,web
2026-09-10,u_115,20260910_u_115,page_view,表格分析,v2,desktop
2026-09-10,u_115,20260910_u_115,prompt_submit,表格分析,v2,desktop
2026-09-10,u_116,20260910_u_116,page_view,智能问答,v1,desktop
2026-09-10,u_117,20260910_u_117,page_view,智能问答,v1,desktop
2026-09-10,u_117,20260910_u_117,prompt_submit,智能问答,v1,desktop
2026-09-10,u_117,20260910_u_117,generation_success,智能问答,v1,desktop
2026-09-10,u_117,20260910_u_117,result_adopt,智能问答,v1,desktop
2026-09-10,u_118,20260910_u_118,page_view,智能问答,v1,web
2026-09-10,u_120,20260910_u_120,page_view,智能问答,v1,web
2026-09-10,u_120,20260910_u_120,prompt_submit,智能问答,v1,web
2026-09-10,u_120,20260910_u_120,generation_success,智能问答,v1,web
2026-09-10,u_120,20260910_u_120,result_adopt,智能问答,v1,web
2026-09-10,u_120,20260910_u_120,feature_click,智能问答,v1,web
2026-09-10,u_121,20260910_u_121,page_view,表格分析,v2,web
2026-09-10,u_121,20260910_u_121,prompt_submit,表格分析,v2,web
2026-09-10,u_121,20260910_u_121,generation_success,表格分析,v2,web
2026-09-10,u_129,20260910_u_129,page_view,文案生成,v1,web
2026-09-10,u_131,20260910_u_131,page_view,文案生成,v1,desktop
2026-09-10,u_131,20260910_u_131,prompt_submit,文案生成,v1,desktop
2026-09-10,u_131,20260910_u_131,generation_success,文案生成,v1,desktop
2026-09-10,u_131,20260910_u_131,result_adopt,文案生成,v1,desktop
2026-09-10,u_131,20260910_u_131,feature_click,文案生成,v1,desktop
2026-09-10,u_133,20260910_u_133,page_view,表格分析,v1,desktop
2026-09-10,u_134,20260910_u_134,page_view,文案生成,v1,web
2026-09-10,u_137,20260910_u_137,page_view,表格分析,v1,desktop
2026-09-10,u_139,20260910_u_139,page_view,表格分析,v2,desktop
2026-09-10,u_139,20260910_u_139,prompt_submit,表格分析,v2,desktop
2026-09-10,u_139,20260910_u_139,generation_success,表格分析,v2,desktop
2026-09-10,u_139,20260910_u_139,feature_click,表格分析,v2,desktop
2026-09-10,u_140,20260910_u_140,page_view,表格分析,v1,desktop
2026-09-10,u_140,20260910_u_140,prompt_submit,表格分析,v1,desktop
2026-09-10,u_140,20260910_u_140,generation_success,表格分析,v1,desktop
2026-09-10,u_141,20260910_u_141,page_view,表格分析,v2,web
2026-09-10,u_141,20260910_u_141,prompt_submit,表格分析,v2,web
2026-09-10,u_141,20260910_u_141,generation_success,表格分析,v2,web
2026-09-10,u_141,20260910_u_141,feature_click,表格分析,v2,web
2026-09-10,u_142,20260910_u_142,page_view,智能问答,v1,desktop
2026-09-10,u_142,20260910_u_142,prompt_submit,智能问答,v1,desktop
2026-09-10,u_143,20260910_u_143,page_view,表格分析,v2,web
2026-09-10,u_143,20260910_u_143,prompt_submit,表格分析,v2,web
2026-09-10,u_143,20260910_u_143,generation_success,表格分析,v2,web
2026-09-10,u_143,20260910_u_143,feature_click,表格分析,v2,web
2026-09-10,u_145,20260910_u_145,page_view,文案生成,v2,desktop
2026-09-10,u_145,20260910_u_145,prompt_submit,文案生成,v2,desktop
2026-09-10,u_145,20260910_u_145,generation_success,文案生成,v2,desktop
2026-09-10,u_145,20260910_u_145,result_adopt,文案生成,v2,desktop
2026-09-10,u_145,20260910_u_145,feature_click,文案生成,v2,desktop
2026-09-10,u_147,20260910_u_147,page_view,智能问答,v1,desktop
2026-09-10,u_148,20260910_u_148,page_view,表格分析,v1,desktop
2026-09-10,u_148,20260910_u_148,prompt_submit,表格分析,v1,desktop
2026-09-10,u_148,20260910_u_148,generation_success,表格分析,v1,desktop
2026-09-10,u_148,20260910_u_148,feature_click,表格分析,v1,desktop
2026-09-10,u_158,20260910_u_158,page_view,表格分析,v2,web
2026-09-10,u_158,20260910_u_158,prompt_submit,表格分析,v2,web
2026-09-10,u_158,20260910_u_158,generation_success,表格分析,v2,web
2026-09-10,u_158,20260910_u_158,result_adopt,表格分析,v2,web
2026-09-10,u_158,20260910_u_158,feature_click,表格分析,v2,web
2026-09-10,u_159,20260910_u_159,page_view,表格分析,v1,desktop
2026-09-10,u_159,20260910_u_159,prompt_submit,表格分析,v1,desktop
2026-09-10,u_160,20260910_u_160,page_view,表格分析,v2,web
2026-09-10,u_160,20260910_u_160,prompt_submit,表格分析,v2,web
2026-09-10,u_160,20260910_u_160,generation_success,表格分析,v2,web
2026-09-10,u_161,20260910_u_161,page_view,表格分析,v2,web
2026-09-10,u_161,20260910_u_161,prompt_submit,表格分析,v2,web
2026-09-10,u_163,20260910_u_163,page_view,表格分析,v1,desktop
2026-09-10,u_163,20260910_u_163,prompt_submit,表格分析,v1,desktop
2026-09-10,u_163,20260910_u_163,generation_success,表格分析,v1,desktop
2026-09-10,u_165,20260910_u_165,page_view,智能问答,v1,desktop
2026-09-10,u_165,20260910_u_165,prompt_submit,智能问答,v1,desktop
2026-09-10,u_165,20260910_u_165,generation_success,智能问答,v1,desktop
2026-09-10,u_165,20260910_u_165,feature_click,智能问答,v1,desktop
2026-09-10,u_167,20260910_u_167,page_view,表格分析,v2,web
2026-09-10,u_168,20260910_u_168,page_view,文案生成,v1,desktop
2026-09-10,u_168,20260910_u_168,prompt_submit,文案生成,v1,desktop
2026-09-10,u_168,20260910_u_168,generation_success,文案生成,v1,desktop
2026-09-10,u_169,20260910_u_169,page_view,文案生成,v2,desktop
2026-09-10,u_171,20260910_u_171,page_view,表格分析,v1,web
2026-09-10,u_172,20260910_u_172,page_view,表格分析,v2,web
2026-09-10,u_172,20260910_u_172,prompt_submit,表格分析,v2,web
2026-09-10,u_172,20260910_u_172,generation_success,表格分析,v2,web
2026-09-10,u_172,20260910_u_172,result_adopt,表格分析,v2,web
2026-09-10,u_172,20260910_u_172,feature_click,表格分析,v2,web
2026-09-10,u_175,20260910_u_175,page_view,智能问答,v1,desktop
2026-09-10,u_175,20260910_u_175,prompt_submit,智能问答,v1,desktop
2026-09-10,u_175,20260910_u_175,generation_success,智能问答,v1,desktop
2026-09-10,u_175,20260910_u_175,result_adopt,智能问答,v1,desktop
2026-09-10,u_175,20260910_u_175,feature_click,智能问答,v1,desktop
2026-09-10,u_177,20260910_u_177,page_view,智能问答,v1,desktop
2026-09-10,u_177,20260910_u_177,prompt_submit,智能问答,v1,desktop
2026-09-10,u_177,20260910_u_177,generation_success,智能问答,v1,desktop
2026-09-10,u_177,20260910_u_177,result_adopt,智能问答,v1,desktop
2026-09-10,u_177,20260910_u_177,feature_click,智能问答,v1,desktop
2026-09-10,u_178,20260910_u_178,page_view,文案生成,v1,desktop
2026-09-10,u_178,20260910_u_178,prompt_submit,文案生成,v1,desktop
2026-09-10,u_178,20260910_u_178,generation_success,文案生成,v1,desktop
2026-09-10,u_178,20260910_u_178,feature_click,文案生成,v1,desktop
2026-09-10,u_179,20260910_u_179,page_view,文案生成,v1,web
2026-09-10,u_179,20260910_u_179,prompt_submit,文案生成,v1,web
2026-09-10,u_179,20260910_u_179,generation_success,文案生成,v1,web
2026-09-10,u_180,20260910_u_180,page_view,表格分析,v2,web
2026-09-10,u_180,20260910_u_180,prompt_submit,表格分析,v2,web
2026-09-10,u_180,20260910_u_180,generation_success,表格分析,v2,web
2026-09-10,u_180,20260910_u_180,feature_click,表格分析,v2,web
2026-09-11,u_001,20260911_u_001,page_view,文案生成,v1,web
2026-09-11,u_001,20260911_u_001,prompt_submit,文案生成,v1,web
2026-09-11,u_001,20260911_u_001,generation_success,文案生成,v1,web
2026-09-11,u_001,20260911_u_001,feature_click,文案生成,v1,web
2026-09-11,u_004,20260911_u_004,page_view,文案生成,v1,desktop
2026-09-11,u_005,20260911_u_005,page_view,文案生成,v2,web
2026-09-11,u_005,20260911_u_005,prompt_submit,文案生成,v2,web
2026-09-11,u_006,20260911_u_006,page_view,智能问答,v1,desktop
2026-09-11,u_006,20260911_u_006,prompt_submit,智能问答,v1,desktop
2026-09-11,u_007,20260911_u_007,page_view,文案生成,v2,web
2026-09-11,u_007,20260911_u_007,prompt_submit,文案生成,v2,web
2026-09-11,u_007,20260911_u_007,generation_success,文案生成,v2,web
2026-09-11,u_007,20260911_u_007,feature_click,文案生成,v2,web
2026-09-11,u_008,20260911_u_008,page_view,文案生成,v1,web
2026-09-11,u_008,20260911_u_008,prompt_submit,文案生成,v1,web
2026-09-11,u_008,20260911_u_008,generation_success,文案生成,v1,web
2026-09-11,u_008,20260911_u_008,result_adopt,文案生成,v1,web
2026-09-11,u_008,20260911_u_008,feature_click,文案生成,v1,web
2026-09-11,u_009,20260911_u_009,page_view,文案生成,v1,desktop
2026-09-11,u_009,20260911_u_009,prompt_submit,文案生成,v1,desktop
2026-09-11,u_010,20260911_u_010,page_view,文案生成,v1,desktop
2026-09-11,u_013,20260911_u_013,page_view,表格分析,v2,web
2026-09-11,u_013,20260911_u_013,prompt_submit,表格分析,v2,web
2026-09-11,u_013,20260911_u_013,generation_success,表格分析,v2,web
2026-09-11,u_013,20260911_u_013,result_adopt,表格分析,v2,web
2026-09-11,u_015,20260911_u_015,page_view,智能问答,v1,desktop
2026-09-11,u_015,20260911_u_015,prompt_submit,智能问答,v1,desktop
2026-09-11,u_015,20260911_u_015,generation_success,智能问答,v1,desktop
2026-09-11,u_015,20260911_u_015,feature_click,智能问答,v1,desktop
2026-09-11,u_016,20260911_u_016,page_view,表格分析,v1,web
2026-09-11,u_016,20260911_u_016,prompt_submit,表格分析,v1,web
2026-09-11,u_018,20260911_u_018,page_view,智能问答,v2,desktop
2026-09-11,u_019,20260911_u_019,page_view,表格分析,v1,web
2026-09-11,u_019,20260911_u_019,prompt_submit,表格分析,v1,web
2026-09-11,u_019,20260911_u_019,generation_success,表格分析,v1,web
2026-09-11,u_019,20260911_u_019,result_adopt,表格分析,v1,web
2026-09-11,u_019,20260911_u_019,feature_click,表格分析,v1,web
2026-09-11,u_020,20260911_u_020,page_view,表格分析,v2,web
2026-09-11,u_020,20260911_u_020,prompt_submit,表格分析,v2,web
2026-09-11,u_020,20260911_u_020,generation_success,表格分析,v2,web
2026-09-11,u_022,20260911_u_022,page_view,智能问答,v1,desktop
2026-09-11,u_022,20260911_u_022,prompt_submit,智能问答,v1,desktop
2026-09-11,u_022,20260911_u_022,generation_success,智能问答,v1,desktop
2026-09-11,u_022,20260911_u_022,result_adopt,智能问答,v1,desktop
2026-09-11,u_024,20260911_u_024,page_view,智能问答,v2,desktop
2026-09-11,u_024,20260911_u_024,prompt_submit,智能问答,v2,desktop
2026-09-11,u_024,20260911_u_024,generation_success,智能问答,v2,desktop
2026-09-11,u_024,20260911_u_024,result_adopt,智能问答,v2,desktop
2026-09-11,u_026,20260911_u_026,page_view,文案生成,v2,desktop
2026-09-11,u_027,20260911_u_027,page_view,智能问答,v2,web
2026-09-11,u_027,20260911_u_027,prompt_submit,智能问答,v2,web
2026-09-11,u_027,20260911_u_027,generation_success,智能问答,v2,web
2026-09-11,u_028,20260911_u_028,page_view,智能问答,v1,desktop
2026-09-11,u_028,20260911_u_028,prompt_submit,智能问答,v1,desktop
2026-09-11,u_028,20260911_u_028,generation_success,智能问答,v1,desktop
2026-09-11,u_028,20260911_u_028,result_adopt,智能问答,v1,desktop
2026-09-11,u_028,20260911_u_028,feature_click,智能问答,v1,desktop
2026-09-11,u_029,20260911_u_029,page_view,智能问答,v1,desktop
2026-09-11,u_029,20260911_u_029,prompt_submit,智能问答,v1,desktop
2026-09-11,u_029,20260911_u_029,generation_success,智能问答,v1,desktop
2026-09-11,u_029,20260911_u_029,result_adopt,智能问答,v1,desktop
2026-09-11,u_029,20260911_u_029,feature_click,智能问答,v1,desktop
2026-09-11,u_030,20260911_u_030,page_view,智能问答,v2,web
2026-09-11,u_030,20260911_u_030,prompt_submit,智能问答,v2,web
2026-09-11,u_030,20260911_u_030,generation_success,智能问答,v2,web
2026-09-11,u_030,20260911_u_030,result_adopt,智能问答,v2,web
2026-09-11,u_030,20260911_u_030,feature_click,智能问答,v2,web
2026-09-11,u_032,20260911_u_032,page_view,文案生成,v1,web
2026-09-11,u_032,20260911_u_032,prompt_submit,文案生成,v1,web
2026-09-11,u_032,20260911_u_032,generation_success,文案生成,v1,web
2026-09-11,u_032,20260911_u_032,feature_click,文案生成,v1,web
2026-09-11,u_036,20260911_u_036,page_view,文案生成,v1,desktop
2026-09-11,u_036,20260911_u_036,prompt_submit,文案生成,v1,desktop
2026-09-11,u_036,20260911_u_036,generation_success,文案生成,v1,desktop
2026-09-11,u_036,20260911_u_036,result_adopt,文案生成,v1,desktop
2026-09-11,u_037,20260911_u_037,page_view,智能问答,v2,web
2026-09-11,u_037,20260911_u_037,prompt_submit,智能问答,v2,web
2026-09-11,u_040,20260911_u_040,page_view,智能问答,v2,desktop
2026-09-11,u_040,20260911_u_040,prompt_submit,智能问答,v2,desktop
2026-09-11,u_041,20260911_u_041,page_view,智能问答,v1,desktop
2026-09-11,u_043,20260911_u_043,page_view,文案生成,v1,web
2026-09-11,u_043,20260911_u_043,prompt_submit,文案生成,v1,web
2026-09-11,u_043,20260911_u_043,generation_success,文案生成,v1,web
2026-09-11,u_044,20260911_u_044,page_view,文案生成,v2,desktop
2026-09-11,u_044,20260911_u_044,prompt_submit,文案生成,v2,desktop
2026-09-11,u_044,20260911_u_044,generation_success,文案生成,v2,desktop
2026-09-11,u_044,20260911_u_044,result_adopt,文案生成,v2,desktop
2026-09-11,u_044,20260911_u_044,feature_click,文案生成,v2,desktop
2026-09-11,u_045,20260911_u_045,page_view,智能问答,v2,desktop
2026-09-11,u_045,20260911_u_045,prompt_submit,智能问答,v2,desktop
2026-09-11,u_046,20260911_u_046,page_view,表格分析,v1,desktop
2026-09-11,u_046,20260911_u_046,prompt_submit,表格分析,v1,desktop
2026-09-11,u_047,20260911_u_047,page_view,表格分析,v1,desktop
2026-09-11,u_047,20260911_u_047,prompt_submit,表格分析,v1,desktop
2026-09-11,u_047,20260911_u_047,generation_success,表格分析,v1,desktop
2026-09-11,u_047,20260911_u_047,result_adopt,表格分析,v1,desktop
2026-09-11,u_047,20260911_u_047,feature_click,表格分析,v1,desktop
2026-09-11,u_049,20260911_u_049,page_view,智能问答,v2,desktop
2026-09-11,u_049,20260911_u_049,prompt_submit,智能问答,v2,desktop
2026-09-11,u_049,20260911_u_049,generation_success,智能问答,v2,desktop
2026-09-11,u_049,20260911_u_049,feature_click,智能问答,v2,desktop
2026-09-11,u_051,20260911_u_051,page_view,表格分析,v2,desktop
2026-09-11,u_051,20260911_u_051,prompt_submit,表格分析,v2,desktop
2026-09-11,u_051,20260911_u_051,generation_success,表格分析,v2,desktop
2026-09-11,u_051,20260911_u_051,result_adopt,表格分析,v2,desktop
2026-09-11,u_051,20260911_u_051,feature_click,表格分析,v2,desktop
2026-09-11,u_053,20260911_u_053,page_view,文案生成,v1,desktop
2026-09-11,u_053,20260911_u_053,prompt_submit,文案生成,v1,desktop
2026-09-11,u_053,20260911_u_053,generation_success,文案生成,v1,desktop
2026-09-11,u_053,20260911_u_053,feature_click,文案生成,v1,desktop
2026-09-11,u_054,20260911_u_054,page_view,文案生成,v1,web
2026-09-11,u_054,20260911_u_054,prompt_submit,文案生成,v1,web
2026-09-11,u_054,20260911_u_054,generation_success,文案生成,v1,web
2026-09-11,u_054,20260911_u_054,result_adopt,文案生成,v1,web
2026-09-11,u_054,20260911_u_054,feature_click,文案生成,v1,web
2026-09-11,u_055,20260911_u_055,page_view,表格分析,v1,desktop
2026-09-11,u_055,20260911_u_055,prompt_submit,表格分析,v1,desktop
2026-09-11,u_055,20260911_u_055,generation_success,表格分析,v1,desktop
2026-09-11,u_055,20260911_u_055,result_adopt,表格分析,v1,desktop
2026-09-11,u_056,20260911_u_056,page_view,表格分析,v1,web
2026-09-11,u_056,20260911_u_056,prompt_submit,表格分析,v1,web
2026-09-11,u_056,20260911_u_056,generation_success,表格分析,v1,web
2026-09-11,u_056,20260911_u_056,result_adopt,表格分析,v1,web
2026-09-11,u_059,20260911_u_059,page_view,文案生成,v1,web
2026-09-11,u_059,20260911_u_059,prompt_submit,文案生成,v1,web
2026-09-11,u_059,20260911_u_059,generation_success,文案生成,v1,web
2026-09-11,u_059,20260911_u_059,feature_click,文案生成,v1,web
2026-09-11,u_063,20260911_u_063,page_view,文案生成,v1,web
2026-09-11,u_065,20260911_u_065,page_view,智能问答,v1,desktop
2026-09-11,u_065,20260911_u_065,prompt_submit,智能问答,v1,desktop
2026-09-11,u_065,20260911_u_065,generation_success,智能问答,v1,desktop
2026-09-11,u_066,20260911_u_066,page_view,文案生成,v1,web
2026-09-11,u_067,20260911_u_067,page_view,表格分析,v1,desktop
2026-09-11,u_067,20260911_u_067,prompt_submit,表格分析,v1,desktop
2026-09-11,u_067,20260911_u_067,generation_success,表格分析,v1,desktop
2026-09-11,u_067,20260911_u_067,result_adopt,表格分析,v1,desktop
2026-09-11,u_067,20260911_u_067,feature_click,表格分析,v1,desktop
2026-09-11,u_068,20260911_u_068,page_view,智能问答,v1,web
2026-09-11,u_071,20260911_u_071,page_view,表格分析,v1,desktop
2026-09-11,u_071,20260911_u_071,prompt_submit,表格分析,v1,desktop
2026-09-11,u_072,20260911_u_072,page_view,文案生成,v2,web
2026-09-11,u_072,20260911_u_072,prompt_submit,文案生成,v2,web
2026-09-11,u_072,20260911_u_072,generation_success,文案生成,v2,web
2026-09-11,u_072,20260911_u_072,feature_click,文案生成,v2,web
2026-09-11,u_073,20260911_u_073,page_view,智能问答,v2,desktop
2026-09-11,u_073,20260911_u_073,prompt_submit,智能问答,v2,desktop
2026-09-11,u_073,20260911_u_073,generation_success,智能问答,v2,desktop
2026-09-11,u_073,20260911_u_073,result_adopt,智能问答,v2,desktop
2026-09-11,u_073,20260911_u_073,feature_click,智能问答,v2,desktop
2026-09-11,u_074,20260911_u_074,page_view,表格分析,v2,web
2026-09-11,u_074,20260911_u_074,prompt_submit,表格分析,v2,web
2026-09-11,u_074,20260911_u_074,generation_success,表格分析,v2,web
2026-09-11,u_075,20260911_u_075,page_view,文案生成,v1,desktop
2026-09-11,u_075,20260911_u_075,prompt_submit,文案生成,v1,desktop
2026-09-11,u_075,20260911_u_075,generation_success,文案生成,v1,desktop
2026-09-11,u_075,20260911_u_075,feature_click,文案生成,v1,desktop
2026-09-11,u_076,20260911_u_076,page_view,表格分析,v1,desktop
2026-09-11,u_078,20260911_u_078,page_view,表格分析,v1,desktop
2026-09-11,u_078,20260911_u_078,prompt_submit,表格分析,v1,desktop
2026-09-11,u_078,20260911_u_078,generation_success,表格分析,v1,desktop
2026-09-11,u_081,20260911_u_081,page_view,智能问答,v2,web
2026-09-11,u_086,20260911_u_086,page_view,表格分析,v1,web
2026-09-11,u_086,20260911_u_086,prompt_submit,表格分析,v1,web
2026-09-11,u_086,20260911_u_086,generation_success,表格分析,v1,web
2026-09-11,u_086,20260911_u_086,result_adopt,表格分析,v1,web
2026-09-11,u_087,20260911_u_087,page_view,智能问答,v2,desktop
2026-09-11,u_087,20260911_u_087,prompt_submit,智能问答,v2,desktop
2026-09-11,u_087,20260911_u_087,generation_success,智能问答,v2,desktop
2026-09-11,u_087,20260911_u_087,feature_click,智能问答,v2,desktop
2026-09-11,u_088,20260911_u_088,page_view,表格分析,v1,desktop
2026-09-11,u_088,20260911_u_088,prompt_submit,表格分析,v1,desktop
2026-09-11,u_088,20260911_u_088,generation_success,表格分析,v1,desktop
2026-09-11,u_088,20260911_u_088,result_adopt,表格分析,v1,desktop
2026-09-11,u_088,20260911_u_088,feature_click,表格分析,v1,desktop
2026-09-11,u_089,20260911_u_089,page_view,文案生成,v1,desktop
2026-09-11,u_089,20260911_u_089,prompt_submit,文案生成,v1,desktop
2026-09-11,u_089,20260911_u_089,generation_success,文案生成,v1,desktop
2026-09-11,u_089,20260911_u_089,result_adopt,文案生成,v1,desktop
2026-09-11,u_089,20260911_u_089,feature_click,文案生成,v1,desktop
2026-09-11,u_092,20260911_u_092,page_view,表格分析,v2,web
2026-09-11,u_092,20260911_u_092,prompt_submit,表格分析,v2,web
2026-09-11,u_092,20260911_u_092,generation_success,表格分析,v2,web
2026-09-11,u_092,20260911_u_092,result_adopt,表格分析,v2,web
2026-09-11,u_092,20260911_u_092,feature_click,表格分析,v2,web
2026-09-11,u_094,20260911_u_094,page_view,智能问答,v2,web
2026-09-11,u_095,20260911_u_095,page_view,智能问答,v1,web
2026-09-11,u_097,20260911_u_097,page_view,表格分析,v2,web
2026-09-11,u_102,20260911_u_102,page_view,表格分析,v2,web
2026-09-11,u_102,20260911_u_102,prompt_submit,表格分析,v2,web
2026-09-11,u_102,20260911_u_102,generation_success,表格分析,v2,web
2026-09-11,u_102,20260911_u_102,result_adopt,表格分析,v2,web
2026-09-11,u_103,20260911_u_103,page_view,智能问答,v2,web
2026-09-11,u_103,20260911_u_103,prompt_submit,智能问答,v2,web
2026-09-11,u_103,20260911_u_103,generation_success,智能问答,v2,web
2026-09-11,u_103,20260911_u_103,feature_click,智能问答,v2,web
2026-09-11,u_105,20260911_u_105,page_view,文案生成,v2,web
2026-09-11,u_109,20260911_u_109,page_view,表格分析,v2,web
2026-09-11,u_109,20260911_u_109,prompt_submit,表格分析,v2,web
2026-09-11,u_109,20260911_u_109,generation_success,表格分析,v2,web
2026-09-11,u_109,20260911_u_109,result_adopt,表格分析,v2,web
2026-09-11,u_110,20260911_u_110,page_view,智能问答,v2,web
2026-09-11,u_110,20260911_u_110,prompt_submit,智能问答,v2,web
2026-09-11,u_110,20260911_u_110,generation_success,智能问答,v2,web
2026-09-11,u_110,20260911_u_110,feature_click,智能问答,v2,web
2026-09-11,u_113,20260911_u_113,page_view,智能问答,v2,desktop
2026-09-11,u_113,20260911_u_113,prompt_submit,智能问答,v2,desktop
2026-09-11,u_113,20260911_u_113,generation_success,智能问答,v2,desktop
2026-09-11,u_113,20260911_u_113,feature_click,智能问答,v2,desktop
2026-09-11,u_114,20260911_u_114,page_view,智能问答,v2,desktop
2026-09-11,u_114,20260911_u_114,prompt_submit,智能问答,v2,desktop
2026-09-11,u_114,20260911_u_114,generation_success,智能问答,v2,desktop
2026-09-11,u_114,20260911_u_114,result_adopt,智能问答,v2,desktop
2026-09-11,u_114,20260911_u_114,feature_click,智能问答,v2,desktop
2026-09-11,u_115,20260911_u_115,page_view,表格分析,v2,desktop
2026-09-11,u_115,20260911_u_115,prompt_submit,表格分析,v2,desktop
2026-09-11,u_115,20260911_u_115,generation_success,表格分析,v2,desktop
2026-09-11,u_115,20260911_u_115,result_adopt,表格分析,v2,desktop
2026-09-11,u_115,20260911_u_115,feature_click,表格分析,v2,desktop
2026-09-11,u_118,20260911_u_118,page_view,文案生成,v2,web
2026-09-11,u_118,20260911_u_118,prompt_submit,文案生成,v2,web
2026-09-11,u_118,20260911_u_118,generation_success,文案生成,v2,web
2026-09-11,u_118,20260911_u_118,result_adopt,文案生成,v2,web
2026-09-11,u_120,20260911_u_120,page_view,表格分析,v1,web
2026-09-11,u_120,20260911_u_120,prompt_submit,表格分析,v1,web
2026-09-11,u_120,20260911_u_120,generation_success,表格分析,v1,web
2026-09-11,u_120,20260911_u_120,result_adopt,表格分析,v1,web
2026-09-11,u_120,20260911_u_120,feature_click,表格分析,v1,web
2026-09-11,u_123,20260911_u_123,page_view,文案生成,v1,web
2026-09-11,u_123,20260911_u_123,prompt_submit,文案生成,v1,web
2026-09-11,u_123,20260911_u_123,generation_success,文案生成,v1,web
2026-09-11,u_123,20260911_u_123,feature_click,文案生成,v1,web
2026-09-11,u_124,20260911_u_124,page_view,表格分析,v1,web
2026-09-11,u_124,20260911_u_124,prompt_submit,表格分析,v1,web
2026-09-11,u_124,20260911_u_124,generation_success,表格分析,v1,web
2026-09-11,u_124,20260911_u_124,feature_click,表格分析,v1,web
2026-09-11,u_127,20260911_u_127,page_view,智能问答,v1,desktop
2026-09-11,u_127,20260911_u_127,prompt_submit,智能问答,v1,desktop
2026-09-11,u_128,20260911_u_128,page_view,文案生成,v2,desktop
2026-09-11,u_128,20260911_u_128,prompt_submit,文案生成,v2,desktop
2026-09-11,u_128,20260911_u_128,generation_success,文案生成,v2,desktop
2026-09-11,u_128,20260911_u_128,result_adopt,文案生成,v2,desktop
2026-09-11,u_128,20260911_u_128,feature_click,文案生成,v2,desktop
2026-09-11,u_134,20260911_u_134,page_view,智能问答,v2,web
2026-09-11,u_137,20260911_u_137,page_view,表格分析,v2,web
2026-09-11,u_138,20260911_u_138,page_view,智能问答,v2,desktop
2026-09-11,u_138,20260911_u_138,prompt_submit,智能问答,v2,desktop
2026-09-11,u_138,20260911_u_138,generation_success,智能问答,v2,desktop
2026-09-11,u_138,20260911_u_138,result_adopt,智能问答,v2,desktop
2026-09-11,u_138,20260911_u_138,feature_click,智能问答,v2,desktop
2026-09-11,u_139,20260911_u_139,page_view,智能问答,v2,desktop
2026-09-11,u_139,20260911_u_139,prompt_submit,智能问答,v2,desktop
2026-09-11,u_139,20260911_u_139,generation_success,智能问答,v2,desktop
2026-09-11,u_139,20260911_u_139,feature_click,智能问答,v2,desktop
2026-09-11,u_140,20260911_u_140,page_view,智能问答,v1,web
2026-09-11,u_140,20260911_u_140,prompt_submit,智能问答,v1,web
2026-09-11,u_140,20260911_u_140,generation_success,智能问答,v1,web
2026-09-11,u_141,20260911_u_141,page_view,文案生成,v2,desktop
2026-09-11,u_141,20260911_u_141,prompt_submit,文案生成,v2,desktop
2026-09-11,u_141,20260911_u_141,generation_success,文案生成,v2,desktop
2026-09-11,u_141,20260911_u_141,feature_click,文案生成,v2,desktop
2026-09-11,u_142,20260911_u_142,page_view,表格分析,v1,desktop
2026-09-11,u_142,20260911_u_142,prompt_submit,表格分析,v1,desktop
2026-09-11,u_142,20260911_u_142,generation_success,表格分析,v1,desktop
2026-09-11,u_142,20260911_u_142,result_adopt,表格分析,v1,desktop
2026-09-11,u_143,20260911_u_143,page_view,智能问答,v2,desktop
2026-09-11,u_143,20260911_u_143,prompt_submit,智能问答,v2,desktop
2026-09-11,u_146,20260911_u_146,page_view,表格分析,v1,desktop
2026-09-11,u_146,20260911_u_146,prompt_submit,表格分析,v1,desktop
2026-09-11,u_146,20260911_u_146,generation_success,表格分析,v1,desktop
2026-09-11,u_146,20260911_u_146,feature_click,表格分析,v1,desktop
2026-09-11,u_147,20260911_u_147,page_view,表格分析,v1,web
2026-09-11,u_147,20260911_u_147,prompt_submit,表格分析,v1,web
2026-09-11,u_148,20260911_u_148,page_view,智能问答,v1,web
2026-09-11,u_148,20260911_u_148,prompt_submit,智能问答,v1,web
2026-09-11,u_148,20260911_u_148,generation_success,智能问答,v1,web
2026-09-11,u_148,20260911_u_148,result_adopt,智能问答,v1,web
2026-09-11,u_148,20260911_u_148,feature_click,智能问答,v1,web
2026-09-11,u_149,20260911_u_149,page_view,表格分析,v1,web
2026-09-11,u_149,20260911_u_149,prompt_submit,表格分析,v1,web
2026-09-11,u_149,20260911_u_149,generation_success,表格分析,v1,web
2026-09-11,u_149,20260911_u_149,feature_click,表格分析,v1,web
2026-09-11,u_151,20260911_u_151,page_view,表格分析,v1,web
2026-09-11,u_151,20260911_u_151,prompt_submit,表格分析,v1,web
2026-09-11,u_152,20260911_u_152,page_view,表格分析,v1,desktop
2026-09-11,u_152,20260911_u_152,prompt_submit,表格分析,v1,desktop
2026-09-11,u_152,20260911_u_152,generation_success,表格分析,v1,desktop
2026-09-11,u_152,20260911_u_152,feature_click,表格分析,v1,desktop
2026-09-11,u_153,20260911_u_153,page_view,表格分析,v1,desktop
2026-09-11,u_153,20260911_u_153,prompt_submit,表格分析,v1,desktop
2026-09-11,u_158,20260911_u_158,page_view,智能问答,v2,desktop
2026-09-11,u_158,20260911_u_158,prompt_submit,智能问答,v2,desktop
2026-09-11,u_158,20260911_u_158,generation_success,智能问答,v2,desktop
2026-09-11,u_158,20260911_u_158,feature_click,智能问答,v2,desktop
2026-09-11,u_160,20260911_u_160,page_view,智能问答,v1,desktop
2026-09-11,u_160,20260911_u_160,prompt_submit,智能问答,v1,desktop
2026-09-11,u_160,20260911_u_160,generation_success,智能问答,v1,desktop
2026-09-11,u_161,20260911_u_161,page_view,表格分析,v2,web
2026-09-11,u_161,20260911_u_161,prompt_submit,表格分析,v2,web
2026-09-11,u_161,20260911_u_161,generation_success,表格分析,v2,web
2026-09-11,u_161,20260911_u_161,result_adopt,表格分析,v2,web
2026-09-11,u_161,20260911_u_161,feature_click,表格分析,v2,web
2026-09-11,u_163,20260911_u_163,page_view,文案生成,v1,web
2026-09-11,u_163,20260911_u_163,prompt_submit,文案生成,v1,web
2026-09-11,u_163,20260911_u_163,generation_success,文案生成,v1,web
2026-09-11,u_165,20260911_u_165,page_view,智能问答,v1,desktop
2026-09-11,u_167,20260911_u_167,page_view,表格分析,v2,web
2026-09-11,u_167,20260911_u_167,prompt_submit,表格分析,v2,web
2026-09-11,u_167,20260911_u_167,generation_success,表格分析,v2,web
2026-09-11,u_169,20260911_u_169,page_view,表格分析,v2,web
2026-09-11,u_169,20260911_u_169,prompt_submit,表格分析,v2,web
2026-09-11,u_169,20260911_u_169,generation_success,表格分析,v2,web
2026-09-11,u_172,20260911_u_172,page_view,文案生成,v1,desktop
2026-09-11,u_172,20260911_u_172,prompt_submit,文案生成,v1,desktop
2026-09-11,u_172,20260911_u_172,generation_success,文案生成,v1,desktop
2026-09-11,u_173,20260911_u_173,page_view,文案生成,v2,web
2026-09-11,u_175,20260911_u_175,page_view,智能问答,v1,desktop
2026-09-11,u_175,20260911_u_175,prompt_submit,智能问答,v1,desktop
2026-09-11,u_175,20260911_u_175,generation_success,智能问答,v1,desktop
2026-09-11,u_175,20260911_u_175,feature_click,智能问答,v1,desktop
2026-09-11,u_176,20260911_u_176,page_view,智能问答,v2,desktop
2026-09-11,u_178,20260911_u_178,page_view,表格分析,v2,desktop
2026-09-11,u_178,20260911_u_178,prompt_submit,表格分析,v2,desktop
2026-09-11,u_178,20260911_u_178,generation_success,表格分析,v2,desktop
2026-09-11,u_178,20260911_u_178,feature_click,表格分析,v2,desktop
2026-09-11,u_180,20260911_u_180,page_view,表格分析,v1,desktop
2026-09-11,u_180,20260911_u_180,prompt_submit,表格分析,v1,desktop
2026-09-11,u_180,20260911_u_180,generation_success,表格分析,v1,desktop
2026-09-12,u_001,20260912_u_001,page_view,表格分析,v2,web
2026-09-12,u_002,20260912_u_002,page_view,文案生成,v1,desktop
2026-09-12,u_002,20260912_u_002,prompt_submit,文案生成,v1,desktop
2026-09-12,u_002,20260912_u_002,generation_success,文案生成,v1,desktop
2026-09-12,u_002,20260912_u_002,result_adopt,文案生成,v1,desktop
2026-09-12,u_002,20260912_u_002,feature_click,文案生成,v1,desktop
2026-09-12,u_004,20260912_u_004,page_view,文案生成,v1,desktop
2026-09-12,u_004,20260912_u_004,prompt_submit,文案生成,v1,desktop
2026-09-12,u_004,20260912_u_004,generation_success,文案生成,v1,desktop
2026-09-12,u_004,20260912_u_004,result_adopt,文案生成,v1,desktop
2026-09-12,u_006,20260912_u_006,page_view,智能问答,v1,desktop
2026-09-12,u_006,20260912_u_006,prompt_submit,智能问答,v1,desktop
2026-09-12,u_006,20260912_u_006,generation_success,智能问答,v1,desktop
2026-09-12,u_006,20260912_u_006,feature_click,智能问答,v1,desktop
2026-09-12,u_008,20260912_u_008,page_view,文案生成,v2,desktop
2026-09-12,u_008,20260912_u_008,prompt_submit,文案生成,v2,desktop
2026-09-12,u_008,20260912_u_008,generation_success,文案生成,v2,desktop
2026-09-12,u_008,20260912_u_008,feature_click,文案生成,v2,desktop
2026-09-12,u_013,20260912_u_013,page_view,表格分析,v1,desktop
2026-09-12,u_013,20260912_u_013,prompt_submit,表格分析,v1,desktop
2026-09-12,u_013,20260912_u_013,generation_success,表格分析,v1,desktop
2026-09-12,u_018,20260912_u_018,page_view,文案生成,v1,desktop
2026-09-12,u_018,20260912_u_018,prompt_submit,文案生成,v1,desktop
2026-09-12,u_018,20260912_u_018,generation_success,文案生成,v1,desktop
2026-09-12,u_019,20260912_u_019,page_view,文案生成,v2,desktop
2026-09-12,u_019,20260912_u_019,prompt_submit,文案生成,v2,desktop
2026-09-12,u_019,20260912_u_019,generation_success,文案生成,v2,desktop
2026-09-12,u_020,20260912_u_020,page_view,智能问答,v2,desktop
2026-09-12,u_020,20260912_u_020,prompt_submit,智能问答,v2,desktop
2026-09-12,u_020,20260912_u_020,generation_success,智能问答,v2,desktop
2026-09-12,u_020,20260912_u_020,feature_click,智能问答,v2,desktop
2026-09-12,u_021,20260912_u_021,page_view,智能问答,v2,desktop
2026-09-12,u_021,20260912_u_021,prompt_submit,智能问答,v2,desktop
2026-09-12,u_021,20260912_u_021,generation_success,智能问答,v2,desktop
2026-09-12,u_022,20260912_u_022,page_view,文案生成,v1,desktop
2026-09-12,u_022,20260912_u_022,prompt_submit,文案生成,v1,desktop
2026-09-12,u_023,20260912_u_023,page_view,智能问答,v2,desktop
2026-09-12,u_023,20260912_u_023,prompt_submit,智能问答,v2,desktop
2026-09-12,u_023,20260912_u_023,generation_success,智能问答,v2,desktop
2026-09-12,u_023,20260912_u_023,feature_click,智能问答,v2,desktop
2026-09-12,u_025,20260912_u_025,page_view,表格分析,v2,web
2026-09-12,u_025,20260912_u_025,prompt_submit,表格分析,v2,web
2026-09-12,u_025,20260912_u_025,generation_success,表格分析,v2,web
2026-09-12,u_026,20260912_u_026,page_view,文案生成,v2,web
2026-09-12,u_028,20260912_u_028,page_view,文案生成,v1,desktop
2026-09-12,u_028,20260912_u_028,prompt_submit,文案生成,v1,desktop
2026-09-12,u_028,20260912_u_028,generation_success,文案生成,v1,desktop
2026-09-12,u_030,20260912_u_030,page_view,智能问答,v2,desktop
2026-09-12,u_031,20260912_u_031,page_view,表格分析,v2,web
2026-09-12,u_032,20260912_u_032,page_view,智能问答,v1,web
2026-09-12,u_032,20260912_u_032,prompt_submit,智能问答,v1,web
2026-09-12,u_032,20260912_u_032,generation_success,智能问答,v1,web
2026-09-12,u_032,20260912_u_032,feature_click,智能问答,v1,web
2026-09-12,u_035,20260912_u_035,page_view,智能问答,v1,desktop
2026-09-12,u_038,20260912_u_038,page_view,智能问答,v1,desktop
2026-09-12,u_038,20260912_u_038,prompt_submit,智能问答,v1,desktop
2026-09-12,u_038,20260912_u_038,generation_success,智能问答,v1,desktop
2026-09-12,u_038,20260912_u_038,feature_click,智能问答,v1,desktop
2026-09-12,u_040,20260912_u_040,page_view,表格分析,v1,desktop
2026-09-12,u_040,20260912_u_040,prompt_submit,表格分析,v1,desktop
2026-09-12,u_040,20260912_u_040,generation_success,表格分析,v1,desktop
2026-09-12,u_040,20260912_u_040,feature_click,表格分析,v1,desktop
2026-09-12,u_041,20260912_u_041,page_view,智能问答,v1,web
2026-09-12,u_041,20260912_u_041,prompt_submit,智能问答,v1,web
2026-09-12,u_041,20260912_u_041,generation_success,智能问答,v1,web
2026-09-12,u_042,20260912_u_042,page_view,表格分析,v2,web
2026-09-12,u_043,20260912_u_043,page_view,智能问答,v2,desktop
2026-09-12,u_045,20260912_u_045,page_view,表格分析,v1,web
2026-09-12,u_045,20260912_u_045,prompt_submit,表格分析,v1,web
2026-09-12,u_045,20260912_u_045,generation_success,表格分析,v1,web
2026-09-12,u_045,20260912_u_045,result_adopt,表格分析,v1,web
2026-09-12,u_046,20260912_u_046,page_view,智能问答,v2,desktop
2026-09-12,u_046,20260912_u_046,prompt_submit,智能问答,v2,desktop
2026-09-12,u_046,20260912_u_046,generation_success,智能问答,v2,desktop
2026-09-12,u_046,20260912_u_046,result_adopt,智能问答,v2,desktop
2026-09-12,u_046,20260912_u_046,feature_click,智能问答,v2,desktop
2026-09-12,u_048,20260912_u_048,page_view,智能问答,v1,desktop
2026-09-12,u_048,20260912_u_048,prompt_submit,智能问答,v1,desktop
2026-09-12,u_048,20260912_u_048,generation_success,智能问答,v1,desktop
2026-09-12,u_053,20260912_u_053,page_view,表格分析,v1,desktop
2026-09-12,u_053,20260912_u_053,prompt_submit,表格分析,v1,desktop
2026-09-12,u_053,20260912_u_053,generation_success,表格分析,v1,desktop
2026-09-12,u_055,20260912_u_055,page_view,表格分析,v1,desktop
2026-09-12,u_059,20260912_u_059,page_view,表格分析,v1,desktop
2026-09-12,u_059,20260912_u_059,prompt_submit,表格分析,v1,desktop
2026-09-12,u_059,20260912_u_059,generation_success,表格分析,v1,desktop
2026-09-12,u_059,20260912_u_059,result_adopt,表格分析,v1,desktop
2026-09-12,u_059,20260912_u_059,feature_click,表格分析,v1,desktop
2026-09-12,u_063,20260912_u_063,page_view,表格分析,v2,web
2026-09-12,u_063,20260912_u_063,prompt_submit,表格分析,v2,web
2026-09-12,u_063,20260912_u_063,generation_success,表格分析,v2,web
2026-09-12,u_063,20260912_u_063,result_adopt,表格分析,v2,web
2026-09-12,u_065,20260912_u_065,page_view,表格分析,v2,web
2026-09-12,u_066,20260912_u_066,page_view,表格分析,v1,desktop
2026-09-12,u_067,20260912_u_067,page_view,文案生成,v2,web
2026-09-12,u_068,20260912_u_068,page_view,智能问答,v1,web
2026-09-12,u_068,20260912_u_068,prompt_submit,智能问答,v1,web
2026-09-12,u_069,20260912_u_069,page_view,表格分析,v2,web
2026-09-12,u_072,20260912_u_072,page_view,表格分析,v1,desktop
2026-09-12,u_072,20260912_u_072,prompt_submit,表格分析,v1,desktop
2026-09-12,u_072,20260912_u_072,generation_success,表格分析,v1,desktop
2026-09-12,u_072,20260912_u_072,result_adopt,表格分析,v1,desktop
2026-09-12,u_072,20260912_u_072,feature_click,表格分析,v1,desktop
2026-09-12,u_074,20260912_u_074,page_view,文案生成,v1,desktop
2026-09-12,u_077,20260912_u_077,page_view,表格分析,v2,desktop
2026-09-12,u_077,20260912_u_077,prompt_submit,表格分析,v2,desktop
2026-09-12,u_079,20260912_u_079,page_view,表格分析,v2,web
2026-09-12,u_079,20260912_u_079,prompt_submit,表格分析,v2,web
2026-09-12,u_080,20260912_u_080,page_view,文案生成,v2,web
2026-09-12,u_080,20260912_u_080,prompt_submit,文案生成,v2,web
2026-09-12,u_080,20260912_u_080,generation_success,文案生成,v2,web
2026-09-12,u_080,20260912_u_080,result_adopt,文案生成,v2,web
2026-09-12,u_080,20260912_u_080,feature_click,文案生成,v2,web
2026-09-12,u_081,20260912_u_081,page_view,智能问答,v2,web
2026-09-12,u_082,20260912_u_082,page_view,文案生成,v2,web
2026-09-12,u_082,20260912_u_082,prompt_submit,文案生成,v2,web
2026-09-12,u_082,20260912_u_082,generation_success,文案生成,v2,web
2026-09-12,u_082,20260912_u_082,result_adopt,文案生成,v2,web
2026-09-12,u_082,20260912_u_082,feature_click,文案生成,v2,web
2026-09-12,u_083,20260912_u_083,page_view,表格分析,v1,desktop
2026-09-12,u_085,20260912_u_085,page_view,文案生成,v2,web
2026-09-12,u_086,20260912_u_086,page_view,智能问答,v2,desktop
2026-09-12,u_086,20260912_u_086,prompt_submit,智能问答,v2,desktop
2026-09-12,u_086,20260912_u_086,generation_success,智能问答,v2,desktop
2026-09-12,u_086,20260912_u_086,result_adopt,智能问答,v2,desktop
2026-09-12,u_086,20260912_u_086,feature_click,智能问答,v2,desktop
2026-09-12,u_087,20260912_u_087,page_view,智能问答,v2,desktop
2026-09-12,u_087,20260912_u_087,prompt_submit,智能问答,v2,desktop
2026-09-12,u_087,20260912_u_087,generation_success,智能问答,v2,desktop
2026-09-12,u_087,20260912_u_087,feature_click,智能问答,v2,desktop
2026-09-12,u_088,20260912_u_088,page_view,智能问答,v2,web
2026-09-12,u_088,20260912_u_088,prompt_submit,智能问答,v2,web
2026-09-12,u_090,20260912_u_090,page_view,表格分析,v2,web
2026-09-12,u_090,20260912_u_090,prompt_submit,表格分析,v2,web
2026-09-12,u_090,20260912_u_090,generation_success,表格分析,v2,web
2026-09-12,u_092,20260912_u_092,page_view,文案生成,v2,desktop
2026-09-12,u_092,20260912_u_092,prompt_submit,文案生成,v2,desktop
2026-09-12,u_092,20260912_u_092,generation_success,文案生成,v2,desktop
2026-09-12,u_093,20260912_u_093,page_view,表格分析,v1,web
2026-09-12,u_094,20260912_u_094,page_view,表格分析,v2,desktop
2026-09-12,u_095,20260912_u_095,page_view,智能问答,v2,web
2026-09-12,u_095,20260912_u_095,prompt_submit,智能问答,v2,web
2026-09-12,u_095,20260912_u_095,generation_success,智能问答,v2,web
2026-09-12,u_096,20260912_u_096,page_view,智能问答,v2,web
2026-09-12,u_096,20260912_u_096,prompt_submit,智能问答,v2,web
2026-09-12,u_096,20260912_u_096,generation_success,智能问答,v2,web
2026-09-12,u_098,20260912_u_098,page_view,表格分析,v1,web
2026-09-12,u_098,20260912_u_098,prompt_submit,表格分析,v1,web
2026-09-12,u_098,20260912_u_098,generation_success,表格分析,v1,web
2026-09-12,u_098,20260912_u_098,result_adopt,表格分析,v1,web
2026-09-12,u_101,20260912_u_101,page_view,智能问答,v2,desktop
2026-09-12,u_102,20260912_u_102,page_view,表格分析,v2,desktop
2026-09-12,u_103,20260912_u_103,page_view,表格分析,v2,web
2026-09-12,u_104,20260912_u_104,page_view,文案生成,v1,desktop
2026-09-12,u_104,20260912_u_104,prompt_submit,文案生成,v1,desktop
2026-09-12,u_104,20260912_u_104,generation_success,文案生成,v1,desktop
2026-09-12,u_105,20260912_u_105,page_view,表格分析,v2,desktop
2026-09-12,u_107,20260912_u_107,page_view,表格分析,v1,desktop
2026-09-12,u_107,20260912_u_107,prompt_submit,表格分析,v1,desktop
2026-09-12,u_107,20260912_u_107,generation_success,表格分析,v1,desktop
2026-09-12,u_107,20260912_u_107,result_adopt,表格分析,v1,desktop
2026-09-12,u_109,20260912_u_109,page_view,表格分析,v1,desktop
2026-09-12,u_109,20260912_u_109,prompt_submit,表格分析,v1,desktop
2026-09-12,u_109,20260912_u_109,generation_success,表格分析,v1,desktop
2026-09-12,u_109,20260912_u_109,feature_click,表格分析,v1,desktop
2026-09-12,u_111,20260912_u_111,page_view,智能问答,v2,desktop
2026-09-12,u_111,20260912_u_111,prompt_submit,智能问答,v2,desktop
2026-09-12,u_111,20260912_u_111,generation_success,智能问答,v2,desktop
2026-09-12,u_111,20260912_u_111,result_adopt,智能问答,v2,desktop
2026-09-12,u_114,20260912_u_114,page_view,表格分析,v2,desktop
2026-09-12,u_119,20260912_u_119,page_view,表格分析,v1,desktop
2026-09-12,u_119,20260912_u_119,prompt_submit,表格分析,v1,desktop
2026-09-12,u_119,20260912_u_119,generation_success,表格分析,v1,desktop
2026-09-12,u_120,20260912_u_120,page_view,表格分析,v2,web
2026-09-12,u_120,20260912_u_120,prompt_submit,表格分析,v2,web
2026-09-12,u_120,20260912_u_120,generation_success,表格分析,v2,web
2026-09-12,u_123,20260912_u_123,page_view,文案生成,v2,desktop
2026-09-12,u_125,20260912_u_125,page_view,表格分析,v1,desktop
2026-09-12,u_125,20260912_u_125,prompt_submit,表格分析,v1,desktop
2026-09-12,u_125,20260912_u_125,generation_success,表格分析,v1,desktop
2026-09-12,u_125,20260912_u_125,result_adopt,表格分析,v1,desktop
2026-09-12,u_125,20260912_u_125,feature_click,表格分析,v1,desktop
2026-09-12,u_129,20260912_u_129,page_view,文案生成,v1,web
2026-09-12,u_130,20260912_u_130,page_view,文案生成,v1,desktop
2026-09-12,u_130,20260912_u_130,prompt_submit,文案生成,v1,desktop
2026-09-12,u_130,20260912_u_130,generation_success,文案生成,v1,desktop
2026-09-12,u_132,20260912_u_132,page_view,智能问答,v1,web
2026-09-12,u_135,20260912_u_135,page_view,表格分析,v2,web
2026-09-12,u_135,20260912_u_135,prompt_submit,表格分析,v2,web
2026-09-12,u_135,20260912_u_135,generation_success,表格分析,v2,web
2026-09-12,u_135,20260912_u_135,result_adopt,表格分析,v2,web
2026-09-12,u_136,20260912_u_136,page_view,智能问答,v2,web
2026-09-12,u_137,20260912_u_137,page_view,智能问答,v1,web
2026-09-12,u_138,20260912_u_138,page_view,文案生成,v1,web
2026-09-12,u_138,20260912_u_138,prompt_submit,文案生成,v1,web
2026-09-12,u_138,20260912_u_138,generation_success,文案生成,v1,web
2026-09-12,u_138,20260912_u_138,feature_click,文案生成,v1,web
2026-09-12,u_139,20260912_u_139,page_view,表格分析,v2,web
2026-09-12,u_139,20260912_u_139,prompt_submit,表格分析,v2,web
2026-09-12,u_139,20260912_u_139,generation_success,表格分析,v2,web
2026-09-12,u_141,20260912_u_141,page_view,智能问答,v2,desktop
2026-09-12,u_141,20260912_u_141,prompt_submit,智能问答,v2,desktop
2026-09-12,u_141,20260912_u_141,generation_success,智能问答,v2,desktop
2026-09-12,u_143,20260912_u_143,page_view,智能问答,v2,web
2026-09-12,u_143,20260912_u_143,prompt_submit,智能问答,v2,web
2026-09-12,u_144,20260912_u_144,page_view,文案生成,v2,web
2026-09-12,u_144,20260912_u_144,prompt_submit,文案生成,v2,web
2026-09-12,u_144,20260912_u_144,generation_success,文案生成,v2,web
2026-09-12,u_144,20260912_u_144,result_adopt,文案生成,v2,web
2026-09-12,u_145,20260912_u_145,page_view,文案生成,v2,web
2026-09-12,u_145,20260912_u_145,prompt_submit,文案生成,v2,web
2026-09-12,u_145,20260912_u_145,generation_success,文案生成,v2,web
2026-09-12,u_147,20260912_u_147,page_view,表格分析,v1,desktop
2026-09-12,u_147,20260912_u_147,prompt_submit,表格分析,v1,desktop
2026-09-12,u_147,20260912_u_147,generation_success,表格分析,v1,desktop
2026-09-12,u_147,20260912_u_147,result_adopt,表格分析,v1,desktop
2026-09-12,u_147,20260912_u_147,feature_click,表格分析,v1,desktop
2026-09-12,u_152,20260912_u_152,page_view,表格分析,v2,web
2026-09-12,u_152,20260912_u_152,prompt_submit,表格分析,v2,web
2026-09-12,u_152,20260912_u_152,generation_success,表格分析,v2,web
2026-09-12,u_152,20260912_u_152,feature_click,表格分析,v2,web
2026-09-12,u_153,20260912_u_153,page_view,文案生成,v1,web
2026-09-12,u_159,20260912_u_159,page_view,文案生成,v1,desktop
2026-09-12,u_159,20260912_u_159,prompt_submit,文案生成,v1,desktop
2026-09-12,u_159,20260912_u_159,generation_success,文案生成,v1,desktop
2026-09-12,u_161,20260912_u_161,page_view,文案生成,v2,desktop
2026-09-12,u_161,20260912_u_161,prompt_submit,文案生成,v2,desktop
2026-09-12,u_161,20260912_u_161,generation_success,文案生成,v2,desktop
2026-09-12,u_161,20260912_u_161,result_adopt,文案生成,v2,desktop
2026-09-12,u_161,20260912_u_161,feature_click,文案生成,v2,desktop
2026-09-12,u_163,20260912_u_163,page_view,文案生成,v2,web
2026-09-12,u_163,20260912_u_163,prompt_submit,文案生成,v2,web
2026-09-12,u_163,20260912_u_163,generation_success,文案生成,v2,web
2026-09-12,u_163,20260912_u_163,feature_click,文案生成,v2,web
2026-09-12,u_164,20260912_u_164,page_view,智能问答,v1,web
2026-09-12,u_166,20260912_u_166,page_view,文案生成,v1,web
2026-09-12,u_166,20260912_u_166,prompt_submit,文案生成,v1,web
2026-09-12,u_166,20260912_u_166,generation_success,文案生成,v1,web
2026-09-12,u_166,20260912_u_166,result_adopt,文案生成,v1,web
2026-09-12,u_168,20260912_u_168,page_view,文案生成,v1,web
2026-09-12,u_177,20260912_u_177,page_view,文案生成,v1,web
2026-09-12,u_177,20260912_u_177,prompt_submit,文案生成,v1,web
2026-09-12,u_177,20260912_u_177,generation_success,文案生成,v1,web
2026-09-12,u_177,20260912_u_177,feature_click,文案生成,v1,web
2026-09-12,u_178,20260912_u_178,page_view,表格分析,v1,desktop
2026-09-12,u_178,20260912_u_178,prompt_submit,表格分析,v1,desktop
2026-09-12,u_178,20260912_u_178,generation_success,表格分析,v1,desktop
2026-09-12,u_178,20260912_u_178,feature_click,表格分析,v1,desktop
2026-09-12,u_179,20260912_u_179,page_view,表格分析,v2,desktop
2026-09-12,u_179,20260912_u_179,prompt_submit,表格分析,v2,desktop
2026-09-12,u_179,20260912_u_179,generation_success,表格分析,v2,desktop
2026-09-12,u_179,20260912_u_179,result_adopt,表格分析,v2,desktop
2026-09-13,u_001,20260913_u_001,page_view,文案生成,v2,desktop
2026-09-13,u_001,20260913_u_001,prompt_submit,文案生成,v2,desktop
2026-09-13,u_002,20260913_u_002,page_view,文案生成,v1,web
2026-09-13,u_004,20260913_u_004,page_view,表格分析,v2,desktop
2026-09-13,u_004,20260913_u_004,prompt_submit,表格分析,v2,desktop
2026-09-13,u_004,20260913_u_004,generation_success,表格分析,v2,desktop
2026-09-13,u_004,20260913_u_004,result_adopt,表格分析,v2,desktop
2026-09-13,u_004,20260913_u_004,feature_click,表格分析,v2,desktop
2026-09-13,u_007,20260913_u_007,page_view,表格分析,v1,web
2026-09-13,u_009,20260913_u_009,page_view,文案生成,v1,desktop
2026-09-13,u_009,20260913_u_009,prompt_submit,文案生成,v1,desktop
2026-09-13,u_009,20260913_u_009,generation_success,文案生成,v1,desktop
2026-09-13,u_011,20260913_u_011,page_view,智能问答,v2,desktop
2026-09-13,u_011,20260913_u_011,prompt_submit,智能问答,v2,desktop
2026-09-13,u_011,20260913_u_011,generation_success,智能问答,v2,desktop
2026-09-13,u_011,20260913_u_011,result_adopt,智能问答,v2,desktop
2026-09-13,u_011,20260913_u_011,feature_click,智能问答,v2,desktop
2026-09-13,u_015,20260913_u_015,page_view,文案生成,v2,web
2026-09-13,u_015,20260913_u_015,prompt_submit,文案生成,v2,web
2026-09-13,u_015,20260913_u_015,generation_success,文案生成,v2,web
2026-09-13,u_015,20260913_u_015,feature_click,文案生成,v2,web
2026-09-13,u_016,20260913_u_016,page_view,智能问答,v2,web
2026-09-13,u_017,20260913_u_017,page_view,文案生成,v1,web
2026-09-13,u_017,20260913_u_017,prompt_submit,文案生成,v1,web
2026-09-13,u_017,20260913_u_017,generation_success,文案生成,v1,web
2026-09-13,u_017,20260913_u_017,result_adopt,文案生成,v1,web
2026-09-13,u_017,20260913_u_017,feature_click,文案生成,v1,web
2026-09-13,u_019,20260913_u_019,page_view,智能问答,v1,desktop
2026-09-13,u_020,20260913_u_020,page_view,表格分析,v2,web
2026-09-13,u_022,20260913_u_022,page_view,文案生成,v1,web
2026-09-13,u_023,20260913_u_023,page_view,表格分析,v1,desktop
2026-09-13,u_023,20260913_u_023,prompt_submit,表格分析,v1,desktop
2026-09-13,u_023,20260913_u_023,generation_success,表格分析,v1,desktop
2026-09-13,u_023,20260913_u_023,result_adopt,表格分析,v1,desktop
2026-09-13,u_024,20260913_u_024,page_view,文案生成,v2,desktop
2026-09-13,u_024,20260913_u_024,prompt_submit,文案生成,v2,desktop
2026-09-13,u_024,20260913_u_024,generation_success,文案生成,v2,desktop
2026-09-13,u_024,20260913_u_024,result_adopt,文案生成,v2,desktop
2026-09-13,u_025,20260913_u_025,page_view,智能问答,v2,web
2026-09-13,u_026,20260913_u_026,page_view,智能问答,v1,web
2026-09-13,u_027,20260913_u_027,page_view,文案生成,v1,desktop
2026-09-13,u_027,20260913_u_027,prompt_submit,文案生成,v1,desktop
2026-09-13,u_027,20260913_u_027,generation_success,文案生成,v1,desktop
2026-09-13,u_027,20260913_u_027,feature_click,文案生成,v1,desktop
2026-09-13,u_028,20260913_u_028,page_view,表格分析,v2,desktop
2026-09-13,u_028,20260913_u_028,prompt_submit,表格分析,v2,desktop
2026-09-13,u_028,20260913_u_028,generation_success,表格分析,v2,desktop
2026-09-13,u_028,20260913_u_028,feature_click,表格分析,v2,desktop
2026-09-13,u_029,20260913_u_029,page_view,表格分析,v2,web
2026-09-13,u_029,20260913_u_029,prompt_submit,表格分析,v2,web
2026-09-13,u_029,20260913_u_029,generation_success,表格分析,v2,web
2026-09-13,u_029,20260913_u_029,feature_click,表格分析,v2,web
2026-09-13,u_031,20260913_u_031,page_view,表格分析,v2,desktop
2026-09-13,u_035,20260913_u_035,page_view,智能问答,v1,web
2026-09-13,u_036,20260913_u_036,page_view,智能问答,v1,desktop
2026-09-13,u_036,20260913_u_036,prompt_submit,智能问答,v1,desktop
2026-09-13,u_036,20260913_u_036,generation_success,智能问答,v1,desktop
2026-09-13,u_036,20260913_u_036,result_adopt,智能问答,v1,desktop
2026-09-13,u_036,20260913_u_036,feature_click,智能问答,v1,desktop
2026-09-13,u_039,20260913_u_039,page_view,智能问答,v1,desktop
2026-09-13,u_039,20260913_u_039,prompt_submit,智能问答,v1,desktop
2026-09-13,u_039,20260913_u_039,generation_success,智能问答,v1,desktop
2026-09-13,u_039,20260913_u_039,result_adopt,智能问答,v1,desktop
2026-09-13,u_039,20260913_u_039,feature_click,智能问答,v1,desktop
2026-09-13,u_040,20260913_u_040,page_view,智能问答,v1,desktop
2026-09-13,u_041,20260913_u_041,page_view,表格分析,v2,web
2026-09-13,u_041,20260913_u_041,prompt_submit,表格分析,v2,web
2026-09-13,u_041,20260913_u_041,generation_success,表格分析,v2,web
2026-09-13,u_041,20260913_u_041,feature_click,表格分析,v2,web
2026-09-13,u_044,20260913_u_044,page_view,表格分析,v1,web
2026-09-13,u_044,20260913_u_044,prompt_submit,表格分析,v1,web
2026-09-13,u_046,20260913_u_046,page_view,智能问答,v1,web
2026-09-13,u_046,20260913_u_046,prompt_submit,智能问答,v1,web
2026-09-13,u_046,20260913_u_046,generation_success,智能问答,v1,web
2026-09-13,u_046,20260913_u_046,feature_click,智能问答,v1,web
2026-09-13,u_048,20260913_u_048,page_view,智能问答,v2,desktop
2026-09-13,u_049,20260913_u_049,page_view,表格分析,v1,desktop
2026-09-13,u_049,20260913_u_049,prompt_submit,表格分析,v1,desktop
2026-09-13,u_050,20260913_u_050,page_view,表格分析,v1,desktop
2026-09-13,u_050,20260913_u_050,prompt_submit,表格分析,v1,desktop
2026-09-13,u_050,20260913_u_050,generation_success,表格分析,v1,desktop
2026-09-13,u_050,20260913_u_050,result_adopt,表格分析,v1,desktop
2026-09-13,u_051,20260913_u_051,page_view,智能问答,v1,web
2026-09-13,u_051,20260913_u_051,prompt_submit,智能问答,v1,web
2026-09-13,u_051,20260913_u_051,generation_success,智能问答,v1,web
2026-09-13,u_051,20260913_u_051,result_adopt,智能问答,v1,web
2026-09-13,u_051,20260913_u_051,feature_click,智能问答,v1,web
2026-09-13,u_052,20260913_u_052,page_view,表格分析,v2,web
2026-09-13,u_054,20260913_u_054,page_view,文案生成,v2,web
2026-09-13,u_054,20260913_u_054,prompt_submit,文案生成,v2,web
2026-09-13,u_054,20260913_u_054,generation_success,文案生成,v2,web
2026-09-13,u_054,20260913_u_054,result_adopt,文案生成,v2,web
2026-09-13,u_055,20260913_u_055,page_view,表格分析,v2,desktop
2026-09-13,u_056,20260913_u_056,page_view,文案生成,v2,desktop
2026-09-13,u_056,20260913_u_056,prompt_submit,文案生成,v2,desktop
2026-09-13,u_056,20260913_u_056,generation_success,文案生成,v2,desktop
2026-09-13,u_056,20260913_u_056,result_adopt,文案生成,v2,desktop
2026-09-13,u_056,20260913_u_056,feature_click,文案生成,v2,desktop
2026-09-13,u_058,20260913_u_058,page_view,智能问答,v2,desktop
2026-09-13,u_058,20260913_u_058,prompt_submit,智能问答,v2,desktop
2026-09-13,u_058,20260913_u_058,generation_success,智能问答,v2,desktop
2026-09-13,u_058,20260913_u_058,feature_click,智能问答,v2,desktop
2026-09-13,u_060,20260913_u_060,page_view,文案生成,v2,desktop
2026-09-13,u_060,20260913_u_060,prompt_submit,文案生成,v2,desktop
2026-09-13,u_060,20260913_u_060,generation_success,文案生成,v2,desktop
2026-09-13,u_060,20260913_u_060,result_adopt,文案生成,v2,desktop
2026-09-13,u_060,20260913_u_060,feature_click,文案生成,v2,desktop
2026-09-13,u_061,20260913_u_061,page_view,智能问答,v2,desktop
2026-09-13,u_061,20260913_u_061,prompt_submit,智能问答,v2,desktop
2026-09-13,u_061,20260913_u_061,generation_success,智能问答,v2,desktop
2026-09-13,u_063,20260913_u_063,page_view,文案生成,v1,web
2026-09-13,u_064,20260913_u_064,page_view,文案生成,v2,desktop
2026-09-13,u_064,20260913_u_064,prompt_submit,文案生成,v2,desktop
2026-09-13,u_065,20260913_u_065,page_view,表格分析,v2,web
2026-09-13,u_065,20260913_u_065,prompt_submit,表格分析,v2,web
2026-09-13,u_065,20260913_u_065,generation_success,表格分析,v2,web
2026-09-13,u_065,20260913_u_065,result_adopt,表格分析,v2,web
2026-09-13,u_068,20260913_u_068,page_view,文案生成,v1,desktop
2026-09-13,u_068,20260913_u_068,prompt_submit,文案生成,v1,desktop
2026-09-13,u_068,20260913_u_068,generation_success,文案生成,v1,desktop
2026-09-13,u_068,20260913_u_068,feature_click,文案生成,v1,desktop
2026-09-13,u_069,20260913_u_069,page_view,文案生成,v2,web
2026-09-13,u_069,20260913_u_069,prompt_submit,文案生成,v2,web
2026-09-13,u_069,20260913_u_069,generation_success,文案生成,v2,web
2026-09-13,u_069,20260913_u_069,result_adopt,文案生成,v2,web
2026-09-13,u_071,20260913_u_071,page_view,智能问答,v1,web
2026-09-13,u_071,20260913_u_071,prompt_submit,智能问答,v1,web
2026-09-13,u_071,20260913_u_071,generation_success,智能问答,v1,web
2026-09-13,u_071,20260913_u_071,feature_click,智能问答,v1,web
2026-09-13,u_072,20260913_u_072,page_view,文案生成,v2,desktop
2026-09-13,u_072,20260913_u_072,prompt_submit,文案生成,v2,desktop
2026-09-13,u_072,20260913_u_072,generation_success,文案生成,v2,desktop
2026-09-13,u_072,20260913_u_072,result_adopt,文案生成,v2,desktop
2026-09-13,u_072,20260913_u_072,feature_click,文案生成,v2,desktop
2026-09-13,u_073,20260913_u_073,page_view,智能问答,v2,web
2026-09-13,u_073,20260913_u_073,prompt_submit,智能问答,v2,web
2026-09-13,u_073,20260913_u_073,generation_success,智能问答,v2,web
2026-09-13,u_073,20260913_u_073,feature_click,智能问答,v2,web
2026-09-13,u_074,20260913_u_074,page_view,文案生成,v2,desktop
2026-09-13,u_074,20260913_u_074,prompt_submit,文案生成,v2,desktop
2026-09-13,u_074,20260913_u_074,generation_success,文案生成,v2,desktop
2026-09-13,u_074,20260913_u_074,feature_click,文案生成,v2,desktop
2026-09-13,u_077,20260913_u_077,page_view,文案生成,v1,web
2026-09-13,u_077,20260913_u_077,prompt_submit,文案生成,v1,web
2026-09-13,u_077,20260913_u_077,generation_success,文案生成,v1,web
2026-09-13,u_077,20260913_u_077,result_adopt,文案生成,v1,web
2026-09-13,u_080,20260913_u_080,page_view,文案生成,v2,web
2026-09-13,u_081,20260913_u_081,page_view,智能问答,v1,web
2026-09-13,u_082,20260913_u_082,page_view,智能问答,v1,web
2026-09-13,u_082,20260913_u_082,prompt_submit,智能问答,v1,web
2026-09-13,u_082,20260913_u_082,generation_success,智能问答,v1,web
2026-09-13,u_082,20260913_u_082,result_adopt,智能问答,v1,web
2026-09-13,u_082,20260913_u_082,feature_click,智能问答,v1,web
2026-09-13,u_084,20260913_u_084,page_view,智能问答,v1,desktop
2026-09-13,u_084,20260913_u_084,prompt_submit,智能问答,v1,desktop
2026-09-13,u_085,20260913_u_085,page_view,文案生成,v1,desktop
2026-09-13,u_085,20260913_u_085,prompt_submit,文案生成,v1,desktop
2026-09-13,u_085,20260913_u_085,generation_success,文案生成,v1,desktop
2026-09-13,u_086,20260913_u_086,page_view,智能问答,v2,web
2026-09-13,u_087,20260913_u_087,page_view,智能问答,v1,desktop
2026-09-13,u_087,20260913_u_087,prompt_submit,智能问答,v1,desktop
2026-09-13,u_087,20260913_u_087,generation_success,智能问答,v1,desktop
2026-09-13,u_087,20260913_u_087,result_adopt,智能问答,v1,desktop
2026-09-13,u_087,20260913_u_087,feature_click,智能问答,v1,desktop
2026-09-13,u_089,20260913_u_089,page_view,表格分析,v1,desktop
2026-09-13,u_089,20260913_u_089,prompt_submit,表格分析,v1,desktop
2026-09-13,u_089,20260913_u_089,generation_success,表格分析,v1,desktop
2026-09-13,u_089,20260913_u_089,result_adopt,表格分析,v1,desktop
2026-09-13,u_089,20260913_u_089,feature_click,表格分析,v1,desktop
2026-09-13,u_091,20260913_u_091,page_view,文案生成,v2,desktop
2026-09-13,u_091,20260913_u_091,prompt_submit,文案生成,v2,desktop
2026-09-13,u_091,20260913_u_091,generation_success,文案生成,v2,desktop
2026-09-13,u_091,20260913_u_091,result_adopt,文案生成,v2,desktop
2026-09-13,u_093,20260913_u_093,page_view,表格分析,v2,desktop
2026-09-13,u_093,20260913_u_093,prompt_submit,表格分析,v2,desktop
2026-09-13,u_093,20260913_u_093,generation_success,表格分析,v2,desktop
2026-09-13,u_094,20260913_u_094,page_view,文案生成,v2,web
2026-09-13,u_094,20260913_u_094,prompt_submit,文案生成,v2,web
2026-09-13,u_094,20260913_u_094,generation_success,文案生成,v2,web
2026-09-13,u_094,20260913_u_094,feature_click,文案生成,v2,web
2026-09-13,u_095,20260913_u_095,page_view,表格分析,v2,desktop
2026-09-13,u_095,20260913_u_095,prompt_submit,表格分析,v2,desktop
2026-09-13,u_095,20260913_u_095,generation_success,表格分析,v2,desktop
2026-09-13,u_096,20260913_u_096,page_view,文案生成,v1,web
2026-09-13,u_096,20260913_u_096,prompt_submit,文案生成,v1,web
2026-09-13,u_097,20260913_u_097,page_view,智能问答,v1,desktop
2026-09-13,u_097,20260913_u_097,prompt_submit,智能问答,v1,desktop
2026-09-13,u_097,20260913_u_097,generation_success,智能问答,v1,desktop
2026-09-13,u_098,20260913_u_098,page_view,智能问答,v2,desktop
2026-09-13,u_099,20260913_u_099,page_view,表格分析,v1,web
2026-09-13,u_099,20260913_u_099,prompt_submit,表格分析,v1,web
2026-09-13,u_101,20260913_u_101,page_view,文案生成,v2,desktop
2026-09-13,u_101,20260913_u_101,prompt_submit,文案生成,v2,desktop
2026-09-13,u_101,20260913_u_101,generation_success,文案生成,v2,desktop
2026-09-13,u_101,20260913_u_101,feature_click,文案生成,v2,desktop
2026-09-13,u_103,20260913_u_103,page_view,智能问答,v1,web
2026-09-13,u_103,20260913_u_103,prompt_submit,智能问答,v1,web
2026-09-13,u_103,20260913_u_103,generation_success,智能问答,v1,web
2026-09-13,u_105,20260913_u_105,page_view,表格分析,v2,web
2026-09-13,u_105,20260913_u_105,prompt_submit,表格分析,v2,web
2026-09-13,u_105,20260913_u_105,generation_success,表格分析,v2,web
2026-09-13,u_106,20260913_u_106,page_view,表格分析,v2,desktop
2026-09-13,u_106,20260913_u_106,prompt_submit,表格分析,v2,desktop
2026-09-13,u_106,20260913_u_106,generation_success,表格分析,v2,desktop
2026-09-13,u_107,20260913_u_107,page_view,智能问答,v1,web
2026-09-13,u_107,20260913_u_107,prompt_submit,智能问答,v1,web
2026-09-13,u_107,20260913_u_107,generation_success,智能问答,v1,web
2026-09-13,u_107,20260913_u_107,result_adopt,智能问答,v1,web
2026-09-13,u_107,20260913_u_107,feature_click,智能问答,v1,web
2026-09-13,u_109,20260913_u_109,page_view,智能问答,v1,desktop
2026-09-13,u_111,20260913_u_111,page_view,表格分析,v2,web
2026-09-13,u_113,20260913_u_113,page_view,文案生成,v1,desktop
2026-09-13,u_113,20260913_u_113,prompt_submit,文案生成,v1,desktop
2026-09-13,u_116,20260913_u_116,page_view,文案生成,v1,desktop
2026-09-13,u_116,20260913_u_116,prompt_submit,文案生成,v1,desktop
2026-09-13,u_116,20260913_u_116,generation_success,文案生成,v1,desktop
2026-09-13,u_116,20260913_u_116,feature_click,文案生成,v1,desktop
2026-09-13,u_118,20260913_u_118,page_view,表格分析,v2,desktop
2026-09-13,u_119,20260913_u_119,page_view,表格分析,v1,desktop
2026-09-13,u_119,20260913_u_119,prompt_submit,表格分析,v1,desktop
2026-09-13,u_119,20260913_u_119,generation_success,表格分析,v1,desktop
2026-09-13,u_119,20260913_u_119,feature_click,表格分析,v1,desktop
2026-09-13,u_120,20260913_u_120,page_view,文案生成,v1,web
2026-09-13,u_120,20260913_u_120,prompt_submit,文案生成,v1,web
2026-09-13,u_120,20260913_u_120,generation_success,文案生成,v1,web
2026-09-13,u_120,20260913_u_120,result_adopt,文案生成,v1,web
2026-09-13,u_120,20260913_u_120,feature_click,文案生成,v1,web
2026-09-13,u_121,20260913_u_121,page_view,表格分析,v1,web
2026-09-13,u_121,20260913_u_121,prompt_submit,表格分析,v1,web
2026-09-13,u_121,20260913_u_121,generation_success,表格分析,v1,web
2026-09-13,u_122,20260913_u_122,page_view,表格分析,v2,web
2026-09-13,u_123,20260913_u_123,page_view,表格分析,v2,web
2026-09-13,u_123,20260913_u_123,prompt_submit,表格分析,v2,web
2026-09-13,u_123,20260913_u_123,generation_success,表格分析,v2,web
2026-09-13,u_123,20260913_u_123,result_adopt,表格分析,v2,web
2026-09-13,u_123,20260913_u_123,feature_click,表格分析,v2,web
2026-09-13,u_124,20260913_u_124,page_view,智能问答,v2,desktop
2026-09-13,u_125,20260913_u_125,page_view,表格分析,v1,web
2026-09-13,u_125,20260913_u_125,prompt_submit,表格分析,v1,web
2026-09-13,u_125,20260913_u_125,generation_success,表格分析,v1,web
2026-09-13,u_125,20260913_u_125,feature_click,表格分析,v1,web
2026-09-13,u_126,20260913_u_126,page_view,智能问答,v2,desktop
2026-09-13,u_126,20260913_u_126,prompt_submit,智能问答,v2,desktop
2026-09-13,u_126,20260913_u_126,generation_success,智能问答,v2,desktop
2026-09-13,u_126,20260913_u_126,result_adopt,智能问答,v2,desktop
2026-09-13,u_126,20260913_u_126,feature_click,智能问答,v2,desktop
2026-09-13,u_128,20260913_u_128,page_view,表格分析,v1,desktop
2026-09-13,u_130,20260913_u_130,page_view,文案生成,v2,desktop
2026-09-13,u_130,20260913_u_130,prompt_submit,文案生成,v2,desktop
2026-09-13,u_130,20260913_u_130,generation_success,文案生成,v2,desktop
2026-09-13,u_131,20260913_u_131,page_view,智能问答,v1,web
2026-09-13,u_131,20260913_u_131,prompt_submit,智能问答,v1,web
2026-09-13,u_131,20260913_u_131,generation_success,智能问答,v1,web
2026-09-13,u_134,20260913_u_134,page_view,文案生成,v2,desktop
2026-09-13,u_134,20260913_u_134,prompt_submit,文案生成,v2,desktop
2026-09-13,u_134,20260913_u_134,generation_success,文案生成,v2,desktop
2026-09-13,u_134,20260913_u_134,feature_click,文案生成,v2,desktop
2026-09-13,u_136,20260913_u_136,page_view,智能问答,v2,desktop
2026-09-13,u_137,20260913_u_137,page_view,智能问答,v1,web
2026-09-13,u_137,20260913_u_137,prompt_submit,智能问答,v1,web
2026-09-13,u_137,20260913_u_137,generation_success,智能问答,v1,web
2026-09-13,u_137,20260913_u_137,feature_click,智能问答,v1,web
2026-09-13,u_138,20260913_u_138,page_view,智能问答,v1,web
2026-09-13,u_138,20260913_u_138,prompt_submit,智能问答,v1,web
2026-09-13,u_138,20260913_u_138,generation_success,智能问答,v1,web
2026-09-13,u_138,20260913_u_138,feature_click,智能问答,v1,web
2026-09-13,u_140,20260913_u_140,page_view,表格分析,v1,web
2026-09-13,u_142,20260913_u_142,page_view,表格分析,v1,web
2026-09-13,u_142,20260913_u_142,prompt_submit,表格分析,v1,web
2026-09-13,u_142,20260913_u_142,generation_success,表格分析,v1,web
2026-09-13,u_143,20260913_u_143,page_view,表格分析,v2,web
2026-09-13,u_145,20260913_u_145,page_view,文案生成,v1,desktop
2026-09-13,u_145,20260913_u_145,prompt_submit,文案生成,v1,desktop
2026-09-13,u_145,20260913_u_145,generation_success,文案生成,v1,desktop
2026-09-13,u_145,20260913_u_145,feature_click,文案生成,v1,desktop
2026-09-13,u_149,20260913_u_149,page_view,智能问答,v2,web
2026-09-13,u_149,20260913_u_149,prompt_submit,智能问答,v2,web
2026-09-13,u_149,20260913_u_149,generation_success,智能问答,v2,web
2026-09-13,u_149,20260913_u_149,feature_click,智能问答,v2,web
2026-09-13,u_151,20260913_u_151,page_view,文案生成,v2,desktop
2026-09-13,u_152,20260913_u_152,page_view,表格分析,v1,web
2026-09-13,u_153,20260913_u_153,page_view,文案生成,v1,desktop
2026-09-13,u_153,20260913_u_153,prompt_submit,文案生成,v1,desktop
2026-09-13,u_153,20260913_u_153,generation_success,文案生成,v1,desktop
2026-09-13,u_154,20260913_u_154,page_view,智能问答,v1,desktop
2026-09-13,u_156,20260913_u_156,page_view,智能问答,v2,desktop
2026-09-13,u_156,20260913_u_156,prompt_submit,智能问答,v2,desktop
2026-09-13,u_156,20260913_u_156,generation_success,智能问答,v2,desktop
2026-09-13,u_158,20260913_u_158,page_view,文案生成,v1,web
2026-09-13,u_158,20260913_u_158,prompt_submit,文案生成,v1,web
2026-09-13,u_158,20260913_u_158,generation_success,文案生成,v1,web
2026-09-13,u_158,20260913_u_158,feature_click,文案生成,v1,web
2026-09-13,u_162,20260913_u_162,page_view,表格分析,v2,web
2026-09-13,u_162,20260913_u_162,prompt_submit,表格分析,v2,web
2026-09-13,u_162,20260913_u_162,generation_success,表格分析,v2,web
2026-09-13,u_162,20260913_u_162,result_adopt,表格分析,v2,web
2026-09-13,u_162,20260913_u_162,feature_click,表格分析,v2,web
2026-09-13,u_164,20260913_u_164,page_view,智能问答,v2,desktop
2026-09-13,u_164,20260913_u_164,prompt_submit,智能问答,v2,desktop
2026-09-13,u_164,20260913_u_164,generation_success,智能问答,v2,desktop
2026-09-13,u_164,20260913_u_164,feature_click,智能问答,v2,desktop
2026-09-13,u_166,20260913_u_166,page_view,智能问答,v1,desktop
2026-09-13,u_166,20260913_u_166,prompt_submit,智能问答,v1,desktop
2026-09-13,u_166,20260913_u_166,generation_success,智能问答,v1,desktop
2026-09-13,u_166,20260913_u_166,result_adopt,智能问答,v1,desktop
2026-09-13,u_168,20260913_u_168,page_view,文案生成,v2,web
2026-09-13,u_168,20260913_u_168,prompt_submit,文案生成,v2,web
2026-09-13,u_168,20260913_u_168,generation_success,文案生成,v2,web
2026-09-13,u_168,20260913_u_168,result_adopt,文案生成,v2,web
2026-09-13,u_168,20260913_u_168,feature_click,文案生成,v2,web
2026-09-13,u_169,20260913_u_169,page_view,表格分析,v2,web
2026-09-13,u_169,20260913_u_169,prompt_submit,表格分析,v2,web
2026-09-13,u_169,20260913_u_169,generation_success,表格分析,v2,web
2026-09-13,u_169,20260913_u_169,feature_click,表格分析,v2,web
2026-09-13,u_170,20260913_u_170,page_view,表格分析,v2,web
2026-09-13,u_170,20260913_u_170,prompt_submit,表格分析,v2,web
2026-09-13,u_172,20260913_u_172,page_view,表格分析,v2,web
2026-09-13,u_172,20260913_u_172,prompt_submit,表格分析,v2,web
2026-09-13,u_172,20260913_u_172,generation_success,表格分析,v2,web
2026-09-13,u_172,20260913_u_172,result_adopt,表格分析,v2,web
2026-09-13,u_172,20260913_u_172,feature_click,表格分析,v2,web
2026-09-13,u_174,20260913_u_174,page_view,文案生成,v1,web
2026-09-13,u_175,20260913_u_175,page_view,表格分析,v2,web
2026-09-13,u_175,20260913_u_175,prompt_submit,表格分析,v2,web
2026-09-13,u_175,20260913_u_175,generation_success,表格分析,v2,web
2026-09-13,u_175,20260913_u_175,feature_click,表格分析,v2,web
2026-09-13,u_177,20260913_u_177,page_view,表格分析,v2,web
2026-09-13,u_177,20260913_u_177,prompt_submit,表格分析,v2,web
2026-09-13,u_177,20260913_u_177,generation_success,表格分析,v2,web
2026-09-13,u_177,20260913_u_177,feature_click,表格分析,v2,web
2026-09-13,u_179,20260913_u_179,page_view,文案生成,v1,desktop
2026-09-13,u_179,20260913_u_179,prompt_submit,文案生成,v1,desktop
2026-09-13,u_179,20260913_u_179,generation_success,文案生成,v1,desktop
2026-09-13,u_179,20260913_u_179,result_adopt,文案生成,v1,desktop
2026-09-13,u_179,20260913_u_179,feature_click,文案生成,v1,desktop
2026-09-14,u_001,20260914_u_001,page_view,智能问答,v1,web
2026-09-14,u_001,20260914_u_001,prompt_submit,智能问答,v1,web
2026-09-14,u_001,20260914_u_001,generation_success,智能问答,v1,web
2026-09-14,u_001,20260914_u_001,result_adopt,智能问答,v1,web
2026-09-14,u_001,20260914_u_001,feature_click,智能问答,v1,web
2026-09-14,u_002,20260914_u_002,page_view,表格分析,v2,web
2026-09-14,u_002,20260914_u_002,prompt_submit,表格分析,v2,web
2026-09-14,u_002,20260914_u_002,generation_success,表格分析,v2,web
2026-09-14,u_003,20260914_u_003,page_view,文案生成,v1,desktop
2026-09-14,u_003,20260914_u_003,prompt_submit,文案生成,v1,desktop
2026-09-14,u_003,20260914_u_003,generation_success,文案生成,v1,desktop
2026-09-14,u_004,20260914_u_004,page_view,表格分析,v1,desktop
2026-09-14,u_004,20260914_u_004,prompt_submit,表格分析,v1,desktop
2026-09-14,u_004,20260914_u_004,generation_success,表格分析,v1,desktop
2026-09-14,u_004,20260914_u_004,result_adopt,表格分析,v1,desktop
2026-09-14,u_004,20260914_u_004,feature_click,表格分析,v1,desktop
2026-09-14,u_006,20260914_u_006,page_view,文案生成,v2,web
2026-09-14,u_006,20260914_u_006,prompt_submit,文案生成,v2,web
2026-09-14,u_006,20260914_u_006,generation_success,文案生成,v2,web
2026-09-14,u_006,20260914_u_006,feature_click,文案生成,v2,web
2026-09-14,u_012,20260914_u_012,page_view,表格分析,v1,web
2026-09-14,u_012,20260914_u_012,prompt_submit,表格分析,v1,web
2026-09-14,u_012,20260914_u_012,generation_success,表格分析,v1,web
2026-09-14,u_012,20260914_u_012,result_adopt,表格分析,v1,web
2026-09-14,u_012,20260914_u_012,feature_click,表格分析,v1,web
2026-09-14,u_014,20260914_u_014,page_view,文案生成,v2,desktop
2026-09-14,u_014,20260914_u_014,prompt_submit,文案生成,v2,desktop
2026-09-14,u_014,20260914_u_014,generation_success,文案生成,v2,desktop
2026-09-14,u_015,20260914_u_015,page_view,表格分析,v1,web
2026-09-14,u_016,20260914_u_016,page_view,文案生成,v2,desktop
2026-09-14,u_016,20260914_u_016,prompt_submit,文案生成,v2,desktop
2026-09-14,u_017,20260914_u_017,page_view,文案生成,v2,desktop
2026-09-14,u_018,20260914_u_018,page_view,智能问答,v2,web
2026-09-14,u_018,20260914_u_018,prompt_submit,智能问答,v2,web
2026-09-14,u_018,20260914_u_018,generation_success,智能问答,v2,web
2026-09-14,u_019,20260914_u_019,page_view,智能问答,v1,web
2026-09-14,u_019,20260914_u_019,prompt_submit,智能问答,v1,web
2026-09-14,u_019,20260914_u_019,generation_success,智能问答,v1,web
2026-09-14,u_019,20260914_u_019,result_adopt,智能问答,v1,web
2026-09-14,u_022,20260914_u_022,page_view,表格分析,v1,web
2026-09-14,u_023,20260914_u_023,page_view,智能问答,v2,desktop
2026-09-14,u_023,20260914_u_023,prompt_submit,智能问答,v2,desktop
2026-09-14,u_023,20260914_u_023,generation_success,智能问答,v2,desktop
2026-09-14,u_024,20260914_u_024,page_view,智能问答,v2,desktop
2026-09-14,u_024,20260914_u_024,prompt_submit,智能问答,v2,desktop
2026-09-14,u_024,20260914_u_024,generation_success,智能问答,v2,desktop
2026-09-14,u_025,20260914_u_025,page_view,文案生成,v1,desktop
2026-09-14,u_029,20260914_u_029,page_view,智能问答,v2,desktop
2026-09-14,u_030,20260914_u_030,page_view,文案生成,v1,web
2026-09-14,u_030,20260914_u_030,prompt_submit,文案生成,v1,web
2026-09-14,u_030,20260914_u_030,generation_success,文案生成,v1,web
2026-09-14,u_032,20260914_u_032,page_view,文案生成,v2,desktop
2026-09-14,u_032,20260914_u_032,prompt_submit,文案生成,v2,desktop
2026-09-14,u_032,20260914_u_032,generation_success,文案生成,v2,desktop
2026-09-14,u_032,20260914_u_032,result_adopt,文案生成,v2,desktop
2026-09-14,u_033,20260914_u_033,page_view,文案生成,v1,desktop
2026-09-14,u_035,20260914_u_035,page_view,表格分析,v2,web
2026-09-14,u_036,20260914_u_036,page_view,文案生成,v2,web
2026-09-14,u_036,20260914_u_036,prompt_submit,文案生成,v2,web
2026-09-14,u_036,20260914_u_036,generation_success,文案生成,v2,web
2026-09-14,u_036,20260914_u_036,result_adopt,文案生成,v2,web
2026-09-14,u_036,20260914_u_036,feature_click,文案生成,v2,web
2026-09-14,u_037,20260914_u_037,page_view,文案生成,v2,desktop
2026-09-14,u_037,20260914_u_037,prompt_submit,文案生成,v2,desktop
2026-09-14,u_041,20260914_u_041,page_view,文案生成,v2,desktop
2026-09-14,u_041,20260914_u_041,prompt_submit,文案生成,v2,desktop
2026-09-14,u_041,20260914_u_041,generation_success,文案生成,v2,desktop
2026-09-14,u_043,20260914_u_043,page_view,表格分析,v2,desktop
2026-09-14,u_043,20260914_u_043,prompt_submit,表格分析,v2,desktop
2026-09-14,u_043,20260914_u_043,generation_success,表格分析,v2,desktop
2026-09-14,u_043,20260914_u_043,feature_click,表格分析,v2,desktop
2026-09-14,u_045,20260914_u_045,page_view,表格分析,v2,desktop
2026-09-14,u_046,20260914_u_046,page_view,表格分析,v1,web
2026-09-14,u_046,20260914_u_046,prompt_submit,表格分析,v1,web
2026-09-14,u_046,20260914_u_046,generation_success,表格分析,v1,web
2026-09-14,u_046,20260914_u_046,result_adopt,表格分析,v1,web
2026-09-14,u_046,20260914_u_046,feature_click,表格分析,v1,web
2026-09-14,u_048,20260914_u_048,page_view,智能问答,v1,web
2026-09-14,u_048,20260914_u_048,prompt_submit,智能问答,v1,web
2026-09-14,u_048,20260914_u_048,generation_success,智能问答,v1,web
2026-09-14,u_048,20260914_u_048,result_adopt,智能问答,v1,web
2026-09-14,u_049,20260914_u_049,page_view,智能问答,v1,web
2026-09-14,u_049,20260914_u_049,prompt_submit,智能问答,v1,web
2026-09-14,u_049,20260914_u_049,generation_success,智能问答,v1,web
2026-09-14,u_049,20260914_u_049,result_adopt,智能问答,v1,web
2026-09-14,u_052,20260914_u_052,page_view,智能问答,v2,desktop
2026-09-14,u_052,20260914_u_052,prompt_submit,智能问答,v2,desktop
2026-09-14,u_052,20260914_u_052,generation_success,智能问答,v2,desktop
2026-09-14,u_052,20260914_u_052,result_adopt,智能问答,v2,desktop
2026-09-14,u_053,20260914_u_053,page_view,文案生成,v2,desktop
2026-09-14,u_053,20260914_u_053,prompt_submit,文案生成,v2,desktop
2026-09-14,u_053,20260914_u_053,generation_success,文案生成,v2,desktop
2026-09-14,u_053,20260914_u_053,result_adopt,文案生成,v2,desktop
2026-09-14,u_053,20260914_u_053,feature_click,文案生成,v2,desktop
2026-09-14,u_054,20260914_u_054,page_view,文案生成,v1,desktop
2026-09-14,u_055,20260914_u_055,page_view,文案生成,v2,web
2026-09-14,u_055,20260914_u_055,prompt_submit,文案生成,v2,web
2026-09-14,u_055,20260914_u_055,generation_success,文案生成,v2,web
2026-09-14,u_055,20260914_u_055,result_adopt,文案生成,v2,web
2026-09-14,u_057,20260914_u_057,page_view,智能问答,v1,desktop
2026-09-14,u_057,20260914_u_057,prompt_submit,智能问答,v1,desktop
2026-09-14,u_057,20260914_u_057,generation_success,智能问答,v1,desktop
2026-09-14,u_057,20260914_u_057,result_adopt,智能问答,v1,desktop
2026-09-14,u_057,20260914_u_057,feature_click,智能问答,v1,desktop
2026-09-14,u_059,20260914_u_059,page_view,表格分析,v1,desktop
2026-09-14,u_060,20260914_u_060,page_view,表格分析,v1,web
2026-09-14,u_060,20260914_u_060,prompt_submit,表格分析,v1,web
2026-09-14,u_061,20260914_u_061,page_view,文案生成,v2,web
2026-09-14,u_061,20260914_u_061,prompt_submit,文案生成,v2,web
2026-09-14,u_061,20260914_u_061,generation_success,文案生成,v2,web
2026-09-14,u_061,20260914_u_061,result_adopt,文案生成,v2,web
2026-09-14,u_063,20260914_u_063,page_view,表格分析,v2,desktop
2026-09-14,u_063,20260914_u_063,prompt_submit,表格分析,v2,desktop
2026-09-14,u_063,20260914_u_063,generation_success,表格分析,v2,desktop
2026-09-14,u_063,20260914_u_063,result_adopt,表格分析,v2,desktop
2026-09-14,u_063,20260914_u_063,feature_click,表格分析,v2,desktop
2026-09-14,u_065,20260914_u_065,page_view,文案生成,v1,desktop
2026-09-14,u_065,20260914_u_065,prompt_submit,文案生成,v1,desktop
2026-09-14,u_065,20260914_u_065,generation_success,文案生成,v1,desktop
2026-09-14,u_065,20260914_u_065,result_adopt,文案生成,v1,desktop
2026-09-14,u_065,20260914_u_065,feature_click,文案生成,v1,desktop
2026-09-14,u_067,20260914_u_067,page_view,表格分析,v2,web
2026-09-14,u_069,20260914_u_069,page_view,文案生成,v2,desktop
2026-09-14,u_071,20260914_u_071,page_view,智能问答,v1,web
2026-09-14,u_071,20260914_u_071,prompt_submit,智能问答,v1,web
2026-09-14,u_071,20260914_u_071,generation_success,智能问答,v1,web
2026-09-14,u_071,20260914_u_071,result_adopt,智能问答,v1,web
2026-09-14,u_071,20260914_u_071,feature_click,智能问答,v1,web
2026-09-14,u_072,20260914_u_072,page_view,表格分析,v1,web
2026-09-14,u_073,20260914_u_073,page_view,文案生成,v2,desktop
2026-09-14,u_073,20260914_u_073,prompt_submit,文案生成,v2,desktop
2026-09-14,u_073,20260914_u_073,generation_success,文案生成,v2,desktop
2026-09-14,u_074,20260914_u_074,page_view,文案生成,v1,web
2026-09-14,u_074,20260914_u_074,prompt_submit,文案生成,v1,web
2026-09-14,u_074,20260914_u_074,generation_success,文案生成,v1,web
2026-09-14,u_075,20260914_u_075,page_view,文案生成,v1,web
2026-09-14,u_076,20260914_u_076,page_view,智能问答,v2,web
2026-09-14,u_076,20260914_u_076,prompt_submit,智能问答,v2,web
2026-09-14,u_076,20260914_u_076,generation_success,智能问答,v2,web
2026-09-14,u_076,20260914_u_076,feature_click,智能问答,v2,web
2026-09-14,u_077,20260914_u_077,page_view,文案生成,v1,desktop
2026-09-14,u_077,20260914_u_077,prompt_submit,文案生成,v1,desktop
2026-09-14,u_077,20260914_u_077,generation_success,文案生成,v1,desktop
2026-09-14,u_079,20260914_u_079,page_view,文案生成,v1,web
2026-09-14,u_080,20260914_u_080,page_view,文案生成,v1,desktop
2026-09-14,u_080,20260914_u_080,prompt_submit,文案生成,v1,desktop
2026-09-14,u_080,20260914_u_080,generation_success,文案生成,v1,desktop
2026-09-14,u_080,20260914_u_080,feature_click,文案生成,v1,desktop
2026-09-14,u_082,20260914_u_082,page_view,智能问答,v2,desktop
2026-09-14,u_082,20260914_u_082,prompt_submit,智能问答,v2,desktop
2026-09-14,u_082,20260914_u_082,generation_success,智能问答,v2,desktop
2026-09-14,u_083,20260914_u_083,page_view,表格分析,v1,web
2026-09-14,u_083,20260914_u_083,prompt_submit,表格分析,v1,web
2026-09-14,u_083,20260914_u_083,generation_success,表格分析,v1,web
2026-09-14,u_083,20260914_u_083,result_adopt,表格分析,v1,web
2026-09-14,u_083,20260914_u_083,feature_click,表格分析,v1,web
2026-09-14,u_084,20260914_u_084,page_view,智能问答,v2,desktop
2026-09-14,u_084,20260914_u_084,prompt_submit,智能问答,v2,desktop
2026-09-14,u_084,20260914_u_084,generation_success,智能问答,v2,desktop
2026-09-14,u_084,20260914_u_084,feature_click,智能问答,v2,desktop
2026-09-14,u_085,20260914_u_085,page_view,智能问答,v1,web
2026-09-14,u_085,20260914_u_085,prompt_submit,智能问答,v1,web
2026-09-14,u_085,20260914_u_085,generation_success,智能问答,v1,web
2026-09-14,u_086,20260914_u_086,page_view,表格分析,v2,web
2026-09-14,u_086,20260914_u_086,prompt_submit,表格分析,v2,web
2026-09-14,u_086,20260914_u_086,generation_success,表格分析,v2,web
2026-09-14,u_086,20260914_u_086,feature_click,表格分析,v2,web
2026-09-14,u_088,20260914_u_088,page_view,表格分析,v1,web
2026-09-14,u_089,20260914_u_089,page_view,文案生成,v2,web
2026-09-14,u_089,20260914_u_089,prompt_submit,文案生成,v2,web
2026-09-14,u_089,20260914_u_089,generation_success,文案生成,v2,web
2026-09-14,u_089,20260914_u_089,result_adopt,文案生成,v2,web
2026-09-14,u_092,20260914_u_092,page_view,智能问答,v1,web
2026-09-14,u_092,20260914_u_092,prompt_submit,智能问答,v1,web
2026-09-14,u_092,20260914_u_092,generation_success,智能问答,v1,web
2026-09-14,u_092,20260914_u_092,result_adopt,智能问答,v1,web
2026-09-14,u_094,20260914_u_094,page_view,表格分析,v1,web
2026-09-14,u_099,20260914_u_099,page_view,智能问答,v1,desktop
2026-09-14,u_099,20260914_u_099,prompt_submit,智能问答,v1,desktop
2026-09-14,u_100,20260914_u_100,page_view,文案生成,v1,desktop
2026-09-14,u_101,20260914_u_101,page_view,智能问答,v2,web
2026-09-14,u_101,20260914_u_101,prompt_submit,智能问答,v2,web
2026-09-14,u_101,20260914_u_101,generation_success,智能问答,v2,web
2026-09-14,u_101,20260914_u_101,result_adopt,智能问答,v2,web
2026-09-14,u_101,20260914_u_101,feature_click,智能问答,v2,web
2026-09-14,u_102,20260914_u_102,page_view,文案生成,v1,web
2026-09-14,u_104,20260914_u_104,page_view,智能问答,v1,web
2026-09-14,u_104,20260914_u_104,prompt_submit,智能问答,v1,web
2026-09-14,u_104,20260914_u_104,generation_success,智能问答,v1,web
2026-09-14,u_104,20260914_u_104,feature_click,智能问答,v1,web
2026-09-14,u_106,20260914_u_106,page_view,文案生成,v1,web
2026-09-14,u_107,20260914_u_107,page_view,表格分析,v2,web
2026-09-14,u_108,20260914_u_108,page_view,表格分析,v2,web
2026-09-14,u_109,20260914_u_109,page_view,表格分析,v1,web
2026-09-14,u_109,20260914_u_109,prompt_submit,表格分析,v1,web
2026-09-14,u_109,20260914_u_109,generation_success,表格分析,v1,web
2026-09-14,u_109,20260914_u_109,result_adopt,表格分析,v1,web
2026-09-14,u_109,20260914_u_109,feature_click,表格分析,v1,web
2026-09-14,u_111,20260914_u_111,page_view,智能问答,v1,web
2026-09-14,u_111,20260914_u_111,prompt_submit,智能问答,v1,web
2026-09-14,u_111,20260914_u_111,generation_success,智能问答,v1,web
2026-09-14,u_112,20260914_u_112,page_view,智能问答,v1,web
2026-09-14,u_112,20260914_u_112,prompt_submit,智能问答,v1,web
2026-09-14,u_112,20260914_u_112,generation_success,智能问答,v1,web
2026-09-14,u_112,20260914_u_112,result_adopt,智能问答,v1,web
2026-09-14,u_112,20260914_u_112,feature_click,智能问答,v1,web
2026-09-14,u_117,20260914_u_117,page_view,表格分析,v2,web
2026-09-14,u_117,20260914_u_117,prompt_submit,表格分析,v2,web
2026-09-14,u_117,20260914_u_117,generation_success,表格分析,v2,web
2026-09-14,u_117,20260914_u_117,result_adopt,表格分析,v2,web
2026-09-14,u_118,20260914_u_118,page_view,表格分析,v1,web
2026-09-14,u_118,20260914_u_118,prompt_submit,表格分析,v1,web
2026-09-14,u_118,20260914_u_118,generation_success,表格分析,v1,web
2026-09-14,u_118,20260914_u_118,result_adopt,表格分析,v1,web
2026-09-14,u_120,20260914_u_120,page_view,智能问答,v2,desktop
2026-09-14,u_120,20260914_u_120,prompt_submit,智能问答,v2,desktop
2026-09-14,u_120,20260914_u_120,generation_success,智能问答,v2,desktop
2026-09-14,u_120,20260914_u_120,result_adopt,智能问答,v2,desktop
2026-09-14,u_128,20260914_u_128,page_view,表格分析,v2,desktop
2026-09-14,u_128,20260914_u_128,prompt_submit,表格分析,v2,desktop
2026-09-14,u_128,20260914_u_128,generation_success,表格分析,v2,desktop
2026-09-14,u_128,20260914_u_128,result_adopt,表格分析,v2,desktop
2026-09-14,u_128,20260914_u_128,feature_click,表格分析,v2,desktop
2026-09-14,u_132,20260914_u_132,page_view,表格分析,v1,desktop
2026-09-14,u_132,20260914_u_132,prompt_submit,表格分析,v1,desktop
2026-09-14,u_132,20260914_u_132,generation_success,表格分析,v1,desktop
2026-09-14,u_132,20260914_u_132,result_adopt,表格分析,v1,desktop
2026-09-14,u_132,20260914_u_132,feature_click,表格分析,v1,desktop
2026-09-14,u_135,20260914_u_135,page_view,智能问答,v1,desktop
2026-09-14,u_136,20260914_u_136,page_view,文案生成,v2,desktop
2026-09-14,u_136,20260914_u_136,prompt_submit,文案生成,v2,desktop
2026-09-14,u_137,20260914_u_137,page_view,表格分析,v2,web
2026-09-14,u_137,20260914_u_137,prompt_submit,表格分析,v2,web
2026-09-14,u_137,20260914_u_137,generation_success,表格分析,v2,web
2026-09-14,u_138,20260914_u_138,page_view,智能问答,v1,web
2026-09-14,u_138,20260914_u_138,prompt_submit,智能问答,v1,web
2026-09-14,u_138,20260914_u_138,generation_success,智能问答,v1,web
2026-09-14,u_138,20260914_u_138,result_adopt,智能问答,v1,web
2026-09-14,u_138,20260914_u_138,feature_click,智能问答,v1,web
2026-09-14,u_141,20260914_u_141,page_view,表格分析,v1,desktop
2026-09-14,u_142,20260914_u_142,page_view,智能问答,v2,desktop
2026-09-14,u_142,20260914_u_142,prompt_submit,智能问答,v2,desktop
2026-09-14,u_142,20260914_u_142,generation_success,智能问答,v2,desktop
2026-09-14,u_143,20260914_u_143,page_view,文案生成,v2,web
2026-09-14,u_143,20260914_u_143,prompt_submit,文案生成,v2,web
2026-09-14,u_143,20260914_u_143,generation_success,文案生成,v2,web
2026-09-14,u_143,20260914_u_143,result_adopt,文案生成,v2,web
2026-09-14,u_143,20260914_u_143,feature_click,文案生成,v2,web
2026-09-14,u_144,20260914_u_144,page_view,智能问答,v1,desktop
2026-09-14,u_144,20260914_u_144,prompt_submit,智能问答,v1,desktop
2026-09-14,u_144,20260914_u_144,generation_success,智能问答,v1,desktop
2026-09-14,u_144,20260914_u_144,result_adopt,智能问答,v1,desktop
2026-09-14,u_144,20260914_u_144,feature_click,智能问答,v1,desktop
2026-09-14,u_145,20260914_u_145,page_view,表格分析,v2,desktop
2026-09-14,u_145,20260914_u_145,prompt_submit,表格分析,v2,desktop
2026-09-14,u_145,20260914_u_145,generation_success,表格分析,v2,desktop
2026-09-14,u_145,20260914_u_145,result_adopt,表格分析,v2,desktop
2026-09-14,u_145,20260914_u_145,feature_click,表格分析,v2,desktop
2026-09-14,u_146,20260914_u_146,page_view,表格分析,v2,desktop
2026-09-14,u_146,20260914_u_146,prompt_submit,表格分析,v2,desktop
2026-09-14,u_146,20260914_u_146,generation_success,表格分析,v2,desktop
2026-09-14,u_149,20260914_u_149,page_view,文案生成,v2,web
2026-09-14,u_149,20260914_u_149,prompt_submit,文案生成,v2,web
2026-09-14,u_151,20260914_u_151,page_view,表格分析,v2,desktop
2026-09-14,u_151,20260914_u_151,prompt_submit,表格分析,v2,desktop
2026-09-14,u_151,20260914_u_151,generation_success,表格分析,v2,desktop
2026-09-14,u_151,20260914_u_151,result_adopt,表格分析,v2,desktop
2026-09-14,u_151,20260914_u_151,feature_click,表格分析,v2,desktop
2026-09-14,u_153,20260914_u_153,page_view,智能问答,v1,web
2026-09-14,u_156,20260914_u_156,page_view,文案生成,v1,desktop
2026-09-14,u_156,20260914_u_156,prompt_submit,文案生成,v1,desktop
2026-09-14,u_156,20260914_u_156,generation_success,文案生成,v1,desktop
2026-09-14,u_156,20260914_u_156,result_adopt,文案生成,v1,desktop
2026-09-14,u_156,20260914_u_156,feature_click,文案生成,v1,desktop
2026-09-14,u_157,20260914_u_157,page_view,表格分析,v2,desktop
2026-09-14,u_157,20260914_u_157,prompt_submit,表格分析,v2,desktop
2026-09-14,u_157,20260914_u_157,generation_success,表格分析,v2,desktop
2026-09-14,u_157,20260914_u_157,feature_click,表格分析,v2,desktop
2026-09-14,u_158,20260914_u_158,page_view,智能问答,v2,web
2026-09-14,u_158,20260914_u_158,prompt_submit,智能问答,v2,web
2026-09-14,u_158,20260914_u_158,generation_success,智能问答,v2,web
2026-09-14,u_158,20260914_u_158,feature_click,智能问答,v2,web
2026-09-14,u_160,20260914_u_160,page_view,表格分析,v2,desktop
2026-09-14,u_160,20260914_u_160,prompt_submit,表格分析,v2,desktop
2026-09-14,u_160,20260914_u_160,generation_success,表格分析,v2,desktop
2026-09-14,u_160,20260914_u_160,feature_click,表格分析,v2,desktop
2026-09-14,u_161,20260914_u_161,page_view,文案生成,v1,web
2026-09-14,u_161,20260914_u_161,prompt_submit,文案生成,v1,web
2026-09-14,u_162,20260914_u_162,page_view,表格分析,v2,desktop
2026-09-14,u_162,20260914_u_162,prompt_submit,表格分析,v2,desktop
2026-09-14,u_162,20260914_u_162,generation_success,表格分析,v2,desktop
2026-09-14,u_162,20260914_u_162,result_adopt,表格分析,v2,desktop
2026-09-14,u_162,20260914_u_162,feature_click,表格分析,v2,desktop
2026-09-14,u_163,20260914_u_163,page_view,智能问答,v1,web
2026-09-14,u_165,20260914_u_165,page_view,表格分析,v2,web
2026-09-14,u_165,20260914_u_165,prompt_submit,表格分析,v2,web
2026-09-14,u_165,20260914_u_165,generation_success,表格分析,v2,web
2026-09-14,u_166,20260914_u_166,page_view,智能问答,v2,web
2026-09-14,u_167,20260914_u_167,page_view,文案生成,v2,web
2026-09-14,u_167,20260914_u_167,prompt_submit,文案生成,v2,web
2026-09-14,u_167,20260914_u_167,generation_success,文案生成,v2,web
2026-09-14,u_167,20260914_u_167,result_adopt,文案生成,v2,web
2026-09-14,u_167,20260914_u_167,feature_click,文案生成,v2,web
2026-09-14,u_168,20260914_u_168,page_view,表格分析,v2,desktop
2026-09-14,u_168,20260914_u_168,prompt_submit,表格分析,v2,desktop
2026-09-14,u_168,20260914_u_168,generation_success,表格分析,v2,desktop
2026-09-14,u_169,20260914_u_169,page_view,智能问答,v1,web
2026-09-14,u_169,20260914_u_169,prompt_submit,智能问答,v1,web
2026-09-14,u_169,20260914_u_169,generation_success,智能问答,v1,web
2026-09-14,u_169,20260914_u_169,feature_click,智能问答,v1,web
2026-09-14,u_170,20260914_u_170,page_view,表格分析,v2,desktop
2026-09-14,u_170,20260914_u_170,prompt_submit,表格分析,v2,desktop
2026-09-14,u_170,20260914_u_170,generation_success,表格分析,v2,desktop
2026-09-14,u_170,20260914_u_170,result_adopt,表格分析,v2,desktop
2026-09-14,u_170,20260914_u_170,feature_click,表格分析,v2,desktop
2026-09-14,u_171,20260914_u_171,page_view,表格分析,v2,desktop
2026-09-14,u_171,20260914_u_171,prompt_submit,表格分析,v2,desktop
2026-09-14,u_172,20260914_u_172,page_view,文案生成,v2,web
2026-09-14,u_173,20260914_u_173,page_view,智能问答,v1,desktop
2026-09-14,u_173,20260914_u_173,prompt_submit,智能问答,v1,desktop
2026-09-14,u_173,20260914_u_173,generation_success,智能问答,v1,desktop
2026-09-14,u_173,20260914_u_173,feature_click,智能问答,v1,desktop
2026-09-14,u_175,20260914_u_175,page_view,文案生成,v2,web
2026-09-14,u_175,20260914_u_175,prompt_submit,文案生成,v2,web
2026-09-14,u_175,20260914_u_175,generation_success,文案生成,v2,web
2026-09-14,u_175,20260914_u_175,feature_click,文案生成,v2,web
2026-09-14,u_177,20260914_u_177,page_view,文案生成,v2,desktop
2026-09-14,u_177,20260914_u_177,prompt_submit,文案生成,v2,desktop
2026-09-14,u_177,20260914_u_177,generation_success,文案生成,v2,desktop
2026-09-14,u_177,20260914_u_177,result_adopt,文案生成,v2,desktop
